[0.000000] (-) TimerEvent: {}
[0.000131] (cra_description) JobQueued: {'identifier': 'cra_description', 'dependencies': OrderedDict()}
[0.000150] (dobot_demo) JobQueued: {'identifier': 'dobot_demo', 'dependencies': OrderedDict()}
[0.000160] (dobot_moveit) JobQueued: {'identifier': 'dobot_moveit', 'dependencies': OrderedDict()}
[0.000307] (dobot_msgs_v4) JobQueued: {'identifier': 'dobot_msgs_v4', 'dependencies': OrderedDict()}
[0.000318] (dobot_rviz) JobQueued: {'identifier': 'dobot_rviz', 'dependencies': OrderedDict()}
[0.000426] (servo_action) JobQueued: {'identifier': 'servo_action', 'dependencies': OrderedDict()}
[0.000437] (cr3_moveit) JobQueued: {'identifier': 'cr3_moveit', 'dependencies': OrderedDict([('dobot_rviz', '/home/michael/dobot_ws/src/install/dobot_rviz')])}
[0.000448] (cr_robot_ros2) JobQueued: {'identifier': 'cr_robot_ros2', 'dependencies': OrderedDict([('dobot_msgs_v4', '/home/michael/dobot_ws/src/install/dobot_msgs_v4')])}
[0.000455] (dobot_gazebo) JobQueued: {'identifier': 'dobot_gazebo', 'dependencies': OrderedDict([('cra_description', '/home/michael/dobot_ws/src/install/cra_description')])}
[0.000462] (cra_description) JobStarted: {'identifier': 'cra_description'}
[0.005002] (dobot_msgs_v4) JobStarted: {'identifier': 'dobot_msgs_v4'}
[0.014967] (cra_description) JobProgress: {'identifier': 'cra_description', 'progress': 'cmake'}
[0.015014] (cra_description) JobProgress: {'identifier': 'cra_description', 'progress': 'build'}
[0.015040] (cra_description) Command: {'cmd': ['/usr/bin/cmake', '--build', '/home/michael/dobot_ws/src/build/cra_description', '--', '-j2', '-l2'], 'cwd': '/home/michael/dobot_ws/src/build/cra_description', 'env': OrderedDict([('LESSOPEN', '| /usr/bin/lesspipe %s'), ('USER', 'michael'), ('XDG_SESSION_TYPE', 'wayland'), ('SHLVL', '1'), ('LD_LIBRARY_PATH', '/home/michael/dobot_ws/install/dobot_msgs_v4/lib:/usr/lib/x86_64-linux-gnu/gazebo-11/plugins:/opt/ros/humble/opt/rviz_ogre_vendor/lib:/opt/ros/humble/lib/x86_64-linux-gnu:/opt/ros/humble/lib'), ('HOME', '/home/michael'), ('OLDPWD', '/home/michael/dobot_ws'), ('DESKTOP_SESSION', 'ubuntu'), ('ROS_PYTHON_VERSION', '3'), ('GNOME_SHELL_SESSION_MODE', 'ubuntu'), ('GTK_MODULES', 'gail:atk-bridge'), ('DOBOT_TYPE', 'cr3'), ('SYSTEMD_EXEC_PID', '1277'), ('DBUS_SESSION_BUS_ADDRESS', 'unix:path=/run/user/1000/bus'), ('COLORTERM', 'truecolor'), ('IP_address', '192.168.5.1'), ('IM_CONFIG_PHASE', '1'), ('WAYLAND_DISPLAY', 'wayland-0'), ('COLCON_PREFIX_PATH', '/home/michael/dobot_ws/install'), ('ROS_DISTRO', 'humble'), ('LOGNAME', 'michael'), ('_', '/usr/bin/colcon'), ('ROS_VERSION', '2'), ('XDG_SESSION_CLASS', 'user'), ('USERNAME', 'michael'), ('TERM', 'xterm-256color'), ('GNOME_DESKTOP_SESSION_ID', 'this-is-deprecated'), ('ROS_LOCALHOST_ONLY', '0'), ('PATH', '/opt/ros/humble/bin:/home/michael/.local/bin:/usr/local/sbin:/usr/local/bin:/usr/sbin:/usr/bin:/sbin:/bin:/usr/games:/usr/local/games:/snap/bin:/snap/bin'), ('SESSION_MANAGER', 'local/michael-virtual-machine:@/tmp/.ICE-unix/1215,unix/michael-virtual-machine:/tmp/.ICE-unix/1215'), ('XDG_MENU_PREFIX', 'gnome-'), ('GNOME_TERMINAL_SCREEN', '/org/gnome/Terminal/screen/305fc0b6_e443_4417_9486_018d269c2fe7'), ('GNOME_SETUP_DISPLAY', ':1'), ('XDG_RUNTIME_DIR', '/run/user/1000'), ('DISPLAY', ':0'), ('LANG', 'en_US.UTF-8'), ('XDG_CURRENT_DESKTOP', 'ubuntu:GNOME'), ('XMODIFIERS', '@im=ibus'), ('XDG_SESSION_DESKTOP', 'ubuntu'), ('XAUTHORITY', '/run/user/1000/.mutter-Xwaylandauth.06SSO3'), ('LS_COLORS', 'rs=0:di=01;34:ln=01;36:mh=00:pi=40;33:so=01;35:do=01;35:bd=40;33;01:cd=40;33;01:or=40;31;01:mi=00:su=37;41:sg=30;43:ca=30;41:tw=30;42:ow=34;42:st=37;44:ex=01;32:*.tar=01;31:*.tgz=01;31:*.arc=01;31:*.arj=01;31:*.taz=01;31:*.lha=01;31:*.lz4=01;31:*.lzh=01;31:*.lzma=01;31:*.tlz=01;31:*.txz=01;31:*.tzo=01;31:*.t7z=01;31:*.zip=01;31:*.z=01;31:*.dz=01;31:*.gz=01;31:*.lrz=01;31:*.lz=01;31:*.lzo=01;31:*.xz=01;31:*.zst=01;31:*.tzst=01;31:*.bz2=01;31:*.bz=01;31:*.tbz=01;31:*.tbz2=01;31:*.tz=01;31:*.deb=01;31:*.rpm=01;31:*.jar=01;31:*.war=01;31:*.ear=01;31:*.sar=01;31:*.rar=01;31:*.alz=01;31:*.ace=01;31:*.zoo=01;31:*.cpio=01;31:*.7z=01;31:*.rz=01;31:*.cab=01;31:*.wim=01;31:*.swm=01;31:*.dwm=01;31:*.esd=01;31:*.jpg=01;35:*.jpeg=01;35:*.mjpg=01;35:*.mjpeg=01;35:*.gif=01;35:*.bmp=01;35:*.pbm=01;35:*.pgm=01;35:*.ppm=01;35:*.tga=01;35:*.xbm=01;35:*.xpm=01;35:*.tif=01;35:*.tiff=01;35:*.png=01;35:*.svg=01;35:*.svgz=01;35:*.mng=01;35:*.pcx=01;35:*.mov=01;35:*.mpg=01;35:*.mpeg=01;35:*.m2v=01;35:*.mkv=01;35:*.webm=01;35:*.webp=01;35:*.ogm=01;35:*.mp4=01;35:*.m4v=01;35:*.mp4v=01;35:*.vob=01;35:*.qt=01;35:*.nuv=01;35:*.wmv=01;35:*.asf=01;35:*.rm=01;35:*.rmvb=01;35:*.flc=01;35:*.avi=01;35:*.fli=01;35:*.flv=01;35:*.gl=01;35:*.dl=01;35:*.xcf=01;35:*.xwd=01;35:*.yuv=01;35:*.cgm=01;35:*.emf=01;35:*.ogv=01;35:*.ogx=01;35:*.aac=00;36:*.au=00;36:*.flac=00;36:*.m4a=00;36:*.mid=00;36:*.midi=00;36:*.mka=00;36:*.mp3=00;36:*.mpc=00;36:*.ogg=00;36:*.ra=00;36:*.wav=00;36:*.oga=00;36:*.opus=00;36:*.spx=00;36:*.xspf=00;36:'), ('GNOME_TERMINAL_SERVICE', ':1.102'), ('SSH_AGENT_LAUNCHER', 'gnome-keyring'), ('SSH_AUTH_SOCK', '/run/user/1000/keyring/ssh'), ('AMENT_PREFIX_PATH', '/home/michael/dobot_ws/install/servo_action:/home/michael/dobot_ws/install/nova5_moveit:/home/michael/dobot_ws/install/nova2_moveit:/home/michael/dobot_ws/install/me6_moveit:/home/michael/dobot_ws/install/cr7_moveit:/home/michael/dobot_ws/install/cr5_moveit:/home/michael/dobot_ws/install/cr3_moveit:/home/michael/dobot_ws/install/cr30h_moveit:/home/michael/dobot_ws/install/cr20_moveit:/home/michael/dobot_ws/install/cr16_moveit:/home/michael/dobot_ws/install/cr12_moveit:/home/michael/dobot_ws/install/cr10af_moveit:/home/michael/dobot_ws/install/cr10_moveit:/home/michael/dobot_ws/install/dobot_rviz:/home/michael/dobot_ws/install/cr_robot_ros2:/home/michael/dobot_ws/install/dobot_msgs_v4:/home/michael/dobot_ws/install/dobot_moveit:/home/michael/dobot_ws/install/dobot_gazebo:/home/michael/dobot_ws/install/dobot_demo:/home/michael/dobot_ws/install/cra_description:/opt/ros/humble'), ('SHELL', '/bin/bash'), ('QT_ACCESSIBILITY', '1'), ('GDMSESSION', 'ubuntu'), ('LESSCLOSE', '/usr/bin/lesspipe %s %s'), ('QT_IM_MODULE', 'ibus'), ('PWD', '/home/michael/dobot_ws/src/build/cra_description'), ('LC_ALL', 'en_US.UTF-8'), ('XDG_CONFIG_DIRS', '/etc/xdg/xdg-ubuntu:/etc/xdg'), ('XDG_DATA_DIRS', '/usr/share/ubuntu:/usr/local/share/:/usr/share/:/var/lib/snapd/desktop'), ('PYTHONPATH', '/home/michael/dobot_ws/install/servo_action/lib/python3.10/site-packages:/home/michael/dobot_ws/install/dobot_msgs_v4/local/lib/python3.10/dist-packages:/home/michael/dobot_ws/install/dobot_moveit/lib/python3.10/site-packages:/home/michael/dobot_ws/install/dobot_demo/lib/python3.10/site-packages:/opt/ros/humble/lib/python3.10/site-packages:/opt/ros/humble/local/lib/python3.10/dist-packages'), ('COLCON', '1'), ('VTE_VERSION', '6800'), ('CMAKE_PREFIX_PATH', '/home/michael/dobot_ws/install/nova5_moveit:/home/michael/dobot_ws/install/nova2_moveit:/home/michael/dobot_ws/install/me6_moveit:/home/michael/dobot_ws/install/cr7_moveit:/home/michael/dobot_ws/install/cr5_moveit:/home/michael/dobot_ws/install/cr3_moveit:/home/michael/dobot_ws/install/cr30h_moveit:/home/michael/dobot_ws/install/cr20_moveit:/home/michael/dobot_ws/install/cr16_moveit:/home/michael/dobot_ws/install/cr12_moveit:/home/michael/dobot_ws/install/cr10af_moveit:/home/michael/dobot_ws/install/cr10_moveit:/home/michael/dobot_ws/install/dobot_rviz:/home/michael/dobot_ws/install/cr_robot_ros2:/home/michael/dobot_ws/install/dobot_msgs_v4:/home/michael/dobot_ws/install/dobot_gazebo:/home/michael/dobot_ws/install/cra_description:/home/michael/dobot_ws/install/servo_action:/home/michael/dobot_ws/install/dobot_moveit:/home/michael/dobot_ws/install/dobot_demo:/opt/ros/humble')]), 'shell': False}
[0.018609] (dobot_msgs_v4) JobProgress: {'identifier': 'dobot_msgs_v4', 'progress': 'cmake'}
[0.019076] (dobot_msgs_v4) JobProgress: {'identifier': 'dobot_msgs_v4', 'progress': 'build'}
[0.020470] (dobot_msgs_v4) Command: {'cmd': ['/usr/bin/cmake', '--build', '/home/michael/dobot_ws/src/build/dobot_msgs_v4', '--', '-j2', '-l2'], 'cwd': '/home/michael/dobot_ws/src/build/dobot_msgs_v4', 'env': OrderedDict([('LESSOPEN', '| /usr/bin/lesspipe %s'), ('USER', 'michael'), ('XDG_SESSION_TYPE', 'wayland'), ('SHLVL', '1'), ('LD_LIBRARY_PATH', '/home/michael/dobot_ws/install/dobot_msgs_v4/lib:/usr/lib/x86_64-linux-gnu/gazebo-11/plugins:/opt/ros/humble/opt/rviz_ogre_vendor/lib:/opt/ros/humble/lib/x86_64-linux-gnu:/opt/ros/humble/lib'), ('HOME', '/home/michael'), ('OLDPWD', '/home/michael/dobot_ws'), ('DESKTOP_SESSION', 'ubuntu'), ('ROS_PYTHON_VERSION', '3'), ('GNOME_SHELL_SESSION_MODE', 'ubuntu'), ('GTK_MODULES', 'gail:atk-bridge'), ('DOBOT_TYPE', 'cr3'), ('SYSTEMD_EXEC_PID', '1277'), ('DBUS_SESSION_BUS_ADDRESS', 'unix:path=/run/user/1000/bus'), ('COLORTERM', 'truecolor'), ('IP_address', '192.168.5.1'), ('IM_CONFIG_PHASE', '1'), ('WAYLAND_DISPLAY', 'wayland-0'), ('COLCON_PREFIX_PATH', '/home/michael/dobot_ws/install'), ('ROS_DISTRO', 'humble'), ('LOGNAME', 'michael'), ('_', '/usr/bin/colcon'), ('ROS_VERSION', '2'), ('XDG_SESSION_CLASS', 'user'), ('USERNAME', 'michael'), ('TERM', 'xterm-256color'), ('GNOME_DESKTOP_SESSION_ID', 'this-is-deprecated'), ('ROS_LOCALHOST_ONLY', '0'), ('PATH', '/opt/ros/humble/bin:/home/michael/.local/bin:/usr/local/sbin:/usr/local/bin:/usr/sbin:/usr/bin:/sbin:/bin:/usr/games:/usr/local/games:/snap/bin:/snap/bin'), ('SESSION_MANAGER', 'local/michael-virtual-machine:@/tmp/.ICE-unix/1215,unix/michael-virtual-machine:/tmp/.ICE-unix/1215'), ('XDG_MENU_PREFIX', 'gnome-'), ('GNOME_TERMINAL_SCREEN', '/org/gnome/Terminal/screen/305fc0b6_e443_4417_9486_018d269c2fe7'), ('GNOME_SETUP_DISPLAY', ':1'), ('XDG_RUNTIME_DIR', '/run/user/1000'), ('DISPLAY', ':0'), ('LANG', 'en_US.UTF-8'), ('XDG_CURRENT_DESKTOP', 'ubuntu:GNOME'), ('XMODIFIERS', '@im=ibus'), ('XDG_SESSION_DESKTOP', 'ubuntu'), ('XAUTHORITY', '/run/user/1000/.mutter-Xwaylandauth.06SSO3'), ('LS_COLORS', 'rs=0:di=01;34:ln=01;36:mh=00:pi=40;33:so=01;35:do=01;35:bd=40;33;01:cd=40;33;01:or=40;31;01:mi=00:su=37;41:sg=30;43:ca=30;41:tw=30;42:ow=34;42:st=37;44:ex=01;32:*.tar=01;31:*.tgz=01;31:*.arc=01;31:*.arj=01;31:*.taz=01;31:*.lha=01;31:*.lz4=01;31:*.lzh=01;31:*.lzma=01;31:*.tlz=01;31:*.txz=01;31:*.tzo=01;31:*.t7z=01;31:*.zip=01;31:*.z=01;31:*.dz=01;31:*.gz=01;31:*.lrz=01;31:*.lz=01;31:*.lzo=01;31:*.xz=01;31:*.zst=01;31:*.tzst=01;31:*.bz2=01;31:*.bz=01;31:*.tbz=01;31:*.tbz2=01;31:*.tz=01;31:*.deb=01;31:*.rpm=01;31:*.jar=01;31:*.war=01;31:*.ear=01;31:*.sar=01;31:*.rar=01;31:*.alz=01;31:*.ace=01;31:*.zoo=01;31:*.cpio=01;31:*.7z=01;31:*.rz=01;31:*.cab=01;31:*.wim=01;31:*.swm=01;31:*.dwm=01;31:*.esd=01;31:*.jpg=01;35:*.jpeg=01;35:*.mjpg=01;35:*.mjpeg=01;35:*.gif=01;35:*.bmp=01;35:*.pbm=01;35:*.pgm=01;35:*.ppm=01;35:*.tga=01;35:*.xbm=01;35:*.xpm=01;35:*.tif=01;35:*.tiff=01;35:*.png=01;35:*.svg=01;35:*.svgz=01;35:*.mng=01;35:*.pcx=01;35:*.mov=01;35:*.mpg=01;35:*.mpeg=01;35:*.m2v=01;35:*.mkv=01;35:*.webm=01;35:*.webp=01;35:*.ogm=01;35:*.mp4=01;35:*.m4v=01;35:*.mp4v=01;35:*.vob=01;35:*.qt=01;35:*.nuv=01;35:*.wmv=01;35:*.asf=01;35:*.rm=01;35:*.rmvb=01;35:*.flc=01;35:*.avi=01;35:*.fli=01;35:*.flv=01;35:*.gl=01;35:*.dl=01;35:*.xcf=01;35:*.xwd=01;35:*.yuv=01;35:*.cgm=01;35:*.emf=01;35:*.ogv=01;35:*.ogx=01;35:*.aac=00;36:*.au=00;36:*.flac=00;36:*.m4a=00;36:*.mid=00;36:*.midi=00;36:*.mka=00;36:*.mp3=00;36:*.mpc=00;36:*.ogg=00;36:*.ra=00;36:*.wav=00;36:*.oga=00;36:*.opus=00;36:*.spx=00;36:*.xspf=00;36:'), ('GNOME_TERMINAL_SERVICE', ':1.102'), ('SSH_AGENT_LAUNCHER', 'gnome-keyring'), ('SSH_AUTH_SOCK', '/run/user/1000/keyring/ssh'), ('AMENT_PREFIX_PATH', '/home/michael/dobot_ws/install/servo_action:/home/michael/dobot_ws/install/nova5_moveit:/home/michael/dobot_ws/install/nova2_moveit:/home/michael/dobot_ws/install/me6_moveit:/home/michael/dobot_ws/install/cr7_moveit:/home/michael/dobot_ws/install/cr5_moveit:/home/michael/dobot_ws/install/cr3_moveit:/home/michael/dobot_ws/install/cr30h_moveit:/home/michael/dobot_ws/install/cr20_moveit:/home/michael/dobot_ws/install/cr16_moveit:/home/michael/dobot_ws/install/cr12_moveit:/home/michael/dobot_ws/install/cr10af_moveit:/home/michael/dobot_ws/install/cr10_moveit:/home/michael/dobot_ws/install/dobot_rviz:/home/michael/dobot_ws/install/cr_robot_ros2:/home/michael/dobot_ws/install/dobot_msgs_v4:/home/michael/dobot_ws/install/dobot_moveit:/home/michael/dobot_ws/install/dobot_gazebo:/home/michael/dobot_ws/install/dobot_demo:/home/michael/dobot_ws/install/cra_description:/opt/ros/humble'), ('SHELL', '/bin/bash'), ('QT_ACCESSIBILITY', '1'), ('GDMSESSION', 'ubuntu'), ('LESSCLOSE', '/usr/bin/lesspipe %s %s'), ('QT_IM_MODULE', 'ibus'), ('PWD', '/home/michael/dobot_ws/src/build/dobot_msgs_v4'), ('LC_ALL', 'en_US.UTF-8'), ('XDG_CONFIG_DIRS', '/etc/xdg/xdg-ubuntu:/etc/xdg'), ('XDG_DATA_DIRS', '/usr/share/ubuntu:/usr/local/share/:/usr/share/:/var/lib/snapd/desktop'), ('PYTHONPATH', '/home/michael/dobot_ws/install/servo_action/lib/python3.10/site-packages:/home/michael/dobot_ws/install/dobot_msgs_v4/local/lib/python3.10/dist-packages:/home/michael/dobot_ws/install/dobot_moveit/lib/python3.10/site-packages:/home/michael/dobot_ws/install/dobot_demo/lib/python3.10/site-packages:/opt/ros/humble/lib/python3.10/site-packages:/opt/ros/humble/local/lib/python3.10/dist-packages'), ('COLCON', '1'), ('VTE_VERSION', '6800'), ('CMAKE_PREFIX_PATH', '/home/michael/dobot_ws/install/nova5_moveit:/home/michael/dobot_ws/install/nova2_moveit:/home/michael/dobot_ws/install/me6_moveit:/home/michael/dobot_ws/install/cr7_moveit:/home/michael/dobot_ws/install/cr5_moveit:/home/michael/dobot_ws/install/cr3_moveit:/home/michael/dobot_ws/install/cr30h_moveit:/home/michael/dobot_ws/install/cr20_moveit:/home/michael/dobot_ws/install/cr16_moveit:/home/michael/dobot_ws/install/cr12_moveit:/home/michael/dobot_ws/install/cr10af_moveit:/home/michael/dobot_ws/install/cr10_moveit:/home/michael/dobot_ws/install/dobot_rviz:/home/michael/dobot_ws/install/cr_robot_ros2:/home/michael/dobot_ws/install/dobot_msgs_v4:/home/michael/dobot_ws/install/dobot_gazebo:/home/michael/dobot_ws/install/cra_description:/home/michael/dobot_ws/install/servo_action:/home/michael/dobot_ws/install/dobot_moveit:/home/michael/dobot_ws/install/dobot_demo:/opt/ros/humble')]), 'shell': False}
[0.057913] (cra_description) CommandEnded: {'returncode': 0}
[0.058620] (cra_description) JobProgress: {'identifier': 'cra_description', 'progress': 'install'}
[0.065372] (cra_description) Command: {'cmd': ['/usr/bin/cmake', '--install', '/home/michael/dobot_ws/src/build/cra_description'], 'cwd': '/home/michael/dobot_ws/src/build/cra_description', 'env': OrderedDict([('LESSOPEN', '| /usr/bin/lesspipe %s'), ('USER', 'michael'), ('XDG_SESSION_TYPE', 'wayland'), ('SHLVL', '1'), ('LD_LIBRARY_PATH', '/home/michael/dobot_ws/install/dobot_msgs_v4/lib:/usr/lib/x86_64-linux-gnu/gazebo-11/plugins:/opt/ros/humble/opt/rviz_ogre_vendor/lib:/opt/ros/humble/lib/x86_64-linux-gnu:/opt/ros/humble/lib'), ('HOME', '/home/michael'), ('OLDPWD', '/home/michael/dobot_ws'), ('DESKTOP_SESSION', 'ubuntu'), ('ROS_PYTHON_VERSION', '3'), ('GNOME_SHELL_SESSION_MODE', 'ubuntu'), ('GTK_MODULES', 'gail:atk-bridge'), ('DOBOT_TYPE', 'cr3'), ('SYSTEMD_EXEC_PID', '1277'), ('DBUS_SESSION_BUS_ADDRESS', 'unix:path=/run/user/1000/bus'), ('COLORTERM', 'truecolor'), ('IP_address', '192.168.5.1'), ('IM_CONFIG_PHASE', '1'), ('WAYLAND_DISPLAY', 'wayland-0'), ('COLCON_PREFIX_PATH', '/home/michael/dobot_ws/install'), ('ROS_DISTRO', 'humble'), ('LOGNAME', 'michael'), ('_', '/usr/bin/colcon'), ('ROS_VERSION', '2'), ('XDG_SESSION_CLASS', 'user'), ('USERNAME', 'michael'), ('TERM', 'xterm-256color'), ('GNOME_DESKTOP_SESSION_ID', 'this-is-deprecated'), ('ROS_LOCALHOST_ONLY', '0'), ('PATH', '/opt/ros/humble/bin:/home/michael/.local/bin:/usr/local/sbin:/usr/local/bin:/usr/sbin:/usr/bin:/sbin:/bin:/usr/games:/usr/local/games:/snap/bin:/snap/bin'), ('SESSION_MANAGER', 'local/michael-virtual-machine:@/tmp/.ICE-unix/1215,unix/michael-virtual-machine:/tmp/.ICE-unix/1215'), ('XDG_MENU_PREFIX', 'gnome-'), ('GNOME_TERMINAL_SCREEN', '/org/gnome/Terminal/screen/305fc0b6_e443_4417_9486_018d269c2fe7'), ('GNOME_SETUP_DISPLAY', ':1'), ('XDG_RUNTIME_DIR', '/run/user/1000'), ('DISPLAY', ':0'), ('LANG', 'en_US.UTF-8'), ('XDG_CURRENT_DESKTOP', 'ubuntu:GNOME'), ('XMODIFIERS', '@im=ibus'), ('XDG_SESSION_DESKTOP', 'ubuntu'), ('XAUTHORITY', '/run/user/1000/.mutter-Xwaylandauth.06SSO3'), ('LS_COLORS', 'rs=0:di=01;34:ln=01;36:mh=00:pi=40;33:so=01;35:do=01;35:bd=40;33;01:cd=40;33;01:or=40;31;01:mi=00:su=37;41:sg=30;43:ca=30;41:tw=30;42:ow=34;42:st=37;44:ex=01;32:*.tar=01;31:*.tgz=01;31:*.arc=01;31:*.arj=01;31:*.taz=01;31:*.lha=01;31:*.lz4=01;31:*.lzh=01;31:*.lzma=01;31:*.tlz=01;31:*.txz=01;31:*.tzo=01;31:*.t7z=01;31:*.zip=01;31:*.z=01;31:*.dz=01;31:*.gz=01;31:*.lrz=01;31:*.lz=01;31:*.lzo=01;31:*.xz=01;31:*.zst=01;31:*.tzst=01;31:*.bz2=01;31:*.bz=01;31:*.tbz=01;31:*.tbz2=01;31:*.tz=01;31:*.deb=01;31:*.rpm=01;31:*.jar=01;31:*.war=01;31:*.ear=01;31:*.sar=01;31:*.rar=01;31:*.alz=01;31:*.ace=01;31:*.zoo=01;31:*.cpio=01;31:*.7z=01;31:*.rz=01;31:*.cab=01;31:*.wim=01;31:*.swm=01;31:*.dwm=01;31:*.esd=01;31:*.jpg=01;35:*.jpeg=01;35:*.mjpg=01;35:*.mjpeg=01;35:*.gif=01;35:*.bmp=01;35:*.pbm=01;35:*.pgm=01;35:*.ppm=01;35:*.tga=01;35:*.xbm=01;35:*.xpm=01;35:*.tif=01;35:*.tiff=01;35:*.png=01;35:*.svg=01;35:*.svgz=01;35:*.mng=01;35:*.pcx=01;35:*.mov=01;35:*.mpg=01;35:*.mpeg=01;35:*.m2v=01;35:*.mkv=01;35:*.webm=01;35:*.webp=01;35:*.ogm=01;35:*.mp4=01;35:*.m4v=01;35:*.mp4v=01;35:*.vob=01;35:*.qt=01;35:*.nuv=01;35:*.wmv=01;35:*.asf=01;35:*.rm=01;35:*.rmvb=01;35:*.flc=01;35:*.avi=01;35:*.fli=01;35:*.flv=01;35:*.gl=01;35:*.dl=01;35:*.xcf=01;35:*.xwd=01;35:*.yuv=01;35:*.cgm=01;35:*.emf=01;35:*.ogv=01;35:*.ogx=01;35:*.aac=00;36:*.au=00;36:*.flac=00;36:*.m4a=00;36:*.mid=00;36:*.midi=00;36:*.mka=00;36:*.mp3=00;36:*.mpc=00;36:*.ogg=00;36:*.ra=00;36:*.wav=00;36:*.oga=00;36:*.opus=00;36:*.spx=00;36:*.xspf=00;36:'), ('GNOME_TERMINAL_SERVICE', ':1.102'), ('SSH_AGENT_LAUNCHER', 'gnome-keyring'), ('SSH_AUTH_SOCK', '/run/user/1000/keyring/ssh'), ('AMENT_PREFIX_PATH', '/home/michael/dobot_ws/install/servo_action:/home/michael/dobot_ws/install/nova5_moveit:/home/michael/dobot_ws/install/nova2_moveit:/home/michael/dobot_ws/install/me6_moveit:/home/michael/dobot_ws/install/cr7_moveit:/home/michael/dobot_ws/install/cr5_moveit:/home/michael/dobot_ws/install/cr3_moveit:/home/michael/dobot_ws/install/cr30h_moveit:/home/michael/dobot_ws/install/cr20_moveit:/home/michael/dobot_ws/install/cr16_moveit:/home/michael/dobot_ws/install/cr12_moveit:/home/michael/dobot_ws/install/cr10af_moveit:/home/michael/dobot_ws/install/cr10_moveit:/home/michael/dobot_ws/install/dobot_rviz:/home/michael/dobot_ws/install/cr_robot_ros2:/home/michael/dobot_ws/install/dobot_msgs_v4:/home/michael/dobot_ws/install/dobot_moveit:/home/michael/dobot_ws/install/dobot_gazebo:/home/michael/dobot_ws/install/dobot_demo:/home/michael/dobot_ws/install/cra_description:/opt/ros/humble'), ('SHELL', '/bin/bash'), ('QT_ACCESSIBILITY', '1'), ('GDMSESSION', 'ubuntu'), ('LESSCLOSE', '/usr/bin/lesspipe %s %s'), ('QT_IM_MODULE', 'ibus'), ('PWD', '/home/michael/dobot_ws/src/build/cra_description'), ('LC_ALL', 'en_US.UTF-8'), ('XDG_CONFIG_DIRS', '/etc/xdg/xdg-ubuntu:/etc/xdg'), ('XDG_DATA_DIRS', '/usr/share/ubuntu:/usr/local/share/:/usr/share/:/var/lib/snapd/desktop'), ('PYTHONPATH', '/home/michael/dobot_ws/install/servo_action/lib/python3.10/site-packages:/home/michael/dobot_ws/install/dobot_msgs_v4/local/lib/python3.10/dist-packages:/home/michael/dobot_ws/install/dobot_moveit/lib/python3.10/site-packages:/home/michael/dobot_ws/install/dobot_demo/lib/python3.10/site-packages:/opt/ros/humble/lib/python3.10/site-packages:/opt/ros/humble/local/lib/python3.10/dist-packages'), ('COLCON', '1'), ('VTE_VERSION', '6800'), ('CMAKE_PREFIX_PATH', '/home/michael/dobot_ws/install/nova5_moveit:/home/michael/dobot_ws/install/nova2_moveit:/home/michael/dobot_ws/install/me6_moveit:/home/michael/dobot_ws/install/cr7_moveit:/home/michael/dobot_ws/install/cr5_moveit:/home/michael/dobot_ws/install/cr3_moveit:/home/michael/dobot_ws/install/cr30h_moveit:/home/michael/dobot_ws/install/cr20_moveit:/home/michael/dobot_ws/install/cr16_moveit:/home/michael/dobot_ws/install/cr12_moveit:/home/michael/dobot_ws/install/cr10af_moveit:/home/michael/dobot_ws/install/cr10_moveit:/home/michael/dobot_ws/install/dobot_rviz:/home/michael/dobot_ws/install/cr_robot_ros2:/home/michael/dobot_ws/install/dobot_msgs_v4:/home/michael/dobot_ws/install/dobot_gazebo:/home/michael/dobot_ws/install/cra_description:/home/michael/dobot_ws/install/servo_action:/home/michael/dobot_ws/install/dobot_moveit:/home/michael/dobot_ws/install/dobot_demo:/opt/ros/humble')]), 'shell': False}
[0.074990] (cra_description) StdoutLine: {'line': b'-- Install configuration: ""\n'}
[0.075328] (cra_description) StdoutLine: {'line': b'-- Up-to-date: /home/michael/dobot_ws/src/install/cra_description/share/ament_index/resource_index/package_run_dependencies/cra_description\n'}
[0.075384] (cra_description) StdoutLine: {'line': b'-- Up-to-date: /home/michael/dobot_ws/src/install/cra_description/share/ament_index/resource_index/parent_prefix_path/cra_description\n'}
[0.075414] (cra_description) StdoutLine: {'line': b'-- Up-to-date: /home/michael/dobot_ws/src/install/cra_description/share/cra_description/environment/ament_prefix_path.sh\n'}
[0.075621] (cra_description) StdoutLine: {'line': b'-- Up-to-date: /home/michael/dobot_ws/src/install/cra_description/share/cra_description/environment/ament_prefix_path.dsv\n'}
[0.075656] (cra_description) StdoutLine: {'line': b'-- Up-to-date: /home/michael/dobot_ws/src/install/cra_description/share/cra_description/environment/path.sh\n'}
[0.075682] (cra_description) StdoutLine: {'line': b'-- Up-to-date: /home/michael/dobot_ws/src/install/cra_description/share/cra_description/environment/path.dsv\n'}
[0.075826] (cra_description) StdoutLine: {'line': b'-- Up-to-date: /home/michael/dobot_ws/src/install/cra_description/share/cra_description/local_setup.bash\n'}
[0.075858] (cra_description) StdoutLine: {'line': b'-- Up-to-date: /home/michael/dobot_ws/src/install/cra_description/share/cra_description/local_setup.sh\n'}
[0.075930] (cra_description) StdoutLine: {'line': b'-- Up-to-date: /home/michael/dobot_ws/src/install/cra_description/share/cra_description/local_setup.zsh\n'}
[0.075964] (cra_description) StdoutLine: {'line': b'-- Up-to-date: /home/michael/dobot_ws/src/install/cra_description/share/cra_description/local_setup.dsv\n'}
[0.075989] (cra_description) StdoutLine: {'line': b'-- Up-to-date: /home/michael/dobot_ws/src/install/cra_description/share/cra_description/package.dsv\n'}
[0.076012] (cra_description) StdoutLine: {'line': b'-- Up-to-date: /home/michael/dobot_ws/src/install/cra_description/share/ament_index/resource_index/packages/cra_description\n'}
[0.077004] (cra_description) StdoutLine: {'line': b'-- Up-to-date: /home/michael/dobot_ws/src/install/cra_description/share/cra_description/cmake/cra_descriptionConfig.cmake\n'}
[0.077040] (cra_description) StdoutLine: {'line': b'-- Up-to-date: /home/michael/dobot_ws/src/install/cra_description/share/cra_description/cmake/cra_descriptionConfig-version.cmake\n'}
[0.077066] (cra_description) StdoutLine: {'line': b'-- Up-to-date: /home/michael/dobot_ws/src/install/cra_description/share/cra_description/package.xml\n'}
[0.077224] (cra_description) StdoutLine: {'line': b'-- Up-to-date: /home/michael/dobot_ws/src/install/cra_description/share/cra_description/urdf\n'}
[0.077252] (cra_description) StdoutLine: {'line': b'-- Up-to-date: /home/michael/dobot_ws/src/install/cra_description/share/cra_description/urdf/cr5_robot.xacro\n'}
[0.077273] (cra_description) StdoutLine: {'line': b'-- Up-to-date: /home/michael/dobot_ws/src/install/cra_description/share/cra_description/urdf/cr12_robot.xacro\n'}
[0.077292] (cra_description) StdoutLine: {'line': b'-- Up-to-date: /home/michael/dobot_ws/src/install/cra_description/share/cra_description/urdf/cr10af_robot.xacro\n'}
[0.077311] (cra_description) StdoutLine: {'line': b'-- Up-to-date: /home/michael/dobot_ws/src/install/cra_description/share/cra_description/urdf/cr16_robot.xacro\n'}
[0.077329] (cra_description) StdoutLine: {'line': b'-- Up-to-date: /home/michael/dobot_ws/src/install/cra_description/share/cra_description/urdf/nova5_robot.xacro\n'}
[0.077347] (cra_description) StdoutLine: {'line': b'-- Up-to-date: /home/michael/dobot_ws/src/install/cra_description/share/cra_description/urdf/me6_robot.xacro\n'}
[0.077396] (cra_description) StdoutLine: {'line': b'-- Up-to-date: /home/michael/dobot_ws/src/install/cra_description/share/cra_description/urdf/nova2_robot.xacro\n'}
[0.077417] (cra_description) StdoutLine: {'line': b'-- Up-to-date: /home/michael/dobot_ws/src/install/cra_description/share/cra_description/urdf/cr20_robot.xacro\n'}
[0.077436] (cra_description) StdoutLine: {'line': b'-- Up-to-date: /home/michael/dobot_ws/src/install/cra_description/share/cra_description/urdf/cr3_robot.xacro\n'}
[0.077470] (cra_description) StdoutLine: {'line': b'-- Up-to-date: /home/michael/dobot_ws/src/install/cra_description/share/cra_description/urdf/cr10_robot.xacro\n'}
[0.077500] (cra_description) StdoutLine: {'line': b'-- Up-to-date: /home/michael/dobot_ws/src/install/cra_description/share/cra_description/urdf/cr30h_robot.xacro\n'}
[0.077532] (cra_description) StdoutLine: {'line': b'-- Up-to-date: /home/michael/dobot_ws/src/install/cra_description/share/cra_description/urdf/cr7_robot.xacro\n'}
[0.077552] (cra_description) StdoutLine: {'line': b'-- Up-to-date: /home/michael/dobot_ws/src/install/cra_description/share/cra_description/meshes\n'}
[0.077571] (cra_description) StdoutLine: {'line': b'-- Up-to-date: /home/michael/dobot_ws/src/install/cra_description/share/cra_description/meshes/nova2\n'}
[0.077589] (cra_description) StdoutLine: {'line': b'-- Up-to-date: /home/michael/dobot_ws/src/install/cra_description/share/cra_description/meshes/nova2/Link1.STL\n'}
[0.077607] (cra_description) StdoutLine: {'line': b'-- Up-to-date: /home/michael/dobot_ws/src/install/cra_description/share/cra_description/meshes/nova2/Link6.STL\n'}
[0.077625] (cra_description) StdoutLine: {'line': b'-- Up-to-date: /home/michael/dobot_ws/src/install/cra_description/share/cra_description/meshes/nova2/base_link.STL\n'}
[0.077643] (cra_description) StdoutLine: {'line': b'-- Up-to-date: /home/michael/dobot_ws/src/install/cra_description/share/cra_description/meshes/nova2/Link2.STL\n'}
[0.077661] (cra_description) StdoutLine: {'line': b'-- Up-to-date: /home/michael/dobot_ws/src/install/cra_description/share/cra_description/meshes/nova2/Link3.STL\n'}
[0.077679] (cra_description) StdoutLine: {'line': b'-- Up-to-date: /home/michael/dobot_ws/src/install/cra_description/share/cra_description/meshes/nova2/Link5.STL\n'}
[0.077697] (cra_description) StdoutLine: {'line': b'-- Up-to-date: /home/michael/dobot_ws/src/install/cra_description/share/cra_description/meshes/nova2/Link4.STL\n'}
[0.077748] (cra_description) StdoutLine: {'line': b'-- Up-to-date: /home/michael/dobot_ws/src/install/cra_description/share/cra_description/meshes/cr30h\n'}
[0.078805] (cra_description) StdoutLine: {'line': b'-- Up-to-date: /home/michael/dobot_ws/src/install/cra_description/share/cra_description/meshes/cr30h/Link1.STL\n'}
[0.078926] (cra_description) StdoutLine: {'line': b'-- Up-to-date: /home/michael/dobot_ws/src/install/cra_description/share/cra_description/meshes/cr30h/Link6.STL\n'}
[0.078974] (cra_description) StdoutLine: {'line': b'-- Up-to-date: /home/michael/dobot_ws/src/install/cra_description/share/cra_description/meshes/cr30h/base_link.STL\n'}
[0.079003] (cra_description) StdoutLine: {'line': b'-- Up-to-date: /home/michael/dobot_ws/src/install/cra_description/share/cra_description/meshes/cr30h/Link2.STL\n'}
[0.079029] (cra_description) StdoutLine: {'line': b'-- Up-to-date: /home/michael/dobot_ws/src/install/cra_description/share/cra_description/meshes/cr30h/Link3.STL\n'}
[0.079585] (cra_description) StdoutLine: {'line': b'-- Up-to-date: /home/michael/dobot_ws/src/install/cra_description/share/cra_description/meshes/cr30h/Link5.STL\n'}
[0.079621] (cra_description) StdoutLine: {'line': b'-- Up-to-date: /home/michael/dobot_ws/src/install/cra_description/share/cra_description/meshes/cr30h/Link4.STL\n'}
[0.079656] (cra_description) StdoutLine: {'line': b'-- Up-to-date: /home/michael/dobot_ws/src/install/cra_description/share/cra_description/meshes/cr10af\n'}
[0.079676] (cra_description) StdoutLine: {'line': b'-- Up-to-date: /home/michael/dobot_ws/src/install/cra_description/share/cra_description/meshes/cr10af/J5.STL\n'}
[0.079723] (cra_description) StdoutLine: {'line': b'-- Up-to-date: /home/michael/dobot_ws/src/install/cra_description/share/cra_description/meshes/cr10af/J2.STL\n'}
[0.079745] (cra_description) StdoutLine: {'line': b'-- Up-to-date: /home/michael/dobot_ws/src/install/cra_description/share/cra_description/meshes/cr10af/base_link.STL\n'}
[0.079765] (cra_description) StdoutLine: {'line': b'-- Up-to-date: /home/michael/dobot_ws/src/install/cra_description/share/cra_description/meshes/cr10af/J3.STL\n'}
[0.079784] (cra_description) StdoutLine: {'line': b'-- Up-to-date: /home/michael/dobot_ws/src/install/cra_description/share/cra_description/meshes/cr10af/J6.STL\n'}
[0.079803] (cra_description) StdoutLine: {'line': b'-- Up-to-date: /home/michael/dobot_ws/src/install/cra_description/share/cra_description/meshes/cr10af/J4.STL\n'}
[0.079821] (cra_description) StdoutLine: {'line': b'-- Up-to-date: /home/michael/dobot_ws/src/install/cra_description/share/cra_description/meshes/cr10af/J1.STL\n'}
[0.079840] (cra_description) StdoutLine: {'line': b'-- Up-to-date: /home/michael/dobot_ws/src/install/cra_description/share/cra_description/meshes/cr5\n'}
[0.079859] (cra_description) StdoutLine: {'line': b'-- Up-to-date: /home/michael/dobot_ws/src/install/cra_description/share/cra_description/meshes/cr5/J5.STL\n'}
[0.079877] (cra_description) StdoutLine: {'line': b'-- Up-to-date: /home/michael/dobot_ws/src/install/cra_description/share/cra_description/meshes/cr5/J2.STL\n'}
[0.079911] (cra_description) StdoutLine: {'line': b'-- Up-to-date: /home/michael/dobot_ws/src/install/cra_description/share/cra_description/meshes/cr5/base_link.STL\n'}
[0.079933] (cra_description) StdoutLine: {'line': b'-- Up-to-date: /home/michael/dobot_ws/src/install/cra_description/share/cra_description/meshes/cr5/J3.STL\n'}
[0.079953] (cra_description) StdoutLine: {'line': b'-- Up-to-date: /home/michael/dobot_ws/src/install/cra_description/share/cra_description/meshes/cr5/J6.STL\n'}
[0.079972] (cra_description) StdoutLine: {'line': b'-- Up-to-date: /home/michael/dobot_ws/src/install/cra_description/share/cra_description/meshes/cr5/J4.STL\n'}
[0.080007] (cra_description) StdoutLine: {'line': b'-- Up-to-date: /home/michael/dobot_ws/src/install/cra_description/share/cra_description/meshes/cr5/J1.STL\n'}
[0.080033] (cra_description) StdoutLine: {'line': b'-- Up-to-date: /home/michael/dobot_ws/src/install/cra_description/share/cra_description/meshes/cr7\n'}
[0.080054] (cra_description) StdoutLine: {'line': b'-- Up-to-date: /home/michael/dobot_ws/src/install/cra_description/share/cra_description/meshes/cr7/J5.STL\n'}
[0.080072] (cra_description) StdoutLine: {'line': b'-- Up-to-date: /home/michael/dobot_ws/src/install/cra_description/share/cra_description/meshes/cr7/J2.STL\n'}
[0.080091] (cra_description) StdoutLine: {'line': b'-- Up-to-date: /home/michael/dobot_ws/src/install/cra_description/share/cra_description/meshes/cr7/J3.STL\n'}
[0.080120] (cra_description) StdoutLine: {'line': b'-- Up-to-date: /home/michael/dobot_ws/src/install/cra_description/share/cra_description/meshes/cr7/J6.STL\n'}
[0.080146] (cra_description) StdoutLine: {'line': b'-- Up-to-date: /home/michael/dobot_ws/src/install/cra_description/share/cra_description/meshes/cr7/J4.STL\n'}
[0.080166] (cra_description) StdoutLine: {'line': b'-- Up-to-date: /home/michael/dobot_ws/src/install/cra_description/share/cra_description/meshes/cr7/J1.STL\n'}
[0.080184] (cra_description) StdoutLine: {'line': b'-- Up-to-date: /home/michael/dobot_ws/src/install/cra_description/share/cra_description/meshes/cr7/base_link0.STL\n'}
[0.080202] (cra_description) StdoutLine: {'line': b'-- Up-to-date: /home/michael/dobot_ws/src/install/cra_description/share/cra_description/meshes/nova5\n'}
[0.080219] (cra_description) StdoutLine: {'line': b'-- Up-to-date: /home/michael/dobot_ws/src/install/cra_description/share/cra_description/meshes/nova5/Link1.STL\n'}
[0.080237] (cra_description) StdoutLine: {'line': b'-- Up-to-date: /home/michael/dobot_ws/src/install/cra_description/share/cra_description/meshes/nova5/Link6.STL\n'}
[0.080277] (cra_description) StdoutLine: {'line': b'-- Up-to-date: /home/michael/dobot_ws/src/install/cra_description/share/cra_description/meshes/nova5/base_link.STL\n'}
[0.080299] (cra_description) StdoutLine: {'line': b'-- Up-to-date: /home/michael/dobot_ws/src/install/cra_description/share/cra_description/meshes/nova5/Link2.STL\n'}
[0.080318] (cra_description) StdoutLine: {'line': b'-- Up-to-date: /home/michael/dobot_ws/src/install/cra_description/share/cra_description/meshes/nova5/Link3.STL\n'}
[0.080369] (cra_description) StdoutLine: {'line': b'-- Up-to-date: /home/michael/dobot_ws/src/install/cra_description/share/cra_description/meshes/nova5/Link5.STL\n'}
[0.080402] (cra_description) StdoutLine: {'line': b'-- Up-to-date: /home/michael/dobot_ws/src/install/cra_description/share/cra_description/meshes/nova5/Link4.STL\n'}
[0.080432] (cra_description) StdoutLine: {'line': b'-- Up-to-date: /home/michael/dobot_ws/src/install/cra_description/share/cra_description/meshes/cr10\n'}
[0.080452] (cra_description) StdoutLine: {'line': b'-- Up-to-date: /home/michael/dobot_ws/src/install/cra_description/share/cra_description/meshes/cr10/Link1.STL\n'}
[0.080472] (cra_description) StdoutLine: {'line': b'-- Up-to-date: /home/michael/dobot_ws/src/install/cra_description/share/cra_description/meshes/cr10/Link6.STL\n'}
[0.081483] (cra_description) StdoutLine: {'line': b'-- Up-to-date: /home/michael/dobot_ws/src/install/cra_description/share/cra_description/meshes/cr10/base_link.STL\n'}
[0.081522] (cra_description) StdoutLine: {'line': b'-- Up-to-date: /home/michael/dobot_ws/src/install/cra_description/share/cra_description/meshes/cr10/Link2.STL\n'}
[0.081562] (cra_description) StdoutLine: {'line': b'-- Up-to-date: /home/michael/dobot_ws/src/install/cra_description/share/cra_description/meshes/cr10/Link3.STL\n'}
[0.081590] (cra_description) StdoutLine: {'line': b'-- Up-to-date: /home/michael/dobot_ws/src/install/cra_description/share/cra_description/meshes/cr10/Link5.STL\n'}
[0.081611] (cra_description) StdoutLine: {'line': b'-- Up-to-date: /home/michael/dobot_ws/src/install/cra_description/share/cra_description/meshes/cr10/Link4.STL\n'}
[0.081635] (cra_description) StdoutLine: {'line': b'-- Up-to-date: /home/michael/dobot_ws/src/install/cra_description/share/cra_description/meshes/cr16\n'}
[0.081654] (cra_description) StdoutLine: {'line': b'-- Up-to-date: /home/michael/dobot_ws/src/install/cra_description/share/cra_description/meshes/cr16/Link1.STL\n'}
[0.081673] (cra_description) StdoutLine: {'line': b'-- Up-to-date: /home/michael/dobot_ws/src/install/cra_description/share/cra_description/meshes/cr16/Link6.STL\n'}
[0.081690] (cra_description) StdoutLine: {'line': b'-- Up-to-date: /home/michael/dobot_ws/src/install/cra_description/share/cra_description/meshes/cr16/base_link.STL\n'}
[0.081709] (cra_description) StdoutLine: {'line': b'-- Up-to-date: /home/michael/dobot_ws/src/install/cra_description/share/cra_description/meshes/cr16/Link2.STL\n'}
[0.081726] (cra_description) StdoutLine: {'line': b'-- Up-to-date: /home/michael/dobot_ws/src/install/cra_description/share/cra_description/meshes/cr16/Link3.STL\n'}
[0.081743] (cra_description) StdoutLine: {'line': b'-- Up-to-date: /home/michael/dobot_ws/src/install/cra_description/share/cra_description/meshes/cr16/Link5.STL\n'}
[0.081760] (cra_description) StdoutLine: {'line': b'-- Up-to-date: /home/michael/dobot_ws/src/install/cra_description/share/cra_description/meshes/cr16/Link4.STL\n'}
[0.081777] (cra_description) StdoutLine: {'line': b'-- Up-to-date: /home/michael/dobot_ws/src/install/cra_description/share/cra_description/meshes/cr20\n'}
[0.081793] (cra_description) StdoutLine: {'line': b'-- Up-to-date: /home/michael/dobot_ws/src/install/cra_description/share/cra_description/meshes/cr20/Link1.STL\n'}
[0.081838] (cra_description) StdoutLine: {'line': b'-- Up-to-date: /home/michael/dobot_ws/src/install/cra_description/share/cra_description/meshes/cr20/Link6.STL\n'}
[0.081867] (cra_description) StdoutLine: {'line': b'-- Up-to-date: /home/michael/dobot_ws/src/install/cra_description/share/cra_description/meshes/cr20/base_link.STL\n'}
[0.081909] (cra_description) StdoutLine: {'line': b'-- Up-to-date: /home/michael/dobot_ws/src/install/cra_description/share/cra_description/meshes/cr20/Link2.STL\n'}
[0.081930] (cra_description) StdoutLine: {'line': b'-- Up-to-date: /home/michael/dobot_ws/src/install/cra_description/share/cra_description/meshes/cr20/Link3.STL\n'}
[0.081950] (cra_description) StdoutLine: {'line': b'-- Up-to-date: /home/michael/dobot_ws/src/install/cra_description/share/cra_description/meshes/cr20/Link5.STL\n'}
[0.081969] (cra_description) StdoutLine: {'line': b'-- Up-to-date: /home/michael/dobot_ws/src/install/cra_description/share/cra_description/meshes/cr20/Link4.STL\n'}
[0.081987] (cra_description) StdoutLine: {'line': b'-- Up-to-date: /home/michael/dobot_ws/src/install/cra_description/share/cra_description/meshes/cr3\n'}
[0.082035] (cra_description) StdoutLine: {'line': b'-- Up-to-date: /home/michael/dobot_ws/src/install/cra_description/share/cra_description/meshes/cr3/J5.STL\n'}
[0.082072] (cra_description) StdoutLine: {'line': b'-- Up-to-date: /home/michael/dobot_ws/src/install/cra_description/share/cra_description/meshes/cr3/J2.STL\n'}
[0.082093] (cra_description) StdoutLine: {'line': b'-- Up-to-date: /home/michael/dobot_ws/src/install/cra_description/share/cra_description/meshes/cr3/base_link.STL\n'}
[0.082112] (cra_description) StdoutLine: {'line': b'-- Up-to-date: /home/michael/dobot_ws/src/install/cra_description/share/cra_description/meshes/cr3/J3.STL\n'}
[0.082130] (cra_description) StdoutLine: {'line': b'-- Up-to-date: /home/michael/dobot_ws/src/install/cra_description/share/cra_description/meshes/cr3/J6.STL\n'}
[0.082148] (cra_description) StdoutLine: {'line': b'-- Up-to-date: /home/michael/dobot_ws/src/install/cra_description/share/cra_description/meshes/cr3/J4.STL\n'}
[0.082166] (cra_description) StdoutLine: {'line': b'-- Up-to-date: /home/michael/dobot_ws/src/install/cra_description/share/cra_description/meshes/cr3/J1.STL\n'}
[0.082184] (cra_description) StdoutLine: {'line': b'-- Up-to-date: /home/michael/dobot_ws/src/install/cra_description/share/cra_description/meshes/cr12\n'}
[0.082202] (cra_description) StdoutLine: {'line': b'-- Up-to-date: /home/michael/dobot_ws/src/install/cra_description/share/cra_description/meshes/cr12/J5.STL\n'}
[0.082220] (cra_description) StdoutLine: {'line': b'-- Up-to-date: /home/michael/dobot_ws/src/install/cra_description/share/cra_description/meshes/cr12/J2.STL\n'}
[0.082237] (cra_description) StdoutLine: {'line': b'-- Up-to-date: /home/michael/dobot_ws/src/install/cra_description/share/cra_description/meshes/cr12/J3.STL\n'}
[0.082764] (cra_description) StdoutLine: {'line': b'-- Up-to-date: /home/michael/dobot_ws/src/install/cra_description/share/cra_description/meshes/cr12/J6.STL\n'}
[0.082791] (cra_description) StdoutLine: {'line': b'-- Up-to-date: /home/michael/dobot_ws/src/install/cra_description/share/cra_description/meshes/cr12/J4.STL\n'}
[0.082811] (cra_description) StdoutLine: {'line': b'-- Up-to-date: /home/michael/dobot_ws/src/install/cra_description/share/cra_description/meshes/cr12/J1.STL\n'}
[0.082829] (cra_description) StdoutLine: {'line': b'-- Up-to-date: /home/michael/dobot_ws/src/install/cra_description/share/cra_description/meshes/cr12/base_link0.STL\n'}
[0.082848] (cra_description) StdoutLine: {'line': b'-- Up-to-date: /home/michael/dobot_ws/src/install/cra_description/share/cra_description/meshes/me6\n'}
[0.082865] (cra_description) StdoutLine: {'line': b'-- Up-to-date: /home/michael/dobot_ws/src/install/cra_description/share/cra_description/meshes/me6/Link1.STL\n'}
[0.082883] (cra_description) StdoutLine: {'line': b'-- Up-to-date: /home/michael/dobot_ws/src/install/cra_description/share/cra_description/meshes/me6/Link6.STL\n'}
[0.082900] (cra_description) StdoutLine: {'line': b'-- Up-to-date: /home/michael/dobot_ws/src/install/cra_description/share/cra_description/meshes/me6/base_link.STL\n'}
[0.082918] (cra_description) StdoutLine: {'line': b'-- Up-to-date: /home/michael/dobot_ws/src/install/cra_description/share/cra_description/meshes/me6/Link2.STL\n'}
[0.082937] (cra_description) StdoutLine: {'line': b'-- Up-to-date: /home/michael/dobot_ws/src/install/cra_description/share/cra_description/meshes/me6/Link3.STL\n'}
[0.082955] (cra_description) StdoutLine: {'line': b'-- Up-to-date: /home/michael/dobot_ws/src/install/cra_description/share/cra_description/meshes/me6/Link5.STL\n'}
[0.082971] (cra_description) StdoutLine: {'line': b'-- Up-to-date: /home/michael/dobot_ws/src/install/cra_description/share/cra_description/meshes/me6/Link4.STL\n'}
[0.084374] (cra_description) CommandEnded: {'returncode': 0}
[0.100557] (cra_description) JobEnded: {'identifier': 'cra_description', 'rc': 0}
[0.100989] (-) TimerEvent: {}
[0.101074] (dobot_rviz) JobStarted: {'identifier': 'dobot_rviz'}
[0.105758] (dobot_rviz) JobProgress: {'identifier': 'dobot_rviz', 'progress': 'cmake'}
[0.106117] (dobot_rviz) JobProgress: {'identifier': 'dobot_rviz', 'progress': 'build'}
[0.107299] (dobot_rviz) Command: {'cmd': ['/usr/bin/cmake', '--build', '/home/michael/dobot_ws/src/build/dobot_rviz', '--', '-j2', '-l2'], 'cwd': '/home/michael/dobot_ws/src/build/dobot_rviz', 'env': OrderedDict([('LESSOPEN', '| /usr/bin/lesspipe %s'), ('USER', 'michael'), ('XDG_SESSION_TYPE', 'wayland'), ('SHLVL', '1'), ('LD_LIBRARY_PATH', '/home/michael/dobot_ws/install/dobot_msgs_v4/lib:/usr/lib/x86_64-linux-gnu/gazebo-11/plugins:/opt/ros/humble/opt/rviz_ogre_vendor/lib:/opt/ros/humble/lib/x86_64-linux-gnu:/opt/ros/humble/lib'), ('HOME', '/home/michael'), ('OLDPWD', '/home/michael/dobot_ws'), ('DESKTOP_SESSION', 'ubuntu'), ('ROS_PYTHON_VERSION', '3'), ('GNOME_SHELL_SESSION_MODE', 'ubuntu'), ('GTK_MODULES', 'gail:atk-bridge'), ('DOBOT_TYPE', 'cr3'), ('SYSTEMD_EXEC_PID', '1277'), ('DBUS_SESSION_BUS_ADDRESS', 'unix:path=/run/user/1000/bus'), ('COLORTERM', 'truecolor'), ('IP_address', '192.168.5.1'), ('IM_CONFIG_PHASE', '1'), ('WAYLAND_DISPLAY', 'wayland-0'), ('COLCON_PREFIX_PATH', '/home/michael/dobot_ws/install'), ('ROS_DISTRO', 'humble'), ('LOGNAME', 'michael'), ('_', '/usr/bin/colcon'), ('ROS_VERSION', '2'), ('XDG_SESSION_CLASS', 'user'), ('USERNAME', 'michael'), ('TERM', 'xterm-256color'), ('GNOME_DESKTOP_SESSION_ID', 'this-is-deprecated'), ('ROS_LOCALHOST_ONLY', '0'), ('PATH', '/opt/ros/humble/bin:/home/michael/.local/bin:/usr/local/sbin:/usr/local/bin:/usr/sbin:/usr/bin:/sbin:/bin:/usr/games:/usr/local/games:/snap/bin:/snap/bin'), ('SESSION_MANAGER', 'local/michael-virtual-machine:@/tmp/.ICE-unix/1215,unix/michael-virtual-machine:/tmp/.ICE-unix/1215'), ('XDG_MENU_PREFIX', 'gnome-'), ('GNOME_TERMINAL_SCREEN', '/org/gnome/Terminal/screen/305fc0b6_e443_4417_9486_018d269c2fe7'), ('GNOME_SETUP_DISPLAY', ':1'), ('XDG_RUNTIME_DIR', '/run/user/1000'), ('DISPLAY', ':0'), ('LANG', 'en_US.UTF-8'), ('XDG_CURRENT_DESKTOP', 'ubuntu:GNOME'), ('XMODIFIERS', '@im=ibus'), ('XDG_SESSION_DESKTOP', 'ubuntu'), ('XAUTHORITY', '/run/user/1000/.mutter-Xwaylandauth.06SSO3'), ('LS_COLORS', 'rs=0:di=01;34:ln=01;36:mh=00:pi=40;33:so=01;35:do=01;35:bd=40;33;01:cd=40;33;01:or=40;31;01:mi=00:su=37;41:sg=30;43:ca=30;41:tw=30;42:ow=34;42:st=37;44:ex=01;32:*.tar=01;31:*.tgz=01;31:*.arc=01;31:*.arj=01;31:*.taz=01;31:*.lha=01;31:*.lz4=01;31:*.lzh=01;31:*.lzma=01;31:*.tlz=01;31:*.txz=01;31:*.tzo=01;31:*.t7z=01;31:*.zip=01;31:*.z=01;31:*.dz=01;31:*.gz=01;31:*.lrz=01;31:*.lz=01;31:*.lzo=01;31:*.xz=01;31:*.zst=01;31:*.tzst=01;31:*.bz2=01;31:*.bz=01;31:*.tbz=01;31:*.tbz2=01;31:*.tz=01;31:*.deb=01;31:*.rpm=01;31:*.jar=01;31:*.war=01;31:*.ear=01;31:*.sar=01;31:*.rar=01;31:*.alz=01;31:*.ace=01;31:*.zoo=01;31:*.cpio=01;31:*.7z=01;31:*.rz=01;31:*.cab=01;31:*.wim=01;31:*.swm=01;31:*.dwm=01;31:*.esd=01;31:*.jpg=01;35:*.jpeg=01;35:*.mjpg=01;35:*.mjpeg=01;35:*.gif=01;35:*.bmp=01;35:*.pbm=01;35:*.pgm=01;35:*.ppm=01;35:*.tga=01;35:*.xbm=01;35:*.xpm=01;35:*.tif=01;35:*.tiff=01;35:*.png=01;35:*.svg=01;35:*.svgz=01;35:*.mng=01;35:*.pcx=01;35:*.mov=01;35:*.mpg=01;35:*.mpeg=01;35:*.m2v=01;35:*.mkv=01;35:*.webm=01;35:*.webp=01;35:*.ogm=01;35:*.mp4=01;35:*.m4v=01;35:*.mp4v=01;35:*.vob=01;35:*.qt=01;35:*.nuv=01;35:*.wmv=01;35:*.asf=01;35:*.rm=01;35:*.rmvb=01;35:*.flc=01;35:*.avi=01;35:*.fli=01;35:*.flv=01;35:*.gl=01;35:*.dl=01;35:*.xcf=01;35:*.xwd=01;35:*.yuv=01;35:*.cgm=01;35:*.emf=01;35:*.ogv=01;35:*.ogx=01;35:*.aac=00;36:*.au=00;36:*.flac=00;36:*.m4a=00;36:*.mid=00;36:*.midi=00;36:*.mka=00;36:*.mp3=00;36:*.mpc=00;36:*.ogg=00;36:*.ra=00;36:*.wav=00;36:*.oga=00;36:*.opus=00;36:*.spx=00;36:*.xspf=00;36:'), ('GNOME_TERMINAL_SERVICE', ':1.102'), ('SSH_AGENT_LAUNCHER', 'gnome-keyring'), ('SSH_AUTH_SOCK', '/run/user/1000/keyring/ssh'), ('AMENT_PREFIX_PATH', '/home/michael/dobot_ws/install/servo_action:/home/michael/dobot_ws/install/nova5_moveit:/home/michael/dobot_ws/install/nova2_moveit:/home/michael/dobot_ws/install/me6_moveit:/home/michael/dobot_ws/install/cr7_moveit:/home/michael/dobot_ws/install/cr5_moveit:/home/michael/dobot_ws/install/cr3_moveit:/home/michael/dobot_ws/install/cr30h_moveit:/home/michael/dobot_ws/install/cr20_moveit:/home/michael/dobot_ws/install/cr16_moveit:/home/michael/dobot_ws/install/cr12_moveit:/home/michael/dobot_ws/install/cr10af_moveit:/home/michael/dobot_ws/install/cr10_moveit:/home/michael/dobot_ws/install/dobot_rviz:/home/michael/dobot_ws/install/cr_robot_ros2:/home/michael/dobot_ws/install/dobot_msgs_v4:/home/michael/dobot_ws/install/dobot_moveit:/home/michael/dobot_ws/install/dobot_gazebo:/home/michael/dobot_ws/install/dobot_demo:/home/michael/dobot_ws/install/cra_description:/opt/ros/humble'), ('SHELL', '/bin/bash'), ('QT_ACCESSIBILITY', '1'), ('GDMSESSION', 'ubuntu'), ('LESSCLOSE', '/usr/bin/lesspipe %s %s'), ('QT_IM_MODULE', 'ibus'), ('PWD', '/home/michael/dobot_ws/src/build/dobot_rviz'), ('LC_ALL', 'en_US.UTF-8'), ('XDG_CONFIG_DIRS', '/etc/xdg/xdg-ubuntu:/etc/xdg'), ('XDG_DATA_DIRS', '/usr/share/ubuntu:/usr/local/share/:/usr/share/:/var/lib/snapd/desktop'), ('PYTHONPATH', '/home/michael/dobot_ws/install/servo_action/lib/python3.10/site-packages:/home/michael/dobot_ws/install/dobot_msgs_v4/local/lib/python3.10/dist-packages:/home/michael/dobot_ws/install/dobot_moveit/lib/python3.10/site-packages:/home/michael/dobot_ws/install/dobot_demo/lib/python3.10/site-packages:/opt/ros/humble/lib/python3.10/site-packages:/opt/ros/humble/local/lib/python3.10/dist-packages'), ('COLCON', '1'), ('VTE_VERSION', '6800'), ('CMAKE_PREFIX_PATH', '/home/michael/dobot_ws/install/nova5_moveit:/home/michael/dobot_ws/install/nova2_moveit:/home/michael/dobot_ws/install/me6_moveit:/home/michael/dobot_ws/install/cr7_moveit:/home/michael/dobot_ws/install/cr5_moveit:/home/michael/dobot_ws/install/cr3_moveit:/home/michael/dobot_ws/install/cr30h_moveit:/home/michael/dobot_ws/install/cr20_moveit:/home/michael/dobot_ws/install/cr16_moveit:/home/michael/dobot_ws/install/cr12_moveit:/home/michael/dobot_ws/install/cr10af_moveit:/home/michael/dobot_ws/install/cr10_moveit:/home/michael/dobot_ws/install/dobot_rviz:/home/michael/dobot_ws/install/cr_robot_ros2:/home/michael/dobot_ws/install/dobot_msgs_v4:/home/michael/dobot_ws/install/dobot_gazebo:/home/michael/dobot_ws/install/cra_description:/home/michael/dobot_ws/install/servo_action:/home/michael/dobot_ws/install/dobot_moveit:/home/michael/dobot_ws/install/dobot_demo:/opt/ros/humble')]), 'shell': False}
[0.145375] (dobot_rviz) CommandEnded: {'returncode': 0}
[0.145636] (dobot_rviz) JobProgress: {'identifier': 'dobot_rviz', 'progress': 'install'}
[0.145650] (dobot_rviz) Command: {'cmd': ['/usr/bin/cmake', '--install', '/home/michael/dobot_ws/src/build/dobot_rviz'], 'cwd': '/home/michael/dobot_ws/src/build/dobot_rviz', 'env': OrderedDict([('LESSOPEN', '| /usr/bin/lesspipe %s'), ('USER', 'michael'), ('XDG_SESSION_TYPE', 'wayland'), ('SHLVL', '1'), ('LD_LIBRARY_PATH', '/home/michael/dobot_ws/install/dobot_msgs_v4/lib:/usr/lib/x86_64-linux-gnu/gazebo-11/plugins:/opt/ros/humble/opt/rviz_ogre_vendor/lib:/opt/ros/humble/lib/x86_64-linux-gnu:/opt/ros/humble/lib'), ('HOME', '/home/michael'), ('OLDPWD', '/home/michael/dobot_ws'), ('DESKTOP_SESSION', 'ubuntu'), ('ROS_PYTHON_VERSION', '3'), ('GNOME_SHELL_SESSION_MODE', 'ubuntu'), ('GTK_MODULES', 'gail:atk-bridge'), ('DOBOT_TYPE', 'cr3'), ('SYSTEMD_EXEC_PID', '1277'), ('DBUS_SESSION_BUS_ADDRESS', 'unix:path=/run/user/1000/bus'), ('COLORTERM', 'truecolor'), ('IP_address', '192.168.5.1'), ('IM_CONFIG_PHASE', '1'), ('WAYLAND_DISPLAY', 'wayland-0'), ('COLCON_PREFIX_PATH', '/home/michael/dobot_ws/install'), ('ROS_DISTRO', 'humble'), ('LOGNAME', 'michael'), ('_', '/usr/bin/colcon'), ('ROS_VERSION', '2'), ('XDG_SESSION_CLASS', 'user'), ('USERNAME', 'michael'), ('TERM', 'xterm-256color'), ('GNOME_DESKTOP_SESSION_ID', 'this-is-deprecated'), ('ROS_LOCALHOST_ONLY', '0'), ('PATH', '/opt/ros/humble/bin:/home/michael/.local/bin:/usr/local/sbin:/usr/local/bin:/usr/sbin:/usr/bin:/sbin:/bin:/usr/games:/usr/local/games:/snap/bin:/snap/bin'), ('SESSION_MANAGER', 'local/michael-virtual-machine:@/tmp/.ICE-unix/1215,unix/michael-virtual-machine:/tmp/.ICE-unix/1215'), ('XDG_MENU_PREFIX', 'gnome-'), ('GNOME_TERMINAL_SCREEN', '/org/gnome/Terminal/screen/305fc0b6_e443_4417_9486_018d269c2fe7'), ('GNOME_SETUP_DISPLAY', ':1'), ('XDG_RUNTIME_DIR', '/run/user/1000'), ('DISPLAY', ':0'), ('LANG', 'en_US.UTF-8'), ('XDG_CURRENT_DESKTOP', 'ubuntu:GNOME'), ('XMODIFIERS', '@im=ibus'), ('XDG_SESSION_DESKTOP', 'ubuntu'), ('XAUTHORITY', '/run/user/1000/.mutter-Xwaylandauth.06SSO3'), ('LS_COLORS', 'rs=0:di=01;34:ln=01;36:mh=00:pi=40;33:so=01;35:do=01;35:bd=40;33;01:cd=40;33;01:or=40;31;01:mi=00:su=37;41:sg=30;43:ca=30;41:tw=30;42:ow=34;42:st=37;44:ex=01;32:*.tar=01;31:*.tgz=01;31:*.arc=01;31:*.arj=01;31:*.taz=01;31:*.lha=01;31:*.lz4=01;31:*.lzh=01;31:*.lzma=01;31:*.tlz=01;31:*.txz=01;31:*.tzo=01;31:*.t7z=01;31:*.zip=01;31:*.z=01;31:*.dz=01;31:*.gz=01;31:*.lrz=01;31:*.lz=01;31:*.lzo=01;31:*.xz=01;31:*.zst=01;31:*.tzst=01;31:*.bz2=01;31:*.bz=01;31:*.tbz=01;31:*.tbz2=01;31:*.tz=01;31:*.deb=01;31:*.rpm=01;31:*.jar=01;31:*.war=01;31:*.ear=01;31:*.sar=01;31:*.rar=01;31:*.alz=01;31:*.ace=01;31:*.zoo=01;31:*.cpio=01;31:*.7z=01;31:*.rz=01;31:*.cab=01;31:*.wim=01;31:*.swm=01;31:*.dwm=01;31:*.esd=01;31:*.jpg=01;35:*.jpeg=01;35:*.mjpg=01;35:*.mjpeg=01;35:*.gif=01;35:*.bmp=01;35:*.pbm=01;35:*.pgm=01;35:*.ppm=01;35:*.tga=01;35:*.xbm=01;35:*.xpm=01;35:*.tif=01;35:*.tiff=01;35:*.png=01;35:*.svg=01;35:*.svgz=01;35:*.mng=01;35:*.pcx=01;35:*.mov=01;35:*.mpg=01;35:*.mpeg=01;35:*.m2v=01;35:*.mkv=01;35:*.webm=01;35:*.webp=01;35:*.ogm=01;35:*.mp4=01;35:*.m4v=01;35:*.mp4v=01;35:*.vob=01;35:*.qt=01;35:*.nuv=01;35:*.wmv=01;35:*.asf=01;35:*.rm=01;35:*.rmvb=01;35:*.flc=01;35:*.avi=01;35:*.fli=01;35:*.flv=01;35:*.gl=01;35:*.dl=01;35:*.xcf=01;35:*.xwd=01;35:*.yuv=01;35:*.cgm=01;35:*.emf=01;35:*.ogv=01;35:*.ogx=01;35:*.aac=00;36:*.au=00;36:*.flac=00;36:*.m4a=00;36:*.mid=00;36:*.midi=00;36:*.mka=00;36:*.mp3=00;36:*.mpc=00;36:*.ogg=00;36:*.ra=00;36:*.wav=00;36:*.oga=00;36:*.opus=00;36:*.spx=00;36:*.xspf=00;36:'), ('GNOME_TERMINAL_SERVICE', ':1.102'), ('SSH_AGENT_LAUNCHER', 'gnome-keyring'), ('SSH_AUTH_SOCK', '/run/user/1000/keyring/ssh'), ('AMENT_PREFIX_PATH', '/home/michael/dobot_ws/install/servo_action:/home/michael/dobot_ws/install/nova5_moveit:/home/michael/dobot_ws/install/nova2_moveit:/home/michael/dobot_ws/install/me6_moveit:/home/michael/dobot_ws/install/cr7_moveit:/home/michael/dobot_ws/install/cr5_moveit:/home/michael/dobot_ws/install/cr3_moveit:/home/michael/dobot_ws/install/cr30h_moveit:/home/michael/dobot_ws/install/cr20_moveit:/home/michael/dobot_ws/install/cr16_moveit:/home/michael/dobot_ws/install/cr12_moveit:/home/michael/dobot_ws/install/cr10af_moveit:/home/michael/dobot_ws/install/cr10_moveit:/home/michael/dobot_ws/install/dobot_rviz:/home/michael/dobot_ws/install/cr_robot_ros2:/home/michael/dobot_ws/install/dobot_msgs_v4:/home/michael/dobot_ws/install/dobot_moveit:/home/michael/dobot_ws/install/dobot_gazebo:/home/michael/dobot_ws/install/dobot_demo:/home/michael/dobot_ws/install/cra_description:/opt/ros/humble'), ('SHELL', '/bin/bash'), ('QT_ACCESSIBILITY', '1'), ('GDMSESSION', 'ubuntu'), ('LESSCLOSE', '/usr/bin/lesspipe %s %s'), ('QT_IM_MODULE', 'ibus'), ('PWD', '/home/michael/dobot_ws/src/build/dobot_rviz'), ('LC_ALL', 'en_US.UTF-8'), ('XDG_CONFIG_DIRS', '/etc/xdg/xdg-ubuntu:/etc/xdg'), ('XDG_DATA_DIRS', '/usr/share/ubuntu:/usr/local/share/:/usr/share/:/var/lib/snapd/desktop'), ('PYTHONPATH', '/home/michael/dobot_ws/install/servo_action/lib/python3.10/site-packages:/home/michael/dobot_ws/install/dobot_msgs_v4/local/lib/python3.10/dist-packages:/home/michael/dobot_ws/install/dobot_moveit/lib/python3.10/site-packages:/home/michael/dobot_ws/install/dobot_demo/lib/python3.10/site-packages:/opt/ros/humble/lib/python3.10/site-packages:/opt/ros/humble/local/lib/python3.10/dist-packages'), ('COLCON', '1'), ('VTE_VERSION', '6800'), ('CMAKE_PREFIX_PATH', '/home/michael/dobot_ws/install/nova5_moveit:/home/michael/dobot_ws/install/nova2_moveit:/home/michael/dobot_ws/install/me6_moveit:/home/michael/dobot_ws/install/cr7_moveit:/home/michael/dobot_ws/install/cr5_moveit:/home/michael/dobot_ws/install/cr3_moveit:/home/michael/dobot_ws/install/cr30h_moveit:/home/michael/dobot_ws/install/cr20_moveit:/home/michael/dobot_ws/install/cr16_moveit:/home/michael/dobot_ws/install/cr12_moveit:/home/michael/dobot_ws/install/cr10af_moveit:/home/michael/dobot_ws/install/cr10_moveit:/home/michael/dobot_ws/install/dobot_rviz:/home/michael/dobot_ws/install/cr_robot_ros2:/home/michael/dobot_ws/install/dobot_msgs_v4:/home/michael/dobot_ws/install/dobot_gazebo:/home/michael/dobot_ws/install/cra_description:/home/michael/dobot_ws/install/servo_action:/home/michael/dobot_ws/install/dobot_moveit:/home/michael/dobot_ws/install/dobot_demo:/opt/ros/humble')]), 'shell': False}
[0.152081] (dobot_rviz) StdoutLine: {'line': b'-- Install configuration: ""\n'}
[0.152210] (dobot_rviz) StdoutLine: {'line': b'-- Up-to-date: /home/michael/dobot_ws/src/install/dobot_rviz/share/dobot_rviz/launch\n'}
[0.152377] (dobot_rviz) StdoutLine: {'line': b'-- Up-to-date: /home/michael/dobot_ws/src/install/dobot_rviz/share/dobot_rviz/launch/dobot_rviz.launch.py\n'}
[0.152421] (dobot_rviz) StdoutLine: {'line': b'-- Up-to-date: /home/michael/dobot_ws/src/install/dobot_rviz/share/dobot_rviz/urdf\n'}
[0.152466] (dobot_rviz) StdoutLine: {'line': b'-- Up-to-date: /home/michael/dobot_ws/src/install/dobot_rviz/share/dobot_rviz/urdf/cr3_robot.urdf\n'}
[0.152493] (dobot_rviz) StdoutLine: {'line': b'-- Up-to-date: /home/michael/dobot_ws/src/install/dobot_rviz/share/dobot_rviz/urdf/cr7_robot.urdf\n'}
[0.153775] (dobot_rviz) StdoutLine: {'line': b'-- Up-to-date: /home/michael/dobot_ws/src/install/dobot_rviz/share/dobot_rviz/urdf/nova5_robot.urdf\n'}
[0.155563] (dobot_rviz) StdoutLine: {'line': b'-- Up-to-date: /home/michael/dobot_ws/src/install/dobot_rviz/share/dobot_rviz/urdf/cr10af_robot.urdf\n'}
[0.155593] (dobot_rviz) StdoutLine: {'line': b'-- Up-to-date: /home/michael/dobot_ws/src/install/dobot_rviz/share/dobot_rviz/urdf/nova2_robot.urdf\n'}
[0.155616] (dobot_rviz) StdoutLine: {'line': b'-- Up-to-date: /home/michael/dobot_ws/src/install/dobot_rviz/share/dobot_rviz/urdf/me6_robot.urdf\n'}
[0.155636] (dobot_rviz) StdoutLine: {'line': b'-- Up-to-date: /home/michael/dobot_ws/src/install/dobot_rviz/share/dobot_rviz/urdf/cr10_robot.urdf\n'}
[0.155654] (dobot_rviz) StdoutLine: {'line': b'-- Up-to-date: /home/michael/dobot_ws/src/install/dobot_rviz/share/dobot_rviz/urdf/cr30h_robot.urdf\n'}
[0.155672] (dobot_rviz) StdoutLine: {'line': b'-- Up-to-date: /home/michael/dobot_ws/src/install/dobot_rviz/share/dobot_rviz/urdf/cr16_robot.urdf\n'}
[0.155692] (dobot_rviz) StdoutLine: {'line': b'-- Up-to-date: /home/michael/dobot_ws/src/install/dobot_rviz/share/dobot_rviz/urdf/cr12_robot.urdf\n'}
[0.155711] (dobot_rviz) StdoutLine: {'line': b'-- Up-to-date: /home/michael/dobot_ws/src/install/dobot_rviz/share/dobot_rviz/urdf/cr5_robot.urdf\n'}
[0.155730] (dobot_rviz) StdoutLine: {'line': b'-- Up-to-date: /home/michael/dobot_ws/src/install/dobot_rviz/share/dobot_rviz/urdf/cr20_robot.urdf\n'}
[0.155748] (dobot_rviz) StdoutLine: {'line': b'-- Up-to-date: /home/michael/dobot_ws/src/install/dobot_rviz/share/dobot_rviz/rviz\n'}
[0.155765] (dobot_rviz) StdoutLine: {'line': b'-- Up-to-date: /home/michael/dobot_ws/src/install/dobot_rviz/share/dobot_rviz/rviz/urdf.rviz\n'}
[0.155782] (dobot_rviz) StdoutLine: {'line': b'-- Up-to-date: /home/michael/dobot_ws/src/install/dobot_rviz/share/dobot_rviz/meshes\n'}
[0.155806] (dobot_rviz) StdoutLine: {'line': b'-- Up-to-date: /home/michael/dobot_ws/src/install/dobot_rviz/share/dobot_rviz/meshes/nova2\n'}
[0.155824] (dobot_rviz) StdoutLine: {'line': b'-- Up-to-date: /home/michael/dobot_ws/src/install/dobot_rviz/share/dobot_rviz/meshes/nova2/Link1.STL\n'}
[0.155841] (dobot_rviz) StdoutLine: {'line': b'-- Up-to-date: /home/michael/dobot_ws/src/install/dobot_rviz/share/dobot_rviz/meshes/nova2/Link6.STL\n'}
[0.155858] (dobot_rviz) StdoutLine: {'line': b'-- Up-to-date: /home/michael/dobot_ws/src/install/dobot_rviz/share/dobot_rviz/meshes/nova2/base_link.STL\n'}
[0.155875] (dobot_rviz) StdoutLine: {'line': b'-- Up-to-date: /home/michael/dobot_ws/src/install/dobot_rviz/share/dobot_rviz/meshes/nova2/Link2.STL\n'}
[0.155892] (dobot_rviz) StdoutLine: {'line': b'-- Up-to-date: /home/michael/dobot_ws/src/install/dobot_rviz/share/dobot_rviz/meshes/nova2/Link3.STL\n'}
[0.155909] (dobot_rviz) StdoutLine: {'line': b'-- Up-to-date: /home/michael/dobot_ws/src/install/dobot_rviz/share/dobot_rviz/meshes/nova2/Link5.STL\n'}
[0.155926] (dobot_rviz) StdoutLine: {'line': b'-- Up-to-date: /home/michael/dobot_ws/src/install/dobot_rviz/share/dobot_rviz/meshes/nova2/Link4.STL\n'}
[0.155943] (dobot_rviz) StdoutLine: {'line': b'-- Up-to-date: /home/michael/dobot_ws/src/install/dobot_rviz/share/dobot_rviz/meshes/cr30h\n'}
[0.155959] (dobot_rviz) StdoutLine: {'line': b'-- Up-to-date: /home/michael/dobot_ws/src/install/dobot_rviz/share/dobot_rviz/meshes/cr30h/Link1.STL\n'}
[0.155976] (dobot_rviz) StdoutLine: {'line': b'-- Up-to-date: /home/michael/dobot_ws/src/install/dobot_rviz/share/dobot_rviz/meshes/cr30h/Link6.STL\n'}
[0.155996] (dobot_rviz) StdoutLine: {'line': b'-- Up-to-date: /home/michael/dobot_ws/src/install/dobot_rviz/share/dobot_rviz/meshes/cr30h/base_link.STL\n'}
[0.156013] (dobot_rviz) StdoutLine: {'line': b'-- Up-to-date: /home/michael/dobot_ws/src/install/dobot_rviz/share/dobot_rviz/meshes/cr30h/Link2.STL\n'}
[0.156030] (dobot_rviz) StdoutLine: {'line': b'-- Up-to-date: /home/michael/dobot_ws/src/install/dobot_rviz/share/dobot_rviz/meshes/cr30h/Link3.STL\n'}
[0.156046] (dobot_rviz) StdoutLine: {'line': b'-- Up-to-date: /home/michael/dobot_ws/src/install/dobot_rviz/share/dobot_rviz/meshes/cr30h/Link5.STL\n'}
[0.156063] (dobot_rviz) StdoutLine: {'line': b'-- Up-to-date: /home/michael/dobot_ws/src/install/dobot_rviz/share/dobot_rviz/meshes/cr30h/Link4.STL\n'}
[0.156079] (dobot_rviz) StdoutLine: {'line': b'-- Up-to-date: /home/michael/dobot_ws/src/install/dobot_rviz/share/dobot_rviz/meshes/cr10af\n'}
[0.156095] (dobot_rviz) StdoutLine: {'line': b'-- Up-to-date: /home/michael/dobot_ws/src/install/dobot_rviz/share/dobot_rviz/meshes/cr10af/J5.STL\n'}
[0.156113] (dobot_rviz) StdoutLine: {'line': b'-- Up-to-date: /home/michael/dobot_ws/src/install/dobot_rviz/share/dobot_rviz/meshes/cr10af/J2.STL\n'}
[0.156132] (dobot_rviz) StdoutLine: {'line': b'-- Up-to-date: /home/michael/dobot_ws/src/install/dobot_rviz/share/dobot_rviz/meshes/cr10af/base_link.STL\n'}
[0.156151] (dobot_rviz) StdoutLine: {'line': b'-- Up-to-date: /home/michael/dobot_ws/src/install/dobot_rviz/share/dobot_rviz/meshes/cr10af/J3.STL\n'}
[0.156171] (dobot_rviz) StdoutLine: {'line': b'-- Up-to-date: /home/michael/dobot_ws/src/install/dobot_rviz/share/dobot_rviz/meshes/cr10af/J6.STL\n'}
[0.156189] (dobot_rviz) StdoutLine: {'line': b'-- Up-to-date: /home/michael/dobot_ws/src/install/dobot_rviz/share/dobot_rviz/meshes/cr10af/J4.STL\n'}
[0.156229] (dobot_rviz) StdoutLine: {'line': b'-- Up-to-date: /home/michael/dobot_ws/src/install/dobot_rviz/share/dobot_rviz/meshes/cr10af/J1.STL\n'}
[0.156255] (dobot_rviz) StdoutLine: {'line': b'-- Up-to-date: /home/michael/dobot_ws/src/install/dobot_rviz/share/dobot_rviz/meshes/cr5\n'}
[0.156274] (dobot_rviz) StdoutLine: {'line': b'-- Up-to-date: /home/michael/dobot_ws/src/install/dobot_rviz/share/dobot_rviz/meshes/cr5/J5.STL\n'}
[0.156293] (dobot_rviz) StdoutLine: {'line': b'-- Up-to-date: /home/michael/dobot_ws/src/install/dobot_rviz/share/dobot_rviz/meshes/cr5/J2.STL\n'}
[0.156313] (dobot_rviz) StdoutLine: {'line': b'-- Up-to-date: /home/michael/dobot_ws/src/install/dobot_rviz/share/dobot_rviz/meshes/cr5/base_link.STL\n'}
[0.156331] (dobot_rviz) StdoutLine: {'line': b'-- Up-to-date: /home/michael/dobot_ws/src/install/dobot_rviz/share/dobot_rviz/meshes/cr5/J3.STL\n'}
[0.156349] (dobot_rviz) StdoutLine: {'line': b'-- Up-to-date: /home/michael/dobot_ws/src/install/dobot_rviz/share/dobot_rviz/meshes/cr5/J6.STL\n'}
[0.156367] (dobot_rviz) StdoutLine: {'line': b'-- Up-to-date: /home/michael/dobot_ws/src/install/dobot_rviz/share/dobot_rviz/meshes/cr5/J4.STL\n'}
[0.156385] (dobot_rviz) StdoutLine: {'line': b'-- Up-to-date: /home/michael/dobot_ws/src/install/dobot_rviz/share/dobot_rviz/meshes/cr5/J1.STL\n'}
[0.156402] (dobot_rviz) StdoutLine: {'line': b'-- Up-to-date: /home/michael/dobot_ws/src/install/dobot_rviz/share/dobot_rviz/meshes/cr7\n'}
[0.156419] (dobot_rviz) StdoutLine: {'line': b'-- Up-to-date: /home/michael/dobot_ws/src/install/dobot_rviz/share/dobot_rviz/meshes/cr7/J5.STL\n'}
[0.156437] (dobot_rviz) StdoutLine: {'line': b'-- Up-to-date: /home/michael/dobot_ws/src/install/dobot_rviz/share/dobot_rviz/meshes/cr7/J2.STL\n'}
[0.156454] (dobot_rviz) StdoutLine: {'line': b'-- Up-to-date: /home/michael/dobot_ws/src/install/dobot_rviz/share/dobot_rviz/meshes/cr7/J3.STL\n'}
[0.156471] (dobot_rviz) StdoutLine: {'line': b'-- Up-to-date: /home/michael/dobot_ws/src/install/dobot_rviz/share/dobot_rviz/meshes/cr7/J6.STL\n'}
[0.156487] (dobot_rviz) StdoutLine: {'line': b'-- Up-to-date: /home/michael/dobot_ws/src/install/dobot_rviz/share/dobot_rviz/meshes/cr7/J4.STL\n'}
[0.156503] (dobot_rviz) StdoutLine: {'line': b'-- Up-to-date: /home/michael/dobot_ws/src/install/dobot_rviz/share/dobot_rviz/meshes/cr7/J1.STL\n'}
[0.156527] (dobot_rviz) StdoutLine: {'line': b'-- Up-to-date: /home/michael/dobot_ws/src/install/dobot_rviz/share/dobot_rviz/meshes/cr7/base_link0.STL\n'}
[0.156651] (dobot_rviz) StdoutLine: {'line': b'-- Up-to-date: /home/michael/dobot_ws/src/install/dobot_rviz/share/dobot_rviz/meshes/nova5\n'}
[0.156680] (dobot_rviz) StdoutLine: {'line': b'-- Up-to-date: /home/michael/dobot_ws/src/install/dobot_rviz/share/dobot_rviz/meshes/nova5/Link1.STL\n'}
[0.156701] (dobot_rviz) StdoutLine: {'line': b'-- Up-to-date: /home/michael/dobot_ws/src/install/dobot_rviz/share/dobot_rviz/meshes/nova5/Link6.STL\n'}
[0.156721] (dobot_rviz) StdoutLine: {'line': b'-- Up-to-date: /home/michael/dobot_ws/src/install/dobot_rviz/share/dobot_rviz/meshes/nova5/base_link.STL\n'}
[0.156740] (dobot_rviz) StdoutLine: {'line': b'-- Up-to-date: /home/michael/dobot_ws/src/install/dobot_rviz/share/dobot_rviz/meshes/nova5/Link2.STL\n'}
[0.156759] (dobot_rviz) StdoutLine: {'line': b'-- Up-to-date: /home/michael/dobot_ws/src/install/dobot_rviz/share/dobot_rviz/meshes/nova5/Link3.STL\n'}
[0.156778] (dobot_rviz) StdoutLine: {'line': b'-- Up-to-date: /home/michael/dobot_ws/src/install/dobot_rviz/share/dobot_rviz/meshes/nova5/Link5.STL\n'}
[0.157628] (dobot_rviz) StdoutLine: {'line': b'-- Up-to-date: /home/michael/dobot_ws/src/install/dobot_rviz/share/dobot_rviz/meshes/nova5/Link4.STL\n'}
[0.157674] (dobot_rviz) StdoutLine: {'line': b'-- Up-to-date: /home/michael/dobot_ws/src/install/dobot_rviz/share/dobot_rviz/meshes/cr10\n'}
[0.157703] (dobot_rviz) StdoutLine: {'line': b'-- Up-to-date: /home/michael/dobot_ws/src/install/dobot_rviz/share/dobot_rviz/meshes/cr10/Link1.STL\n'}
[0.157723] (dobot_rviz) StdoutLine: {'line': b'-- Up-to-date: /home/michael/dobot_ws/src/install/dobot_rviz/share/dobot_rviz/meshes/cr10/Link6.STL\n'}
[0.157741] (dobot_rviz) StdoutLine: {'line': b'-- Up-to-date: /home/michael/dobot_ws/src/install/dobot_rviz/share/dobot_rviz/meshes/cr10/base_link.STL\n'}
[0.157760] (dobot_rviz) StdoutLine: {'line': b'-- Up-to-date: /home/michael/dobot_ws/src/install/dobot_rviz/share/dobot_rviz/meshes/cr10/Link2.STL\n'}
[0.157778] (dobot_rviz) StdoutLine: {'line': b'-- Up-to-date: /home/michael/dobot_ws/src/install/dobot_rviz/share/dobot_rviz/meshes/cr10/Link3.STL\n'}
[0.157853] (dobot_rviz) StdoutLine: {'line': b'-- Up-to-date: /home/michael/dobot_ws/src/install/dobot_rviz/share/dobot_rviz/meshes/cr10/Link5.STL\n'}
[0.157879] (dobot_rviz) StdoutLine: {'line': b'-- Up-to-date: /home/michael/dobot_ws/src/install/dobot_rviz/share/dobot_rviz/meshes/cr10/Link4.STL\n'}
[0.157899] (dobot_rviz) StdoutLine: {'line': b'-- Up-to-date: /home/michael/dobot_ws/src/install/dobot_rviz/share/dobot_rviz/meshes/cr16\n'}
[0.157916] (dobot_rviz) StdoutLine: {'line': b'-- Up-to-date: /home/michael/dobot_ws/src/install/dobot_rviz/share/dobot_rviz/meshes/cr16/Link1.STL\n'}
[0.157935] (dobot_rviz) StdoutLine: {'line': b'-- Up-to-date: /home/michael/dobot_ws/src/install/dobot_rviz/share/dobot_rviz/meshes/cr16/Link6.STL\n'}
[0.157952] (dobot_rviz) StdoutLine: {'line': b'-- Up-to-date: /home/michael/dobot_ws/src/install/dobot_rviz/share/dobot_rviz/meshes/cr16/base_link.STL\n'}
[0.157968] (dobot_rviz) StdoutLine: {'line': b'-- Up-to-date: /home/michael/dobot_ws/src/install/dobot_rviz/share/dobot_rviz/meshes/cr16/Link2.STL\n'}
[0.157985] (dobot_rviz) StdoutLine: {'line': b'-- Up-to-date: /home/michael/dobot_ws/src/install/dobot_rviz/share/dobot_rviz/meshes/cr16/Link3.STL\n'}
[0.158001] (dobot_rviz) StdoutLine: {'line': b'-- Up-to-date: /home/michael/dobot_ws/src/install/dobot_rviz/share/dobot_rviz/meshes/cr16/Link5.STL\n'}
[0.158018] (dobot_rviz) StdoutLine: {'line': b'-- Up-to-date: /home/michael/dobot_ws/src/install/dobot_rviz/share/dobot_rviz/meshes/cr16/Link4.STL\n'}
[0.158034] (dobot_rviz) StdoutLine: {'line': b'-- Up-to-date: /home/michael/dobot_ws/src/install/dobot_rviz/share/dobot_rviz/meshes/cr20\n'}
[0.158051] (dobot_rviz) StdoutLine: {'line': b'-- Up-to-date: /home/michael/dobot_ws/src/install/dobot_rviz/share/dobot_rviz/meshes/cr20/Link1.STL\n'}
[0.158070] (dobot_rviz) StdoutLine: {'line': b'-- Up-to-date: /home/michael/dobot_ws/src/install/dobot_rviz/share/dobot_rviz/meshes/cr20/Link6.STL\n'}
[0.158087] (dobot_rviz) StdoutLine: {'line': b'-- Up-to-date: /home/michael/dobot_ws/src/install/dobot_rviz/share/dobot_rviz/meshes/cr20/base_link.STL\n'}
[0.158104] (dobot_rviz) StdoutLine: {'line': b'-- Up-to-date: /home/michael/dobot_ws/src/install/dobot_rviz/share/dobot_rviz/meshes/cr20/Link2.STL\n'}
[0.158120] (dobot_rviz) StdoutLine: {'line': b'-- Up-to-date: /home/michael/dobot_ws/src/install/dobot_rviz/share/dobot_rviz/meshes/cr20/Link3.STL\n'}
[0.158136] (dobot_rviz) StdoutLine: {'line': b'-- Up-to-date: /home/michael/dobot_ws/src/install/dobot_rviz/share/dobot_rviz/meshes/cr20/Link5.STL\n'}
[0.158153] (dobot_rviz) StdoutLine: {'line': b'-- Up-to-date: /home/michael/dobot_ws/src/install/dobot_rviz/share/dobot_rviz/meshes/cr20/Link4.STL\n'}
[0.158169] (dobot_rviz) StdoutLine: {'line': b'-- Up-to-date: /home/michael/dobot_ws/src/install/dobot_rviz/share/dobot_rviz/meshes/cr3\n'}
[0.158185] (dobot_rviz) StdoutLine: {'line': b'-- Up-to-date: /home/michael/dobot_ws/src/install/dobot_rviz/share/dobot_rviz/meshes/cr3/J5.STL\n'}
[0.158202] (dobot_rviz) StdoutLine: {'line': b'-- Up-to-date: /home/michael/dobot_ws/src/install/dobot_rviz/share/dobot_rviz/meshes/cr3/J2.STL\n'}
[0.158218] (dobot_rviz) StdoutLine: {'line': b'-- Up-to-date: /home/michael/dobot_ws/src/install/dobot_rviz/share/dobot_rviz/meshes/cr3/base_link.STL\n'}
[0.158234] (dobot_rviz) StdoutLine: {'line': b'-- Up-to-date: /home/michael/dobot_ws/src/install/dobot_rviz/share/dobot_rviz/meshes/cr3/J3.STL\n'}
[0.158249] (dobot_rviz) StdoutLine: {'line': b'-- Up-to-date: /home/michael/dobot_ws/src/install/dobot_rviz/share/dobot_rviz/meshes/cr3/J6.STL\n'}
[0.158266] (dobot_rviz) StdoutLine: {'line': b'-- Up-to-date: /home/michael/dobot_ws/src/install/dobot_rviz/share/dobot_rviz/meshes/cr3/J4.STL\n'}
[0.158281] (dobot_rviz) StdoutLine: {'line': b'-- Up-to-date: /home/michael/dobot_ws/src/install/dobot_rviz/share/dobot_rviz/meshes/cr3/J1.STL\n'}
[0.158297] (dobot_rviz) StdoutLine: {'line': b'-- Up-to-date: /home/michael/dobot_ws/src/install/dobot_rviz/share/dobot_rviz/meshes/cr12\n'}
[0.158314] (dobot_rviz) StdoutLine: {'line': b'-- Up-to-date: /home/michael/dobot_ws/src/install/dobot_rviz/share/dobot_rviz/meshes/cr12/J5.STL\n'}
[0.158331] (dobot_rviz) StdoutLine: {'line': b'-- Up-to-date: /home/michael/dobot_ws/src/install/dobot_rviz/share/dobot_rviz/meshes/cr12/J2.STL\n'}
[0.158347] (dobot_rviz) StdoutLine: {'line': b'-- Up-to-date: /home/michael/dobot_ws/src/install/dobot_rviz/share/dobot_rviz/meshes/cr12/J3.STL\n'}
[0.158960] (dobot_rviz) StdoutLine: {'line': b'-- Up-to-date: /home/michael/dobot_ws/src/install/dobot_rviz/share/dobot_rviz/meshes/cr12/J6.STL\n'}
[0.159002] (dobot_rviz) StdoutLine: {'line': b'-- Up-to-date: /home/michael/dobot_ws/src/install/dobot_rviz/share/dobot_rviz/meshes/cr12/J4.STL\n'}
[0.159029] (dobot_rviz) StdoutLine: {'line': b'-- Up-to-date: /home/michael/dobot_ws/src/install/dobot_rviz/share/dobot_rviz/meshes/cr12/J1.STL\n'}
[0.159052] (dobot_rviz) StdoutLine: {'line': b'-- Up-to-date: /home/michael/dobot_ws/src/install/dobot_rviz/share/dobot_rviz/meshes/cr12/base_link0.STL\n'}
[0.159079] (dobot_rviz) StdoutLine: {'line': b'-- Up-to-date: /home/michael/dobot_ws/src/install/dobot_rviz/share/dobot_rviz/meshes/me6\n'}
[0.159100] (dobot_rviz) StdoutLine: {'line': b'-- Up-to-date: /home/michael/dobot_ws/src/install/dobot_rviz/share/dobot_rviz/meshes/me6/Link1.STL\n'}
[0.159118] (dobot_rviz) StdoutLine: {'line': b'-- Up-to-date: /home/michael/dobot_ws/src/install/dobot_rviz/share/dobot_rviz/meshes/me6/Link6.STL\n'}
[0.159137] (dobot_rviz) StdoutLine: {'line': b'-- Up-to-date: /home/michael/dobot_ws/src/install/dobot_rviz/share/dobot_rviz/meshes/me6/base_link.STL\n'}
[0.159155] (dobot_rviz) StdoutLine: {'line': b'-- Up-to-date: /home/michael/dobot_ws/src/install/dobot_rviz/share/dobot_rviz/meshes/me6/Link2.STL\n'}
[0.159173] (dobot_rviz) StdoutLine: {'line': b'-- Up-to-date: /home/michael/dobot_ws/src/install/dobot_rviz/share/dobot_rviz/meshes/me6/Link3.STL\n'}
[0.159191] (dobot_rviz) StdoutLine: {'line': b'-- Up-to-date: /home/michael/dobot_ws/src/install/dobot_rviz/share/dobot_rviz/meshes/me6/Link5.STL\n'}
[0.159209] (dobot_rviz) StdoutLine: {'line': b'-- Up-to-date: /home/michael/dobot_ws/src/install/dobot_rviz/share/dobot_rviz/meshes/me6/Link4.STL\n'}
[0.159227] (dobot_rviz) StdoutLine: {'line': b'-- Up-to-date: /home/michael/dobot_ws/src/install/dobot_rviz/share/ament_index/resource_index/package_run_dependencies/dobot_rviz\n'}
[0.159246] (dobot_rviz) StdoutLine: {'line': b'-- Up-to-date: /home/michael/dobot_ws/src/install/dobot_rviz/share/ament_index/resource_index/parent_prefix_path/dobot_rviz\n'}
[0.159265] (dobot_rviz) StdoutLine: {'line': b'-- Up-to-date: /home/michael/dobot_ws/src/install/dobot_rviz/share/dobot_rviz/environment/ament_prefix_path.sh\n'}
[0.159282] (dobot_rviz) StdoutLine: {'line': b'-- Up-to-date: /home/michael/dobot_ws/src/install/dobot_rviz/share/dobot_rviz/environment/ament_prefix_path.dsv\n'}
[0.159300] (dobot_rviz) StdoutLine: {'line': b'-- Up-to-date: /home/michael/dobot_ws/src/install/dobot_rviz/share/dobot_rviz/environment/path.sh\n'}
[0.159317] (dobot_rviz) StdoutLine: {'line': b'-- Up-to-date: /home/michael/dobot_ws/src/install/dobot_rviz/share/dobot_rviz/environment/path.dsv\n'}
[0.159334] (dobot_rviz) StdoutLine: {'line': b'-- Up-to-date: /home/michael/dobot_ws/src/install/dobot_rviz/share/dobot_rviz/local_setup.bash\n'}
[0.159352] (dobot_rviz) StdoutLine: {'line': b'-- Up-to-date: /home/michael/dobot_ws/src/install/dobot_rviz/share/dobot_rviz/local_setup.sh\n'}
[0.159369] (dobot_rviz) StdoutLine: {'line': b'-- Up-to-date: /home/michael/dobot_ws/src/install/dobot_rviz/share/dobot_rviz/local_setup.zsh\n'}
[0.159386] (dobot_rviz) StdoutLine: {'line': b'-- Up-to-date: /home/michael/dobot_ws/src/install/dobot_rviz/share/dobot_rviz/local_setup.dsv\n'}
[0.159403] (dobot_rviz) StdoutLine: {'line': b'-- Up-to-date: /home/michael/dobot_ws/src/install/dobot_rviz/share/dobot_rviz/package.dsv\n'}
[0.159425] (dobot_rviz) StdoutLine: {'line': b'-- Up-to-date: /home/michael/dobot_ws/src/install/dobot_rviz/share/ament_index/resource_index/packages/dobot_rviz\n'}
[0.159442] (dobot_rviz) StdoutLine: {'line': b'-- Up-to-date: /home/michael/dobot_ws/src/install/dobot_rviz/share/dobot_rviz/cmake/dobot_rvizConfig.cmake\n'}
[0.159462] (dobot_rviz) StdoutLine: {'line': b'-- Up-to-date: /home/michael/dobot_ws/src/install/dobot_rviz/share/dobot_rviz/cmake/dobot_rvizConfig-version.cmake\n'}
[0.159480] (dobot_rviz) StdoutLine: {'line': b'-- Up-to-date: /home/michael/dobot_ws/src/install/dobot_rviz/share/dobot_rviz/package.xml\n'}
[0.159499] (dobot_rviz) CommandEnded: {'returncode': 0}
[0.168549] (dobot_rviz) JobEnded: {'identifier': 'dobot_rviz', 'rc': 0}
[0.169031] (dobot_demo) JobStarted: {'identifier': 'dobot_demo'}
[0.201056] (-) TimerEvent: {}
[0.219977] (dobot_msgs_v4) StdoutLine: {'line': b'[  1%] Built target dobot_msgs_v4__rs\n'}
[0.249744] (dobot_msgs_v4) StdoutLine: {'line': b'\x1b[35m\x1b[1mConsolidate compiler generated dependencies of target dobot_msgs_v4__rosidl_generator_c\x1b[0m\n'}
[0.276464] (dobot_msgs_v4) StdoutLine: {'line': b'[  1%] \x1b[32mBuilding C object CMakeFiles/dobot_msgs_v4__rosidl_generator_c.dir/rosidl_generator_c/dobot_msgs_v4/srv/detail/stop_move_jog__functions.c.o\x1b[0m\n'}
[0.286855] (dobot_msgs_v4) StdoutLine: {'line': b'[  1%] Built target dobot_msgs_v4__cpp\n'}
[0.301148] (-) TimerEvent: {}
[0.342418] (dobot_msgs_v4) StdoutLine: {'line': b'[  1%] \x1b[32mBuilding C object CMakeFiles/dobot_msgs_v4__rosidl_generator_c.dir/rosidl_generator_c/dobot_msgs_v4/srv/detail/do_group__functions.c.o\x1b[0m\n'}
[0.343628] (dobot_msgs_v4) StdoutLine: {'line': b'[  1%] Built target ament_cmake_python_copy_dobot_msgs_v4\n'}
[0.367806] (dobot_msgs_v4) StdoutLine: {'line': b'[  1%] \x1b[34m\x1b[1mGenerating C++ type support for eProsima Fast-RTPS\x1b[0m\n'}
[0.402497] (-) TimerEvent: {}
[0.426887] (dobot_msgs_v4) StdoutLine: {'line': b'[  2%] \x1b[32mBuilding C object CMakeFiles/dobot_msgs_v4__rosidl_generator_c.dir/rosidl_generator_c/dobot_msgs_v4/srv/detail/brake_control__functions.c.o\x1b[0m\n'}
[0.503084] (-) TimerEvent: {}
[0.530409] (dobot_msgs_v4) StdoutLine: {'line': b'[  2%] \x1b[32mBuilding C object CMakeFiles/dobot_msgs_v4__rosidl_generator_c.dir/rosidl_generator_c/dobot_msgs_v4/srv/detail/start_drag__functions.c.o\x1b[0m\n'}
[0.603191] (-) TimerEvent: {}
[0.649067] (dobot_msgs_v4) StdoutLine: {'line': b'[  2%] \x1b[32mBuilding C object CMakeFiles/dobot_msgs_v4__rosidl_generator_c.dir/rosidl_generator_c/dobot_msgs_v4/srv/detail/enable_safe_skin__functions.c.o\x1b[0m\n'}
[0.703916] (-) TimerEvent: {}
[0.707123] (dobot_demo) Command: {'cmd': ['/usr/bin/python3', '-W', 'ignore:setup.py install is deprecated', '-W', 'ignore:easy_install command is deprecated', 'setup.py', 'egg_info', '--egg-base', '../../build/dobot_demo', 'build', '--build-base', '/home/michael/dobot_ws/src/build/dobot_demo/build', 'install', '--record', '/home/michael/dobot_ws/src/build/dobot_demo/install.log', '--single-version-externally-managed', 'install_data'], 'cwd': '/home/michael/dobot_ws/src/DOBOT_6Axis_ROS2_V4/dobot_demo', 'env': {'LESSOPEN': '| /usr/bin/lesspipe %s', 'USER': 'michael', 'XDG_SESSION_TYPE': 'wayland', 'SHLVL': '1', 'LD_LIBRARY_PATH': '/home/michael/dobot_ws/install/dobot_msgs_v4/lib:/usr/lib/x86_64-linux-gnu/gazebo-11/plugins:/opt/ros/humble/opt/rviz_ogre_vendor/lib:/opt/ros/humble/lib/x86_64-linux-gnu:/opt/ros/humble/lib', 'HOME': '/home/michael', 'OLDPWD': '/home/michael/dobot_ws', 'DESKTOP_SESSION': 'ubuntu', 'ROS_PYTHON_VERSION': '3', 'GNOME_SHELL_SESSION_MODE': 'ubuntu', 'GTK_MODULES': 'gail:atk-bridge', 'DOBOT_TYPE': 'cr3', 'SYSTEMD_EXEC_PID': '1277', 'DBUS_SESSION_BUS_ADDRESS': 'unix:path=/run/user/1000/bus', 'COLORTERM': 'truecolor', 'IP_address': '192.168.5.1', 'IM_CONFIG_PHASE': '1', 'WAYLAND_DISPLAY': 'wayland-0', 'COLCON_PREFIX_PATH': '/home/michael/dobot_ws/install', 'ROS_DISTRO': 'humble', 'LOGNAME': 'michael', '_': '/usr/bin/colcon', 'ROS_VERSION': '2', 'XDG_SESSION_CLASS': 'user', 'USERNAME': 'michael', 'TERM': 'xterm-256color', 'GNOME_DESKTOP_SESSION_ID': 'this-is-deprecated', 'ROS_LOCALHOST_ONLY': '0', 'PATH': '/opt/ros/humble/bin:/home/michael/.local/bin:/usr/local/sbin:/usr/local/bin:/usr/sbin:/usr/bin:/sbin:/bin:/usr/games:/usr/local/games:/snap/bin:/snap/bin', 'SESSION_MANAGER': 'local/michael-virtual-machine:@/tmp/.ICE-unix/1215,unix/michael-virtual-machine:/tmp/.ICE-unix/1215', 'XDG_MENU_PREFIX': 'gnome-', 'GNOME_TERMINAL_SCREEN': '/org/gnome/Terminal/screen/305fc0b6_e443_4417_9486_018d269c2fe7', 'GNOME_SETUP_DISPLAY': ':1', 'XDG_RUNTIME_DIR': '/run/user/1000', 'DISPLAY': ':0', 'LANG': 'en_US.UTF-8', 'XDG_CURRENT_DESKTOP': 'ubuntu:GNOME', 'XMODIFIERS': '@im=ibus', 'XDG_SESSION_DESKTOP': 'ubuntu', 'XAUTHORITY': '/run/user/1000/.mutter-Xwaylandauth.06SSO3', 'LS_COLORS': 'rs=0:di=01;34:ln=01;36:mh=00:pi=40;33:so=01;35:do=01;35:bd=40;33;01:cd=40;33;01:or=40;31;01:mi=00:su=37;41:sg=30;43:ca=30;41:tw=30;42:ow=34;42:st=37;44:ex=01;32:*.tar=01;31:*.tgz=01;31:*.arc=01;31:*.arj=01;31:*.taz=01;31:*.lha=01;31:*.lz4=01;31:*.lzh=01;31:*.lzma=01;31:*.tlz=01;31:*.txz=01;31:*.tzo=01;31:*.t7z=01;31:*.zip=01;31:*.z=01;31:*.dz=01;31:*.gz=01;31:*.lrz=01;31:*.lz=01;31:*.lzo=01;31:*.xz=01;31:*.zst=01;31:*.tzst=01;31:*.bz2=01;31:*.bz=01;31:*.tbz=01;31:*.tbz2=01;31:*.tz=01;31:*.deb=01;31:*.rpm=01;31:*.jar=01;31:*.war=01;31:*.ear=01;31:*.sar=01;31:*.rar=01;31:*.alz=01;31:*.ace=01;31:*.zoo=01;31:*.cpio=01;31:*.7z=01;31:*.rz=01;31:*.cab=01;31:*.wim=01;31:*.swm=01;31:*.dwm=01;31:*.esd=01;31:*.jpg=01;35:*.jpeg=01;35:*.mjpg=01;35:*.mjpeg=01;35:*.gif=01;35:*.bmp=01;35:*.pbm=01;35:*.pgm=01;35:*.ppm=01;35:*.tga=01;35:*.xbm=01;35:*.xpm=01;35:*.tif=01;35:*.tiff=01;35:*.png=01;35:*.svg=01;35:*.svgz=01;35:*.mng=01;35:*.pcx=01;35:*.mov=01;35:*.mpg=01;35:*.mpeg=01;35:*.m2v=01;35:*.mkv=01;35:*.webm=01;35:*.webp=01;35:*.ogm=01;35:*.mp4=01;35:*.m4v=01;35:*.mp4v=01;35:*.vob=01;35:*.qt=01;35:*.nuv=01;35:*.wmv=01;35:*.asf=01;35:*.rm=01;35:*.rmvb=01;35:*.flc=01;35:*.avi=01;35:*.fli=01;35:*.flv=01;35:*.gl=01;35:*.dl=01;35:*.xcf=01;35:*.xwd=01;35:*.yuv=01;35:*.cgm=01;35:*.emf=01;35:*.ogv=01;35:*.ogx=01;35:*.aac=00;36:*.au=00;36:*.flac=00;36:*.m4a=00;36:*.mid=00;36:*.midi=00;36:*.mka=00;36:*.mp3=00;36:*.mpc=00;36:*.ogg=00;36:*.ra=00;36:*.wav=00;36:*.oga=00;36:*.opus=00;36:*.spx=00;36:*.xspf=00;36:', 'GNOME_TERMINAL_SERVICE': ':1.102', 'SSH_AGENT_LAUNCHER': 'gnome-keyring', 'SSH_AUTH_SOCK': '/run/user/1000/keyring/ssh', 'AMENT_PREFIX_PATH': '/home/michael/dobot_ws/install/servo_action:/home/michael/dobot_ws/install/nova5_moveit:/home/michael/dobot_ws/install/nova2_moveit:/home/michael/dobot_ws/install/me6_moveit:/home/michael/dobot_ws/install/cr7_moveit:/home/michael/dobot_ws/install/cr5_moveit:/home/michael/dobot_ws/install/cr3_moveit:/home/michael/dobot_ws/install/cr30h_moveit:/home/michael/dobot_ws/install/cr20_moveit:/home/michael/dobot_ws/install/cr16_moveit:/home/michael/dobot_ws/install/cr12_moveit:/home/michael/dobot_ws/install/cr10af_moveit:/home/michael/dobot_ws/install/cr10_moveit:/home/michael/dobot_ws/install/dobot_rviz:/home/michael/dobot_ws/install/cr_robot_ros2:/home/michael/dobot_ws/install/dobot_msgs_v4:/home/michael/dobot_ws/install/dobot_moveit:/home/michael/dobot_ws/install/dobot_gazebo:/home/michael/dobot_ws/install/dobot_demo:/home/michael/dobot_ws/install/cra_description:/opt/ros/humble', 'SHELL': '/bin/bash', 'QT_ACCESSIBILITY': '1', 'GDMSESSION': 'ubuntu', 'LESSCLOSE': '/usr/bin/lesspipe %s %s', 'QT_IM_MODULE': 'ibus', 'PWD': '/home/michael/dobot_ws/src/build/dobot_demo', 'LC_ALL': 'en_US.UTF-8', 'XDG_CONFIG_DIRS': '/etc/xdg/xdg-ubuntu:/etc/xdg', 'XDG_DATA_DIRS': '/usr/share/ubuntu:/usr/local/share/:/usr/share/:/var/lib/snapd/desktop', 'PYTHONPATH': '/home/michael/dobot_ws/src/build/dobot_demo/prefix_override:/usr/lib/python3/dist-packages/colcon_core/task/python/colcon_distutils_commands:/home/michael/dobot_ws/src/install/dobot_demo/lib/python3.10/site-packages:/home/michael/dobot_ws/install/servo_action/lib/python3.10/site-packages:/home/michael/dobot_ws/install/dobot_msgs_v4/local/lib/python3.10/dist-packages:/home/michael/dobot_ws/install/dobot_moveit/lib/python3.10/site-packages:/home/michael/dobot_ws/install/dobot_demo/lib/python3.10/site-packages:/opt/ros/humble/lib/python3.10/site-packages:/opt/ros/humble/local/lib/python3.10/dist-packages', 'COLCON': '1', 'VTE_VERSION': '6800', 'CMAKE_PREFIX_PATH': '/home/michael/dobot_ws/install/nova5_moveit:/home/michael/dobot_ws/install/nova2_moveit:/home/michael/dobot_ws/install/me6_moveit:/home/michael/dobot_ws/install/cr7_moveit:/home/michael/dobot_ws/install/cr5_moveit:/home/michael/dobot_ws/install/cr3_moveit:/home/michael/dobot_ws/install/cr30h_moveit:/home/michael/dobot_ws/install/cr20_moveit:/home/michael/dobot_ws/install/cr16_moveit:/home/michael/dobot_ws/install/cr12_moveit:/home/michael/dobot_ws/install/cr10af_moveit:/home/michael/dobot_ws/install/cr10_moveit:/home/michael/dobot_ws/install/dobot_rviz:/home/michael/dobot_ws/install/cr_robot_ros2:/home/michael/dobot_ws/install/dobot_msgs_v4:/home/michael/dobot_ws/install/dobot_gazebo:/home/michael/dobot_ws/install/cra_description'}, 'shell': False}
[0.747551] (dobot_msgs_v4) StdoutLine: {'line': b'[  2%] \x1b[32mBuilding C object CMakeFiles/dobot_msgs_v4__rosidl_generator_c.dir/rosidl_generator_c/dobot_msgs_v4/srv/detail/get_start_pose__functions.c.o\x1b[0m\n'}
[0.804510] (-) TimerEvent: {}
[0.868800] (dobot_demo) StdoutLine: {'line': b'running egg_info\n'}
[0.869035] (dobot_demo) StdoutLine: {'line': b'writing ../../build/dobot_demo/dobot_demo.egg-info/PKG-INFO\n'}
[0.869096] (dobot_demo) StdoutLine: {'line': b'writing dependency_links to ../../build/dobot_demo/dobot_demo.egg-info/dependency_links.txt\n'}
[0.870100] (dobot_demo) StdoutLine: {'line': b'writing entry points to ../../build/dobot_demo/dobot_demo.egg-info/entry_points.txt\n'}
[0.870136] (dobot_demo) StdoutLine: {'line': b'writing requirements to ../../build/dobot_demo/dobot_demo.egg-info/requires.txt\n'}
[0.870160] (dobot_demo) StdoutLine: {'line': b'writing top-level names to ../../build/dobot_demo/dobot_demo.egg-info/top_level.txt\n'}
[0.871118] (dobot_demo) StdoutLine: {'line': b"reading manifest file '../../build/dobot_demo/dobot_demo.egg-info/SOURCES.txt'\n"}
[0.871671] (dobot_demo) StdoutLine: {'line': b"writing manifest file '../../build/dobot_demo/dobot_demo.egg-info/SOURCES.txt'\n"}
[0.871721] (dobot_demo) StdoutLine: {'line': b'running build\n'}
[0.871744] (dobot_demo) StdoutLine: {'line': b'running build_py\n'}
[0.871765] (dobot_demo) StdoutLine: {'line': b'running install\n'}
[0.871784] (dobot_demo) StdoutLine: {'line': b'running install_lib\n'}
[0.872291] (dobot_demo) StdoutLine: {'line': b'running install_data\n'}
[0.872355] (dobot_demo) StdoutLine: {'line': b'running install_egg_info\n'}
[0.873825] (dobot_msgs_v4) StdoutLine: {'line': b'[  2%] \x1b[32mBuilding C object CMakeFiles/dobot_msgs_v4__rosidl_generator_c.dir/rosidl_generator_c/dobot_msgs_v4/srv/detail/start_path__functions.c.o\x1b[0m\n'}
[0.874555] (dobot_demo) StdoutLine: {'line': b"removing '/home/michael/dobot_ws/src/install/dobot_demo/lib/python3.10/site-packages/dobot_demo-0.0.0-py3.10.egg-info' (and everything under it)\n"}
[0.874607] (dobot_demo) StdoutLine: {'line': b'Copying ../../build/dobot_demo/dobot_demo.egg-info to /home/michael/dobot_ws/src/install/dobot_demo/lib/python3.10/site-packages/dobot_demo-0.0.0-py3.10.egg-info\n'}
[0.874856] (dobot_demo) StdoutLine: {'line': b'running install_scripts\n'}
[0.887070] (dobot_demo) StdoutLine: {'line': b'Installing demo script to /home/michael/dobot_ws/src/install/dobot_demo/lib/dobot_demo\n'}
[0.888652] (dobot_demo) StdoutLine: {'line': b"writing list of installed files to '/home/michael/dobot_ws/src/build/dobot_demo/install.log'\n"}
[0.903269] (dobot_demo) CommandEnded: {'returncode': 0}
[0.904836] (-) TimerEvent: {}
[0.915632] (dobot_demo) JobEnded: {'identifier': 'dobot_demo', 'rc': 0}
[0.916229] (dobot_moveit) JobStarted: {'identifier': 'dobot_moveit'}
[0.941403] (dobot_msgs_v4) StdoutLine: {'line': b'[  2%] \x1b[32mBuilding C object CMakeFiles/dobot_msgs_v4__rosidl_generator_c.dir/rosidl_generator_c/dobot_msgs_v4/srv/detail/inverse_solution__functions.c.o\x1b[0m\n'}
[1.004947] (-) TimerEvent: {}
[1.036413] (dobot_msgs_v4) StdoutLine: {'line': b'[  2%] \x1b[32mBuilding C object CMakeFiles/dobot_msgs_v4__rosidl_generator_c.dir/rosidl_generator_c/dobot_msgs_v4/srv/detail/get_error_id__functions.c.o\x1b[0m\n'}
[1.105587] (-) TimerEvent: {}
[1.138492] (dobot_msgs_v4) StdoutLine: {'line': b'[  2%] \x1b[32mBuilding C object CMakeFiles/dobot_msgs_v4__rosidl_generator_c.dir/rosidl_generator_c/dobot_msgs_v4/srv/detail/di__functions.c.o\x1b[0m\n'}
[1.205739] (-) TimerEvent: {}
[1.219217] (dobot_msgs_v4) StdoutLine: {'line': b'[  2%] \x1b[32mBuilding C object CMakeFiles/dobot_msgs_v4__rosidl_generator_c.dir/rosidl_generator_c/dobot_msgs_v4/srv/detail/tool_di__functions.c.o\x1b[0m\n'}
[1.297722] (dobot_msgs_v4) StdoutLine: {'line': b'[  2%] \x1b[32mBuilding C object CMakeFiles/dobot_msgs_v4__rosidl_generator_c.dir/rosidl_generator_c/dobot_msgs_v4/srv/detail/ai__functions.c.o\x1b[0m\n'}
[1.306506] (-) TimerEvent: {}
[1.377095] (dobot_msgs_v4) StdoutLine: {'line': b'[  3%] \x1b[32mBuilding C object CMakeFiles/dobot_msgs_v4__rosidl_generator_c.dir/rosidl_generator_c/dobot_msgs_v4/srv/detail/tool_ai__functions.c.o\x1b[0m\n'}
[1.406584] (-) TimerEvent: {}
[1.467204] (dobot_msgs_v4) StdoutLine: {'line': b'[  3%] \x1b[32mBuilding C object CMakeFiles/dobot_msgs_v4__rosidl_generator_c.dir/rosidl_generator_c/dobot_msgs_v4/srv/detail/di_group__functions.c.o\x1b[0m\n'}
[1.506705] (-) TimerEvent: {}
[1.538929] (dobot_msgs_v4) StdoutLine: {'line': b'[  3%] \x1b[32mBuilding C object CMakeFiles/dobot_msgs_v4__rosidl_generator_c.dir/rosidl_generator_c/dobot_msgs_v4/srv/detail/stop_drag__functions.c.o\x1b[0m\n'}
[1.577880] (dobot_msgs_v4) StdoutLine: {'line': b'[  3%] \x1b[32mBuilding C object CMakeFiles/dobot_msgs_v4__rosidl_generator_c.dir/rosidl_generator_c/dobot_msgs_v4/srv/detail/drag_sensivity__functions.c.o\x1b[0m\n'}
[1.607281] (-) TimerEvent: {}
[1.629514] (dobot_moveit) Command: {'cmd': ['/usr/bin/python3', '-W', 'ignore:setup.py install is deprecated', '-W', 'ignore:easy_install command is deprecated', 'setup.py', 'egg_info', '--egg-base', '../../build/dobot_moveit', 'build', '--build-base', '/home/michael/dobot_ws/src/build/dobot_moveit/build', 'install', '--record', '/home/michael/dobot_ws/src/build/dobot_moveit/install.log', '--single-version-externally-managed', 'install_data'], 'cwd': '/home/michael/dobot_ws/src/DOBOT_6Axis_ROS2_V4/dobot_moveit', 'env': {'LESSOPEN': '| /usr/bin/lesspipe %s', 'USER': 'michael', 'XDG_SESSION_TYPE': 'wayland', 'SHLVL': '1', 'LD_LIBRARY_PATH': '/home/michael/dobot_ws/install/dobot_msgs_v4/lib:/usr/lib/x86_64-linux-gnu/gazebo-11/plugins:/opt/ros/humble/opt/rviz_ogre_vendor/lib:/opt/ros/humble/lib/x86_64-linux-gnu:/opt/ros/humble/lib', 'HOME': '/home/michael', 'OLDPWD': '/home/michael/dobot_ws', 'DESKTOP_SESSION': 'ubuntu', 'ROS_PYTHON_VERSION': '3', 'GNOME_SHELL_SESSION_MODE': 'ubuntu', 'GTK_MODULES': 'gail:atk-bridge', 'DOBOT_TYPE': 'cr3', 'SYSTEMD_EXEC_PID': '1277', 'DBUS_SESSION_BUS_ADDRESS': 'unix:path=/run/user/1000/bus', 'COLORTERM': 'truecolor', 'IP_address': '192.168.5.1', 'IM_CONFIG_PHASE': '1', 'WAYLAND_DISPLAY': 'wayland-0', 'COLCON_PREFIX_PATH': '/home/michael/dobot_ws/install', 'ROS_DISTRO': 'humble', 'LOGNAME': 'michael', '_': '/usr/bin/colcon', 'ROS_VERSION': '2', 'XDG_SESSION_CLASS': 'user', 'USERNAME': 'michael', 'TERM': 'xterm-256color', 'GNOME_DESKTOP_SESSION_ID': 'this-is-deprecated', 'ROS_LOCALHOST_ONLY': '0', 'PATH': '/opt/ros/humble/bin:/home/michael/.local/bin:/usr/local/sbin:/usr/local/bin:/usr/sbin:/usr/bin:/sbin:/bin:/usr/games:/usr/local/games:/snap/bin:/snap/bin', 'SESSION_MANAGER': 'local/michael-virtual-machine:@/tmp/.ICE-unix/1215,unix/michael-virtual-machine:/tmp/.ICE-unix/1215', 'XDG_MENU_PREFIX': 'gnome-', 'GNOME_TERMINAL_SCREEN': '/org/gnome/Terminal/screen/305fc0b6_e443_4417_9486_018d269c2fe7', 'GNOME_SETUP_DISPLAY': ':1', 'XDG_RUNTIME_DIR': '/run/user/1000', 'DISPLAY': ':0', 'LANG': 'en_US.UTF-8', 'XDG_CURRENT_DESKTOP': 'ubuntu:GNOME', 'XMODIFIERS': '@im=ibus', 'XDG_SESSION_DESKTOP': 'ubuntu', 'XAUTHORITY': '/run/user/1000/.mutter-Xwaylandauth.06SSO3', 'LS_COLORS': 'rs=0:di=01;34:ln=01;36:mh=00:pi=40;33:so=01;35:do=01;35:bd=40;33;01:cd=40;33;01:or=40;31;01:mi=00:su=37;41:sg=30;43:ca=30;41:tw=30;42:ow=34;42:st=37;44:ex=01;32:*.tar=01;31:*.tgz=01;31:*.arc=01;31:*.arj=01;31:*.taz=01;31:*.lha=01;31:*.lz4=01;31:*.lzh=01;31:*.lzma=01;31:*.tlz=01;31:*.txz=01;31:*.tzo=01;31:*.t7z=01;31:*.zip=01;31:*.z=01;31:*.dz=01;31:*.gz=01;31:*.lrz=01;31:*.lz=01;31:*.lzo=01;31:*.xz=01;31:*.zst=01;31:*.tzst=01;31:*.bz2=01;31:*.bz=01;31:*.tbz=01;31:*.tbz2=01;31:*.tz=01;31:*.deb=01;31:*.rpm=01;31:*.jar=01;31:*.war=01;31:*.ear=01;31:*.sar=01;31:*.rar=01;31:*.alz=01;31:*.ace=01;31:*.zoo=01;31:*.cpio=01;31:*.7z=01;31:*.rz=01;31:*.cab=01;31:*.wim=01;31:*.swm=01;31:*.dwm=01;31:*.esd=01;31:*.jpg=01;35:*.jpeg=01;35:*.mjpg=01;35:*.mjpeg=01;35:*.gif=01;35:*.bmp=01;35:*.pbm=01;35:*.pgm=01;35:*.ppm=01;35:*.tga=01;35:*.xbm=01;35:*.xpm=01;35:*.tif=01;35:*.tiff=01;35:*.png=01;35:*.svg=01;35:*.svgz=01;35:*.mng=01;35:*.pcx=01;35:*.mov=01;35:*.mpg=01;35:*.mpeg=01;35:*.m2v=01;35:*.mkv=01;35:*.webm=01;35:*.webp=01;35:*.ogm=01;35:*.mp4=01;35:*.m4v=01;35:*.mp4v=01;35:*.vob=01;35:*.qt=01;35:*.nuv=01;35:*.wmv=01;35:*.asf=01;35:*.rm=01;35:*.rmvb=01;35:*.flc=01;35:*.avi=01;35:*.fli=01;35:*.flv=01;35:*.gl=01;35:*.dl=01;35:*.xcf=01;35:*.xwd=01;35:*.yuv=01;35:*.cgm=01;35:*.emf=01;35:*.ogv=01;35:*.ogx=01;35:*.aac=00;36:*.au=00;36:*.flac=00;36:*.m4a=00;36:*.mid=00;36:*.midi=00;36:*.mka=00;36:*.mp3=00;36:*.mpc=00;36:*.ogg=00;36:*.ra=00;36:*.wav=00;36:*.oga=00;36:*.opus=00;36:*.spx=00;36:*.xspf=00;36:', 'GNOME_TERMINAL_SERVICE': ':1.102', 'SSH_AGENT_LAUNCHER': 'gnome-keyring', 'SSH_AUTH_SOCK': '/run/user/1000/keyring/ssh', 'AMENT_PREFIX_PATH': '/home/michael/dobot_ws/install/servo_action:/home/michael/dobot_ws/install/nova5_moveit:/home/michael/dobot_ws/install/nova2_moveit:/home/michael/dobot_ws/install/me6_moveit:/home/michael/dobot_ws/install/cr7_moveit:/home/michael/dobot_ws/install/cr5_moveit:/home/michael/dobot_ws/install/cr3_moveit:/home/michael/dobot_ws/install/cr30h_moveit:/home/michael/dobot_ws/install/cr20_moveit:/home/michael/dobot_ws/install/cr16_moveit:/home/michael/dobot_ws/install/cr12_moveit:/home/michael/dobot_ws/install/cr10af_moveit:/home/michael/dobot_ws/install/cr10_moveit:/home/michael/dobot_ws/install/dobot_rviz:/home/michael/dobot_ws/install/cr_robot_ros2:/home/michael/dobot_ws/install/dobot_msgs_v4:/home/michael/dobot_ws/install/dobot_moveit:/home/michael/dobot_ws/install/dobot_gazebo:/home/michael/dobot_ws/install/dobot_demo:/home/michael/dobot_ws/install/cra_description:/opt/ros/humble', 'SHELL': '/bin/bash', 'QT_ACCESSIBILITY': '1', 'GDMSESSION': 'ubuntu', 'LESSCLOSE': '/usr/bin/lesspipe %s %s', 'QT_IM_MODULE': 'ibus', 'PWD': '/home/michael/dobot_ws/src/build/dobot_moveit', 'LC_ALL': 'en_US.UTF-8', 'XDG_CONFIG_DIRS': '/etc/xdg/xdg-ubuntu:/etc/xdg', 'XDG_DATA_DIRS': '/usr/share/ubuntu:/usr/local/share/:/usr/share/:/var/lib/snapd/desktop', 'PYTHONPATH': '/home/michael/dobot_ws/src/build/dobot_moveit/prefix_override:/usr/lib/python3/dist-packages/colcon_core/task/python/colcon_distutils_commands:/home/michael/dobot_ws/src/install/dobot_moveit/lib/python3.10/site-packages:/home/michael/dobot_ws/install/servo_action/lib/python3.10/site-packages:/home/michael/dobot_ws/install/dobot_msgs_v4/local/lib/python3.10/dist-packages:/home/michael/dobot_ws/install/dobot_moveit/lib/python3.10/site-packages:/home/michael/dobot_ws/install/dobot_demo/lib/python3.10/site-packages:/opt/ros/humble/lib/python3.10/site-packages:/opt/ros/humble/local/lib/python3.10/dist-packages', 'COLCON': '1', 'VTE_VERSION': '6800', 'CMAKE_PREFIX_PATH': '/home/michael/dobot_ws/install/nova5_moveit:/home/michael/dobot_ws/install/nova2_moveit:/home/michael/dobot_ws/install/me6_moveit:/home/michael/dobot_ws/install/cr7_moveit:/home/michael/dobot_ws/install/cr5_moveit:/home/michael/dobot_ws/install/cr3_moveit:/home/michael/dobot_ws/install/cr30h_moveit:/home/michael/dobot_ws/install/cr20_moveit:/home/michael/dobot_ws/install/cr16_moveit:/home/michael/dobot_ws/install/cr12_moveit:/home/michael/dobot_ws/install/cr10af_moveit:/home/michael/dobot_ws/install/cr10_moveit:/home/michael/dobot_ws/install/dobot_rviz:/home/michael/dobot_ws/install/cr_robot_ros2:/home/michael/dobot_ws/install/dobot_msgs_v4:/home/michael/dobot_ws/install/dobot_gazebo:/home/michael/dobot_ws/install/cra_description'}, 'shell': False}
[1.650577] (dobot_msgs_v4) StdoutLine: {'line': b'[  3%] \x1b[32mBuilding C object CMakeFiles/dobot_msgs_v4__rosidl_generator_c.dir/rosidl_generator_c/dobot_msgs_v4/srv/detail/get_do__functions.c.o\x1b[0m\n'}
[1.693026] (dobot_msgs_v4) StdoutLine: {'line': b'[  3%] \x1b[32mBuilding C object CMakeFiles/dobot_msgs_v4__rosidl_generator_c.dir/rosidl_generator_c/dobot_msgs_v4/srv/detail/get_ao__functions.c.o\x1b[0m\n'}
[1.708564] (-) TimerEvent: {}
[1.734555] (dobot_msgs_v4) StdoutLine: {'line': b'[  3%] \x1b[32mBuilding C object CMakeFiles/dobot_msgs_v4__rosidl_generator_c.dir/rosidl_generator_c/dobot_msgs_v4/srv/detail/get_do_group__functions.c.o\x1b[0m\n'}
[1.784236] (dobot_msgs_v4) StdoutLine: {'line': b'[  3%] \x1b[32mBuilding C object CMakeFiles/dobot_msgs_v4__rosidl_generator_c.dir/rosidl_generator_c/dobot_msgs_v4/srv/detail/set_tool485__functions.c.o\x1b[0m\n'}
[1.808679] (-) TimerEvent: {}
[1.823868] (dobot_msgs_v4) StdoutLine: {'line': b'[  3%] \x1b[32mBuilding C object CMakeFiles/dobot_msgs_v4__rosidl_generator_c.dir/rosidl_generator_c/dobot_msgs_v4/srv/detail/set_safe_wall_enable__functions.c.o\x1b[0m\n'}
[1.882230] (dobot_msgs_v4) StdoutLine: {'line': b'[  3%] \x1b[32mBuilding C object CMakeFiles/dobot_msgs_v4__rosidl_generator_c.dir/rosidl_generator_c/dobot_msgs_v4/srv/detail/set_tool_power__functions.c.o\x1b[0m\n'}
[1.908802] (-) TimerEvent: {}
[1.938055] (dobot_moveit) StdoutLine: {'line': b'running egg_info\n'}
[1.939760] (dobot_moveit) StdoutLine: {'line': b'writing ../../build/dobot_moveit/dobot_moveit.egg-info/PKG-INFO\n'}
[1.940159] (dobot_moveit) StdoutLine: {'line': b'writing dependency_links to ../../build/dobot_moveit/dobot_moveit.egg-info/dependency_links.txt\n'}
[1.940726] (dobot_moveit) StdoutLine: {'line': b'writing entry points to ../../build/dobot_moveit/dobot_moveit.egg-info/entry_points.txt\n'}
[1.943235] (dobot_moveit) StdoutLine: {'line': b'writing requirements to ../../build/dobot_moveit/dobot_moveit.egg-info/requires.txt\n'}
[1.943295] (dobot_moveit) StdoutLine: {'line': b'writing top-level names to ../../build/dobot_moveit/dobot_moveit.egg-info/top_level.txt\n'}
[1.947574] (dobot_moveit) StdoutLine: {'line': b"reading manifest file '../../build/dobot_moveit/dobot_moveit.egg-info/SOURCES.txt'\n"}
[1.950189] (dobot_moveit) StdoutLine: {'line': b"writing manifest file '../../build/dobot_moveit/dobot_moveit.egg-info/SOURCES.txt'\n"}
[1.950257] (dobot_moveit) StdoutLine: {'line': b'running build\n'}
[1.950553] (dobot_moveit) StdoutLine: {'line': b'running build_py\n'}
[1.950586] (dobot_moveit) StdoutLine: {'line': b'running install\n'}
[1.950610] (dobot_moveit) StdoutLine: {'line': b'running install_lib\n'}
[1.951716] (dobot_moveit) StdoutLine: {'line': b'running install_data\n'}
[1.951769] (dobot_moveit) StdoutLine: {'line': b'running install_egg_info\n'}
[1.952414] (dobot_moveit) StdoutLine: {'line': b"removing '/home/michael/dobot_ws/src/install/dobot_moveit/lib/python3.10/site-packages/dobot_moveit-0.0.0-py3.10.egg-info' (and everything under it)\n"}
[1.952893] (dobot_moveit) StdoutLine: {'line': b'Copying ../../build/dobot_moveit/dobot_moveit.egg-info to /home/michael/dobot_ws/src/install/dobot_moveit/lib/python3.10/site-packages/dobot_moveit-0.0.0-py3.10.egg-info\n'}
[1.953300] (dobot_moveit) StdoutLine: {'line': b'running install_scripts\n'}
[1.968904] (dobot_moveit) StdoutLine: {'line': b'Installing action_move_server script to /home/michael/dobot_ws/src/install/dobot_moveit/lib/dobot_moveit\n'}
[1.969264] (dobot_moveit) StdoutLine: {'line': b'Installing joint_states script to /home/michael/dobot_ws/src/install/dobot_moveit/lib/dobot_moveit\n'}
[1.969543] (dobot_moveit) StdoutLine: {'line': b"writing list of installed files to '/home/michael/dobot_ws/src/build/dobot_moveit/install.log'\n"}
[1.982002] (dobot_msgs_v4) StdoutLine: {'line': b'[  3%] \x1b[32mBuilding C object CMakeFiles/dobot_msgs_v4__rosidl_generator_c.dir/rosidl_generator_c/dobot_msgs_v4/srv/detail/set_tool_mode__functions.c.o\x1b[0m\n'}
[1.985267] (dobot_moveit) CommandEnded: {'returncode': 0}
[1.990787] (dobot_moveit) JobEnded: {'identifier': 'dobot_moveit', 'rc': 0}
[1.991200] (servo_action) JobStarted: {'identifier': 'servo_action'}
[2.010116] (-) TimerEvent: {}
[2.065391] (dobot_msgs_v4) StdoutLine: {'line': b'[  4%] \x1b[32mBuilding C object CMakeFiles/dobot_msgs_v4__rosidl_generator_c.dir/rosidl_generator_c/dobot_msgs_v4/srv/detail/set_back_distance__functions.c.o\x1b[0m\n'}
[2.110215] (-) TimerEvent: {}
[2.153295] (dobot_msgs_v4) StdoutLine: {'line': b'[  4%] \x1b[32mBuilding C object CMakeFiles/dobot_msgs_v4__rosidl_generator_c.dir/rosidl_generator_c/dobot_msgs_v4/srv/detail/set_post_collision_mode__functions.c.o\x1b[0m\n'}
[2.211253] (-) TimerEvent: {}
[2.232152] (dobot_msgs_v4) StdoutLine: {'line': b'[  4%] \x1b[32mBuilding C object CMakeFiles/dobot_msgs_v4__rosidl_generator_c.dir/rosidl_generator_c/dobot_msgs_v4/srv/detail/set_user__functions.c.o\x1b[0m\n'}
[2.312816] (dobot_msgs_v4) StdoutLine: {'line': b'[  4%] \x1b[32mBuilding C object CMakeFiles/dobot_msgs_v4__rosidl_generator_c.dir/rosidl_generator_c/dobot_msgs_v4/srv/detail/set_tool__functions.c.o\x1b[0m\n'}
[2.312955] (-) TimerEvent: {}
[2.388598] (dobot_msgs_v4) StdoutLine: {'line': b'[  4%] \x1b[32mBuilding C object CMakeFiles/dobot_msgs_v4__rosidl_generator_c.dir/rosidl_generator_c/dobot_msgs_v4/srv/detail/calc_user__functions.c.o\x1b[0m\n'}
[2.413068] (-) TimerEvent: {}
[2.466446] (dobot_msgs_v4) StdoutLine: {'line': b'[  4%] \x1b[32mBuilding C object CMakeFiles/dobot_msgs_v4__rosidl_generator_c.dir/rosidl_generator_c/dobot_msgs_v4/srv/detail/calc_tool__functions.c.o\x1b[0m\n'}
[2.513915] (-) TimerEvent: {}
[2.542273] (dobot_msgs_v4) StdoutLine: {'line': b'[  4%] \x1b[32mBuilding C object CMakeFiles/dobot_msgs_v4__rosidl_generator_c.dir/rosidl_generator_c/dobot_msgs_v4/srv/detail/get_input_bool__functions.c.o\x1b[0m\n'}
[2.613975] (-) TimerEvent: {}
[2.626090] (dobot_msgs_v4) StdoutLine: {'line': b'[  4%] \x1b[32mBuilding C object CMakeFiles/dobot_msgs_v4__rosidl_generator_c.dir/rosidl_generator_c/dobot_msgs_v4/srv/detail/get_input_int__functions.c.o\x1b[0m\n'}
[2.676583] (servo_action) Command: {'cmd': ['/usr/bin/python3', '-W', 'ignore:setup.py install is deprecated', '-W', 'ignore:easy_install command is deprecated', 'setup.py', 'egg_info', '--egg-base', '../../build/servo_action', 'build', '--build-base', '/home/michael/dobot_ws/src/build/servo_action/build', 'install', '--record', '/home/michael/dobot_ws/src/build/servo_action/install.log', '--single-version-externally-managed', 'install_data'], 'cwd': '/home/michael/dobot_ws/src/DOBOT_6Axis_ROS2_V4/servo_action', 'env': {'LESSOPEN': '| /usr/bin/lesspipe %s', 'USER': 'michael', 'XDG_SESSION_TYPE': 'wayland', 'SHLVL': '1', 'LD_LIBRARY_PATH': '/home/michael/dobot_ws/install/dobot_msgs_v4/lib:/usr/lib/x86_64-linux-gnu/gazebo-11/plugins:/opt/ros/humble/opt/rviz_ogre_vendor/lib:/opt/ros/humble/lib/x86_64-linux-gnu:/opt/ros/humble/lib', 'HOME': '/home/michael', 'OLDPWD': '/home/michael/dobot_ws', 'DESKTOP_SESSION': 'ubuntu', 'ROS_PYTHON_VERSION': '3', 'GNOME_SHELL_SESSION_MODE': 'ubuntu', 'GTK_MODULES': 'gail:atk-bridge', 'DOBOT_TYPE': 'cr3', 'SYSTEMD_EXEC_PID': '1277', 'DBUS_SESSION_BUS_ADDRESS': 'unix:path=/run/user/1000/bus', 'COLORTERM': 'truecolor', 'IP_address': '192.168.5.1', 'IM_CONFIG_PHASE': '1', 'WAYLAND_DISPLAY': 'wayland-0', 'COLCON_PREFIX_PATH': '/home/michael/dobot_ws/install', 'ROS_DISTRO': 'humble', 'LOGNAME': 'michael', '_': '/usr/bin/colcon', 'ROS_VERSION': '2', 'XDG_SESSION_CLASS': 'user', 'USERNAME': 'michael', 'TERM': 'xterm-256color', 'GNOME_DESKTOP_SESSION_ID': 'this-is-deprecated', 'ROS_LOCALHOST_ONLY': '0', 'PATH': '/opt/ros/humble/bin:/home/michael/.local/bin:/usr/local/sbin:/usr/local/bin:/usr/sbin:/usr/bin:/sbin:/bin:/usr/games:/usr/local/games:/snap/bin:/snap/bin', 'SESSION_MANAGER': 'local/michael-virtual-machine:@/tmp/.ICE-unix/1215,unix/michael-virtual-machine:/tmp/.ICE-unix/1215', 'XDG_MENU_PREFIX': 'gnome-', 'GNOME_TERMINAL_SCREEN': '/org/gnome/Terminal/screen/305fc0b6_e443_4417_9486_018d269c2fe7', 'GNOME_SETUP_DISPLAY': ':1', 'XDG_RUNTIME_DIR': '/run/user/1000', 'DISPLAY': ':0', 'LANG': 'en_US.UTF-8', 'XDG_CURRENT_DESKTOP': 'ubuntu:GNOME', 'XMODIFIERS': '@im=ibus', 'XDG_SESSION_DESKTOP': 'ubuntu', 'XAUTHORITY': '/run/user/1000/.mutter-Xwaylandauth.06SSO3', 'LS_COLORS': 'rs=0:di=01;34:ln=01;36:mh=00:pi=40;33:so=01;35:do=01;35:bd=40;33;01:cd=40;33;01:or=40;31;01:mi=00:su=37;41:sg=30;43:ca=30;41:tw=30;42:ow=34;42:st=37;44:ex=01;32:*.tar=01;31:*.tgz=01;31:*.arc=01;31:*.arj=01;31:*.taz=01;31:*.lha=01;31:*.lz4=01;31:*.lzh=01;31:*.lzma=01;31:*.tlz=01;31:*.txz=01;31:*.tzo=01;31:*.t7z=01;31:*.zip=01;31:*.z=01;31:*.dz=01;31:*.gz=01;31:*.lrz=01;31:*.lz=01;31:*.lzo=01;31:*.xz=01;31:*.zst=01;31:*.tzst=01;31:*.bz2=01;31:*.bz=01;31:*.tbz=01;31:*.tbz2=01;31:*.tz=01;31:*.deb=01;31:*.rpm=01;31:*.jar=01;31:*.war=01;31:*.ear=01;31:*.sar=01;31:*.rar=01;31:*.alz=01;31:*.ace=01;31:*.zoo=01;31:*.cpio=01;31:*.7z=01;31:*.rz=01;31:*.cab=01;31:*.wim=01;31:*.swm=01;31:*.dwm=01;31:*.esd=01;31:*.jpg=01;35:*.jpeg=01;35:*.mjpg=01;35:*.mjpeg=01;35:*.gif=01;35:*.bmp=01;35:*.pbm=01;35:*.pgm=01;35:*.ppm=01;35:*.tga=01;35:*.xbm=01;35:*.xpm=01;35:*.tif=01;35:*.tiff=01;35:*.png=01;35:*.svg=01;35:*.svgz=01;35:*.mng=01;35:*.pcx=01;35:*.mov=01;35:*.mpg=01;35:*.mpeg=01;35:*.m2v=01;35:*.mkv=01;35:*.webm=01;35:*.webp=01;35:*.ogm=01;35:*.mp4=01;35:*.m4v=01;35:*.mp4v=01;35:*.vob=01;35:*.qt=01;35:*.nuv=01;35:*.wmv=01;35:*.asf=01;35:*.rm=01;35:*.rmvb=01;35:*.flc=01;35:*.avi=01;35:*.fli=01;35:*.flv=01;35:*.gl=01;35:*.dl=01;35:*.xcf=01;35:*.xwd=01;35:*.yuv=01;35:*.cgm=01;35:*.emf=01;35:*.ogv=01;35:*.ogx=01;35:*.aac=00;36:*.au=00;36:*.flac=00;36:*.m4a=00;36:*.mid=00;36:*.midi=00;36:*.mka=00;36:*.mp3=00;36:*.mpc=00;36:*.ogg=00;36:*.ra=00;36:*.wav=00;36:*.oga=00;36:*.opus=00;36:*.spx=00;36:*.xspf=00;36:', 'GNOME_TERMINAL_SERVICE': ':1.102', 'SSH_AGENT_LAUNCHER': 'gnome-keyring', 'SSH_AUTH_SOCK': '/run/user/1000/keyring/ssh', 'AMENT_PREFIX_PATH': '/home/michael/dobot_ws/install/servo_action:/home/michael/dobot_ws/install/nova5_moveit:/home/michael/dobot_ws/install/nova2_moveit:/home/michael/dobot_ws/install/me6_moveit:/home/michael/dobot_ws/install/cr7_moveit:/home/michael/dobot_ws/install/cr5_moveit:/home/michael/dobot_ws/install/cr3_moveit:/home/michael/dobot_ws/install/cr30h_moveit:/home/michael/dobot_ws/install/cr20_moveit:/home/michael/dobot_ws/install/cr16_moveit:/home/michael/dobot_ws/install/cr12_moveit:/home/michael/dobot_ws/install/cr10af_moveit:/home/michael/dobot_ws/install/cr10_moveit:/home/michael/dobot_ws/install/dobot_rviz:/home/michael/dobot_ws/install/cr_robot_ros2:/home/michael/dobot_ws/install/dobot_msgs_v4:/home/michael/dobot_ws/install/dobot_moveit:/home/michael/dobot_ws/install/dobot_gazebo:/home/michael/dobot_ws/install/dobot_demo:/home/michael/dobot_ws/install/cra_description:/opt/ros/humble', 'SHELL': '/bin/bash', 'QT_ACCESSIBILITY': '1', 'GDMSESSION': 'ubuntu', 'LESSCLOSE': '/usr/bin/lesspipe %s %s', 'QT_IM_MODULE': 'ibus', 'PWD': '/home/michael/dobot_ws/src/build/servo_action', 'LC_ALL': 'en_US.UTF-8', 'XDG_CONFIG_DIRS': '/etc/xdg/xdg-ubuntu:/etc/xdg', 'XDG_DATA_DIRS': '/usr/share/ubuntu:/usr/local/share/:/usr/share/:/var/lib/snapd/desktop', 'PYTHONPATH': '/home/michael/dobot_ws/src/build/servo_action/prefix_override:/usr/lib/python3/dist-packages/colcon_core/task/python/colcon_distutils_commands:/home/michael/dobot_ws/src/install/servo_action/lib/python3.10/site-packages:/home/michael/dobot_ws/install/servo_action/lib/python3.10/site-packages:/home/michael/dobot_ws/install/dobot_msgs_v4/local/lib/python3.10/dist-packages:/home/michael/dobot_ws/install/dobot_moveit/lib/python3.10/site-packages:/home/michael/dobot_ws/install/dobot_demo/lib/python3.10/site-packages:/opt/ros/humble/lib/python3.10/site-packages:/opt/ros/humble/local/lib/python3.10/dist-packages', 'COLCON': '1', 'VTE_VERSION': '6800', 'CMAKE_PREFIX_PATH': '/home/michael/dobot_ws/install/nova5_moveit:/home/michael/dobot_ws/install/nova2_moveit:/home/michael/dobot_ws/install/me6_moveit:/home/michael/dobot_ws/install/cr7_moveit:/home/michael/dobot_ws/install/cr5_moveit:/home/michael/dobot_ws/install/cr3_moveit:/home/michael/dobot_ws/install/cr30h_moveit:/home/michael/dobot_ws/install/cr20_moveit:/home/michael/dobot_ws/install/cr16_moveit:/home/michael/dobot_ws/install/cr12_moveit:/home/michael/dobot_ws/install/cr10af_moveit:/home/michael/dobot_ws/install/cr10_moveit:/home/michael/dobot_ws/install/dobot_rviz:/home/michael/dobot_ws/install/cr_robot_ros2:/home/michael/dobot_ws/install/dobot_msgs_v4:/home/michael/dobot_ws/install/dobot_gazebo:/home/michael/dobot_ws/install/cra_description'}, 'shell': False}
[2.708021] (dobot_msgs_v4) StdoutLine: {'line': b'[  4%] \x1b[32mBuilding C object CMakeFiles/dobot_msgs_v4__rosidl_generator_c.dir/rosidl_generator_c/dobot_msgs_v4/srv/detail/get_input_float__functions.c.o\x1b[0m\n'}
[2.714652] (-) TimerEvent: {}
[2.789276] (dobot_msgs_v4) StdoutLine: {'line': b'[  4%] \x1b[32mBuilding C object CMakeFiles/dobot_msgs_v4__rosidl_generator_c.dir/rosidl_generator_c/dobot_msgs_v4/srv/detail/get_output_bool__functions.c.o\x1b[0m\n'}
[2.814283] (servo_action) StdoutLine: {'line': b'running egg_info\n'}
[2.814716] (-) TimerEvent: {}
[2.815561] (servo_action) StdoutLine: {'line': b'writing ../../build/servo_action/servo_action.egg-info/PKG-INFO\n'}
[2.815623] (servo_action) StdoutLine: {'line': b'writing dependency_links to ../../build/servo_action/servo_action.egg-info/dependency_links.txt\n'}
[2.815651] (servo_action) StdoutLine: {'line': b'writing entry points to ../../build/servo_action/servo_action.egg-info/entry_points.txt\n'}
[2.817179] (servo_action) StdoutLine: {'line': b'writing requirements to ../../build/servo_action/servo_action.egg-info/requires.txt\n'}
[2.817243] (servo_action) StdoutLine: {'line': b'writing top-level names to ../../build/servo_action/servo_action.egg-info/top_level.txt\n'}
[2.817963] (servo_action) StdoutLine: {'line': b"reading manifest file '../../build/servo_action/servo_action.egg-info/SOURCES.txt'\n"}
[2.819073] (servo_action) StdoutLine: {'line': b"writing manifest file '../../build/servo_action/servo_action.egg-info/SOURCES.txt'\n"}
[2.819126] (servo_action) StdoutLine: {'line': b'running build\n'}
[2.819152] (servo_action) StdoutLine: {'line': b'running build_py\n'}
[2.819823] (servo_action) StdoutLine: {'line': b'running install\n'}
[2.819871] (servo_action) StdoutLine: {'line': b'running install_lib\n'}
[2.819911] (servo_action) StdoutLine: {'line': b'running install_data\n'}
[2.819947] (servo_action) StdoutLine: {'line': b'running install_egg_info\n'}
[2.821538] (servo_action) StdoutLine: {'line': b"removing '/home/michael/dobot_ws/src/install/servo_action/lib/python3.10/site-packages/servo_action-0.0.0-py3.10.egg-info' (and everything under it)\n"}
[2.821690] (servo_action) StdoutLine: {'line': b'Copying ../../build/servo_action/servo_action.egg-info to /home/michael/dobot_ws/src/install/servo_action/lib/python3.10/site-packages/servo_action-0.0.0-py3.10.egg-info\n'}
[2.821719] (servo_action) StdoutLine: {'line': b'running install_scripts\n'}
[2.837182] (servo_action) StdoutLine: {'line': b'Installing Joint_Position script to /home/michael/dobot_ws/src/install/servo_action/lib/servo_action\n'}
[2.837338] (servo_action) StdoutLine: {'line': b'Installing action_move_client script to /home/michael/dobot_ws/src/install/servo_action/lib/servo_action\n'}
[2.838376] (servo_action) StdoutLine: {'line': b"writing list of installed files to '/home/michael/dobot_ws/src/build/servo_action/install.log'\n"}
[2.861993] (servo_action) CommandEnded: {'returncode': 0}
[2.868130] (servo_action) JobEnded: {'identifier': 'servo_action', 'rc': 0}
[2.868762] (cr3_moveit) JobStarted: {'identifier': 'cr3_moveit'}
[2.870465] (dobot_msgs_v4) StdoutLine: {'line': b'[  5%] \x1b[32mBuilding C object CMakeFiles/dobot_msgs_v4__rosidl_generator_c.dir/rosidl_generator_c/dobot_msgs_v4/srv/detail/get_output_int__functions.c.o\x1b[0m\n'}
[2.878127] (cr3_moveit) JobProgress: {'identifier': 'cr3_moveit', 'progress': 'cmake'}
[2.882219] (cr3_moveit) JobProgress: {'identifier': 'cr3_moveit', 'progress': 'build'}
[2.882259] (cr3_moveit) Command: {'cmd': ['/usr/bin/cmake', '--build', '/home/michael/dobot_ws/src/build/cr3_moveit', '--', '-j2', '-l2'], 'cwd': '/home/michael/dobot_ws/src/build/cr3_moveit', 'env': OrderedDict([('LESSOPEN', '| /usr/bin/lesspipe %s'), ('USER', 'michael'), ('XDG_SESSION_TYPE', 'wayland'), ('SHLVL', '1'), ('LD_LIBRARY_PATH', '/home/michael/dobot_ws/install/dobot_msgs_v4/lib:/usr/lib/x86_64-linux-gnu/gazebo-11/plugins:/opt/ros/humble/opt/rviz_ogre_vendor/lib:/opt/ros/humble/lib/x86_64-linux-gnu:/opt/ros/humble/lib'), ('HOME', '/home/michael'), ('OLDPWD', '/home/michael/dobot_ws'), ('DESKTOP_SESSION', 'ubuntu'), ('ROS_PYTHON_VERSION', '3'), ('GNOME_SHELL_SESSION_MODE', 'ubuntu'), ('GTK_MODULES', 'gail:atk-bridge'), ('DOBOT_TYPE', 'cr3'), ('SYSTEMD_EXEC_PID', '1277'), ('DBUS_SESSION_BUS_ADDRESS', 'unix:path=/run/user/1000/bus'), ('COLORTERM', 'truecolor'), ('IP_address', '192.168.5.1'), ('IM_CONFIG_PHASE', '1'), ('WAYLAND_DISPLAY', 'wayland-0'), ('COLCON_PREFIX_PATH', '/home/michael/dobot_ws/install'), ('ROS_DISTRO', 'humble'), ('LOGNAME', 'michael'), ('_', '/usr/bin/colcon'), ('ROS_VERSION', '2'), ('XDG_SESSION_CLASS', 'user'), ('USERNAME', 'michael'), ('TERM', 'xterm-256color'), ('GNOME_DESKTOP_SESSION_ID', 'this-is-deprecated'), ('ROS_LOCALHOST_ONLY', '0'), ('PATH', '/opt/ros/humble/bin:/home/michael/.local/bin:/usr/local/sbin:/usr/local/bin:/usr/sbin:/usr/bin:/sbin:/bin:/usr/games:/usr/local/games:/snap/bin:/snap/bin'), ('SESSION_MANAGER', 'local/michael-virtual-machine:@/tmp/.ICE-unix/1215,unix/michael-virtual-machine:/tmp/.ICE-unix/1215'), ('XDG_MENU_PREFIX', 'gnome-'), ('GNOME_TERMINAL_SCREEN', '/org/gnome/Terminal/screen/305fc0b6_e443_4417_9486_018d269c2fe7'), ('GNOME_SETUP_DISPLAY', ':1'), ('XDG_RUNTIME_DIR', '/run/user/1000'), ('DISPLAY', ':0'), ('LANG', 'en_US.UTF-8'), ('XDG_CURRENT_DESKTOP', 'ubuntu:GNOME'), ('XMODIFIERS', '@im=ibus'), ('XDG_SESSION_DESKTOP', 'ubuntu'), ('XAUTHORITY', '/run/user/1000/.mutter-Xwaylandauth.06SSO3'), ('LS_COLORS', 'rs=0:di=01;34:ln=01;36:mh=00:pi=40;33:so=01;35:do=01;35:bd=40;33;01:cd=40;33;01:or=40;31;01:mi=00:su=37;41:sg=30;43:ca=30;41:tw=30;42:ow=34;42:st=37;44:ex=01;32:*.tar=01;31:*.tgz=01;31:*.arc=01;31:*.arj=01;31:*.taz=01;31:*.lha=01;31:*.lz4=01;31:*.lzh=01;31:*.lzma=01;31:*.tlz=01;31:*.txz=01;31:*.tzo=01;31:*.t7z=01;31:*.zip=01;31:*.z=01;31:*.dz=01;31:*.gz=01;31:*.lrz=01;31:*.lz=01;31:*.lzo=01;31:*.xz=01;31:*.zst=01;31:*.tzst=01;31:*.bz2=01;31:*.bz=01;31:*.tbz=01;31:*.tbz2=01;31:*.tz=01;31:*.deb=01;31:*.rpm=01;31:*.jar=01;31:*.war=01;31:*.ear=01;31:*.sar=01;31:*.rar=01;31:*.alz=01;31:*.ace=01;31:*.zoo=01;31:*.cpio=01;31:*.7z=01;31:*.rz=01;31:*.cab=01;31:*.wim=01;31:*.swm=01;31:*.dwm=01;31:*.esd=01;31:*.jpg=01;35:*.jpeg=01;35:*.mjpg=01;35:*.mjpeg=01;35:*.gif=01;35:*.bmp=01;35:*.pbm=01;35:*.pgm=01;35:*.ppm=01;35:*.tga=01;35:*.xbm=01;35:*.xpm=01;35:*.tif=01;35:*.tiff=01;35:*.png=01;35:*.svg=01;35:*.svgz=01;35:*.mng=01;35:*.pcx=01;35:*.mov=01;35:*.mpg=01;35:*.mpeg=01;35:*.m2v=01;35:*.mkv=01;35:*.webm=01;35:*.webp=01;35:*.ogm=01;35:*.mp4=01;35:*.m4v=01;35:*.mp4v=01;35:*.vob=01;35:*.qt=01;35:*.nuv=01;35:*.wmv=01;35:*.asf=01;35:*.rm=01;35:*.rmvb=01;35:*.flc=01;35:*.avi=01;35:*.fli=01;35:*.flv=01;35:*.gl=01;35:*.dl=01;35:*.xcf=01;35:*.xwd=01;35:*.yuv=01;35:*.cgm=01;35:*.emf=01;35:*.ogv=01;35:*.ogx=01;35:*.aac=00;36:*.au=00;36:*.flac=00;36:*.m4a=00;36:*.mid=00;36:*.midi=00;36:*.mka=00;36:*.mp3=00;36:*.mpc=00;36:*.ogg=00;36:*.ra=00;36:*.wav=00;36:*.oga=00;36:*.opus=00;36:*.spx=00;36:*.xspf=00;36:'), ('GNOME_TERMINAL_SERVICE', ':1.102'), ('SSH_AGENT_LAUNCHER', 'gnome-keyring'), ('SSH_AUTH_SOCK', '/run/user/1000/keyring/ssh'), ('AMENT_PREFIX_PATH', '/home/michael/dobot_ws/src/install/dobot_rviz:/home/michael/dobot_ws/install/servo_action:/home/michael/dobot_ws/install/nova5_moveit:/home/michael/dobot_ws/install/nova2_moveit:/home/michael/dobot_ws/install/me6_moveit:/home/michael/dobot_ws/install/cr7_moveit:/home/michael/dobot_ws/install/cr5_moveit:/home/michael/dobot_ws/install/cr3_moveit:/home/michael/dobot_ws/install/cr30h_moveit:/home/michael/dobot_ws/install/cr20_moveit:/home/michael/dobot_ws/install/cr16_moveit:/home/michael/dobot_ws/install/cr12_moveit:/home/michael/dobot_ws/install/cr10af_moveit:/home/michael/dobot_ws/install/cr10_moveit:/home/michael/dobot_ws/install/dobot_rviz:/home/michael/dobot_ws/install/cr_robot_ros2:/home/michael/dobot_ws/install/dobot_msgs_v4:/home/michael/dobot_ws/install/dobot_moveit:/home/michael/dobot_ws/install/dobot_gazebo:/home/michael/dobot_ws/install/dobot_demo:/home/michael/dobot_ws/install/cra_description:/opt/ros/humble'), ('SHELL', '/bin/bash'), ('QT_ACCESSIBILITY', '1'), ('GDMSESSION', 'ubuntu'), ('LESSCLOSE', '/usr/bin/lesspipe %s %s'), ('QT_IM_MODULE', 'ibus'), ('PWD', '/home/michael/dobot_ws/src/build/cr3_moveit'), ('LC_ALL', 'en_US.UTF-8'), ('XDG_CONFIG_DIRS', '/etc/xdg/xdg-ubuntu:/etc/xdg'), ('XDG_DATA_DIRS', '/usr/share/ubuntu:/usr/local/share/:/usr/share/:/var/lib/snapd/desktop'), ('PYTHONPATH', '/home/michael/dobot_ws/install/servo_action/lib/python3.10/site-packages:/home/michael/dobot_ws/install/dobot_msgs_v4/local/lib/python3.10/dist-packages:/home/michael/dobot_ws/install/dobot_moveit/lib/python3.10/site-packages:/home/michael/dobot_ws/install/dobot_demo/lib/python3.10/site-packages:/opt/ros/humble/lib/python3.10/site-packages:/opt/ros/humble/local/lib/python3.10/dist-packages'), ('COLCON', '1'), ('VTE_VERSION', '6800'), ('CMAKE_PREFIX_PATH', '/home/michael/dobot_ws/src/install/dobot_rviz:/home/michael/dobot_ws/install/nova5_moveit:/home/michael/dobot_ws/install/nova2_moveit:/home/michael/dobot_ws/install/me6_moveit:/home/michael/dobot_ws/install/cr7_moveit:/home/michael/dobot_ws/install/cr5_moveit:/home/michael/dobot_ws/install/cr3_moveit:/home/michael/dobot_ws/install/cr30h_moveit:/home/michael/dobot_ws/install/cr20_moveit:/home/michael/dobot_ws/install/cr16_moveit:/home/michael/dobot_ws/install/cr12_moveit:/home/michael/dobot_ws/install/cr10af_moveit:/home/michael/dobot_ws/install/cr10_moveit:/home/michael/dobot_ws/install/dobot_rviz:/home/michael/dobot_ws/install/cr_robot_ros2:/home/michael/dobot_ws/install/dobot_msgs_v4:/home/michael/dobot_ws/install/dobot_gazebo:/home/michael/dobot_ws/install/cra_description:/home/michael/dobot_ws/install/servo_action:/home/michael/dobot_ws/install/dobot_moveit:/home/michael/dobot_ws/install/dobot_demo:/opt/ros/humble')]), 'shell': False}
[2.914861] (-) TimerEvent: {}
[2.918727] (cr3_moveit) CommandEnded: {'returncode': 0}
[2.919683] (cr3_moveit) JobProgress: {'identifier': 'cr3_moveit', 'progress': 'install'}
[2.920002] (cr3_moveit) Command: {'cmd': ['/usr/bin/cmake', '--install', '/home/michael/dobot_ws/src/build/cr3_moveit'], 'cwd': '/home/michael/dobot_ws/src/build/cr3_moveit', 'env': OrderedDict([('LESSOPEN', '| /usr/bin/lesspipe %s'), ('USER', 'michael'), ('XDG_SESSION_TYPE', 'wayland'), ('SHLVL', '1'), ('LD_LIBRARY_PATH', '/home/michael/dobot_ws/install/dobot_msgs_v4/lib:/usr/lib/x86_64-linux-gnu/gazebo-11/plugins:/opt/ros/humble/opt/rviz_ogre_vendor/lib:/opt/ros/humble/lib/x86_64-linux-gnu:/opt/ros/humble/lib'), ('HOME', '/home/michael'), ('OLDPWD', '/home/michael/dobot_ws'), ('DESKTOP_SESSION', 'ubuntu'), ('ROS_PYTHON_VERSION', '3'), ('GNOME_SHELL_SESSION_MODE', 'ubuntu'), ('GTK_MODULES', 'gail:atk-bridge'), ('DOBOT_TYPE', 'cr3'), ('SYSTEMD_EXEC_PID', '1277'), ('DBUS_SESSION_BUS_ADDRESS', 'unix:path=/run/user/1000/bus'), ('COLORTERM', 'truecolor'), ('IP_address', '192.168.5.1'), ('IM_CONFIG_PHASE', '1'), ('WAYLAND_DISPLAY', 'wayland-0'), ('COLCON_PREFIX_PATH', '/home/michael/dobot_ws/install'), ('ROS_DISTRO', 'humble'), ('LOGNAME', 'michael'), ('_', '/usr/bin/colcon'), ('ROS_VERSION', '2'), ('XDG_SESSION_CLASS', 'user'), ('USERNAME', 'michael'), ('TERM', 'xterm-256color'), ('GNOME_DESKTOP_SESSION_ID', 'this-is-deprecated'), ('ROS_LOCALHOST_ONLY', '0'), ('PATH', '/opt/ros/humble/bin:/home/michael/.local/bin:/usr/local/sbin:/usr/local/bin:/usr/sbin:/usr/bin:/sbin:/bin:/usr/games:/usr/local/games:/snap/bin:/snap/bin'), ('SESSION_MANAGER', 'local/michael-virtual-machine:@/tmp/.ICE-unix/1215,unix/michael-virtual-machine:/tmp/.ICE-unix/1215'), ('XDG_MENU_PREFIX', 'gnome-'), ('GNOME_TERMINAL_SCREEN', '/org/gnome/Terminal/screen/305fc0b6_e443_4417_9486_018d269c2fe7'), ('GNOME_SETUP_DISPLAY', ':1'), ('XDG_RUNTIME_DIR', '/run/user/1000'), ('DISPLAY', ':0'), ('LANG', 'en_US.UTF-8'), ('XDG_CURRENT_DESKTOP', 'ubuntu:GNOME'), ('XMODIFIERS', '@im=ibus'), ('XDG_SESSION_DESKTOP', 'ubuntu'), ('XAUTHORITY', '/run/user/1000/.mutter-Xwaylandauth.06SSO3'), ('LS_COLORS', 'rs=0:di=01;34:ln=01;36:mh=00:pi=40;33:so=01;35:do=01;35:bd=40;33;01:cd=40;33;01:or=40;31;01:mi=00:su=37;41:sg=30;43:ca=30;41:tw=30;42:ow=34;42:st=37;44:ex=01;32:*.tar=01;31:*.tgz=01;31:*.arc=01;31:*.arj=01;31:*.taz=01;31:*.lha=01;31:*.lz4=01;31:*.lzh=01;31:*.lzma=01;31:*.tlz=01;31:*.txz=01;31:*.tzo=01;31:*.t7z=01;31:*.zip=01;31:*.z=01;31:*.dz=01;31:*.gz=01;31:*.lrz=01;31:*.lz=01;31:*.lzo=01;31:*.xz=01;31:*.zst=01;31:*.tzst=01;31:*.bz2=01;31:*.bz=01;31:*.tbz=01;31:*.tbz2=01;31:*.tz=01;31:*.deb=01;31:*.rpm=01;31:*.jar=01;31:*.war=01;31:*.ear=01;31:*.sar=01;31:*.rar=01;31:*.alz=01;31:*.ace=01;31:*.zoo=01;31:*.cpio=01;31:*.7z=01;31:*.rz=01;31:*.cab=01;31:*.wim=01;31:*.swm=01;31:*.dwm=01;31:*.esd=01;31:*.jpg=01;35:*.jpeg=01;35:*.mjpg=01;35:*.mjpeg=01;35:*.gif=01;35:*.bmp=01;35:*.pbm=01;35:*.pgm=01;35:*.ppm=01;35:*.tga=01;35:*.xbm=01;35:*.xpm=01;35:*.tif=01;35:*.tiff=01;35:*.png=01;35:*.svg=01;35:*.svgz=01;35:*.mng=01;35:*.pcx=01;35:*.mov=01;35:*.mpg=01;35:*.mpeg=01;35:*.m2v=01;35:*.mkv=01;35:*.webm=01;35:*.webp=01;35:*.ogm=01;35:*.mp4=01;35:*.m4v=01;35:*.mp4v=01;35:*.vob=01;35:*.qt=01;35:*.nuv=01;35:*.wmv=01;35:*.asf=01;35:*.rm=01;35:*.rmvb=01;35:*.flc=01;35:*.avi=01;35:*.fli=01;35:*.flv=01;35:*.gl=01;35:*.dl=01;35:*.xcf=01;35:*.xwd=01;35:*.yuv=01;35:*.cgm=01;35:*.emf=01;35:*.ogv=01;35:*.ogx=01;35:*.aac=00;36:*.au=00;36:*.flac=00;36:*.m4a=00;36:*.mid=00;36:*.midi=00;36:*.mka=00;36:*.mp3=00;36:*.mpc=00;36:*.ogg=00;36:*.ra=00;36:*.wav=00;36:*.oga=00;36:*.opus=00;36:*.spx=00;36:*.xspf=00;36:'), ('GNOME_TERMINAL_SERVICE', ':1.102'), ('SSH_AGENT_LAUNCHER', 'gnome-keyring'), ('SSH_AUTH_SOCK', '/run/user/1000/keyring/ssh'), ('AMENT_PREFIX_PATH', '/home/michael/dobot_ws/src/install/dobot_rviz:/home/michael/dobot_ws/install/servo_action:/home/michael/dobot_ws/install/nova5_moveit:/home/michael/dobot_ws/install/nova2_moveit:/home/michael/dobot_ws/install/me6_moveit:/home/michael/dobot_ws/install/cr7_moveit:/home/michael/dobot_ws/install/cr5_moveit:/home/michael/dobot_ws/install/cr3_moveit:/home/michael/dobot_ws/install/cr30h_moveit:/home/michael/dobot_ws/install/cr20_moveit:/home/michael/dobot_ws/install/cr16_moveit:/home/michael/dobot_ws/install/cr12_moveit:/home/michael/dobot_ws/install/cr10af_moveit:/home/michael/dobot_ws/install/cr10_moveit:/home/michael/dobot_ws/install/dobot_rviz:/home/michael/dobot_ws/install/cr_robot_ros2:/home/michael/dobot_ws/install/dobot_msgs_v4:/home/michael/dobot_ws/install/dobot_moveit:/home/michael/dobot_ws/install/dobot_gazebo:/home/michael/dobot_ws/install/dobot_demo:/home/michael/dobot_ws/install/cra_description:/opt/ros/humble'), ('SHELL', '/bin/bash'), ('QT_ACCESSIBILITY', '1'), ('GDMSESSION', 'ubuntu'), ('LESSCLOSE', '/usr/bin/lesspipe %s %s'), ('QT_IM_MODULE', 'ibus'), ('PWD', '/home/michael/dobot_ws/src/build/cr3_moveit'), ('LC_ALL', 'en_US.UTF-8'), ('XDG_CONFIG_DIRS', '/etc/xdg/xdg-ubuntu:/etc/xdg'), ('XDG_DATA_DIRS', '/usr/share/ubuntu:/usr/local/share/:/usr/share/:/var/lib/snapd/desktop'), ('PYTHONPATH', '/home/michael/dobot_ws/install/servo_action/lib/python3.10/site-packages:/home/michael/dobot_ws/install/dobot_msgs_v4/local/lib/python3.10/dist-packages:/home/michael/dobot_ws/install/dobot_moveit/lib/python3.10/site-packages:/home/michael/dobot_ws/install/dobot_demo/lib/python3.10/site-packages:/opt/ros/humble/lib/python3.10/site-packages:/opt/ros/humble/local/lib/python3.10/dist-packages'), ('COLCON', '1'), ('VTE_VERSION', '6800'), ('CMAKE_PREFIX_PATH', '/home/michael/dobot_ws/src/install/dobot_rviz:/home/michael/dobot_ws/install/nova5_moveit:/home/michael/dobot_ws/install/nova2_moveit:/home/michael/dobot_ws/install/me6_moveit:/home/michael/dobot_ws/install/cr7_moveit:/home/michael/dobot_ws/install/cr5_moveit:/home/michael/dobot_ws/install/cr3_moveit:/home/michael/dobot_ws/install/cr30h_moveit:/home/michael/dobot_ws/install/cr20_moveit:/home/michael/dobot_ws/install/cr16_moveit:/home/michael/dobot_ws/install/cr12_moveit:/home/michael/dobot_ws/install/cr10af_moveit:/home/michael/dobot_ws/install/cr10_moveit:/home/michael/dobot_ws/install/dobot_rviz:/home/michael/dobot_ws/install/cr_robot_ros2:/home/michael/dobot_ws/install/dobot_msgs_v4:/home/michael/dobot_ws/install/dobot_gazebo:/home/michael/dobot_ws/install/cra_description:/home/michael/dobot_ws/install/servo_action:/home/michael/dobot_ws/install/dobot_moveit:/home/michael/dobot_ws/install/dobot_demo:/opt/ros/humble')]), 'shell': False}
[2.935191] (cr3_moveit) StdoutLine: {'line': b'-- Install configuration: ""\n'}
[2.935324] (cr3_moveit) StdoutLine: {'line': b'-- Up-to-date: /home/michael/dobot_ws/src/install/cr3_moveit/share/ament_index/resource_index/package_run_dependencies/cr3_moveit\n'}
[2.935356] (cr3_moveit) StdoutLine: {'line': b'-- Up-to-date: /home/michael/dobot_ws/src/install/cr3_moveit/share/ament_index/resource_index/parent_prefix_path/cr3_moveit\n'}
[2.935380] (cr3_moveit) StdoutLine: {'line': b'-- Up-to-date: /home/michael/dobot_ws/src/install/cr3_moveit/share/cr3_moveit/environment/ament_prefix_path.sh\n'}
[2.935401] (cr3_moveit) StdoutLine: {'line': b'-- Up-to-date: /home/michael/dobot_ws/src/install/cr3_moveit/share/cr3_moveit/environment/ament_prefix_path.dsv\n'}
[2.935423] (cr3_moveit) StdoutLine: {'line': b'-- Up-to-date: /home/michael/dobot_ws/src/install/cr3_moveit/share/cr3_moveit/environment/path.sh\n'}
[2.935442] (cr3_moveit) StdoutLine: {'line': b'-- Up-to-date: /home/michael/dobot_ws/src/install/cr3_moveit/share/cr3_moveit/environment/path.dsv\n'}
[2.935459] (cr3_moveit) StdoutLine: {'line': b'-- Up-to-date: /home/michael/dobot_ws/src/install/cr3_moveit/share/cr3_moveit/local_setup.bash\n'}
[2.935477] (cr3_moveit) StdoutLine: {'line': b'-- Up-to-date: /home/michael/dobot_ws/src/install/cr3_moveit/share/cr3_moveit/local_setup.sh\n'}
[2.935495] (cr3_moveit) StdoutLine: {'line': b'-- Up-to-date: /home/michael/dobot_ws/src/install/cr3_moveit/share/cr3_moveit/local_setup.zsh\n'}
[2.935520] (cr3_moveit) StdoutLine: {'line': b'-- Up-to-date: /home/michael/dobot_ws/src/install/cr3_moveit/share/cr3_moveit/local_setup.dsv\n'}
[2.935541] (cr3_moveit) StdoutLine: {'line': b'-- Up-to-date: /home/michael/dobot_ws/src/install/cr3_moveit/share/cr3_moveit/package.dsv\n'}
[2.935559] (cr3_moveit) StdoutLine: {'line': b'-- Up-to-date: /home/michael/dobot_ws/src/install/cr3_moveit/share/ament_index/resource_index/packages/cr3_moveit\n'}
[2.935653] (cr3_moveit) StdoutLine: {'line': b'-- Up-to-date: /home/michael/dobot_ws/src/install/cr3_moveit/share/cr3_moveit/cmake/cr3_moveitConfig.cmake\n'}
[2.935708] (cr3_moveit) StdoutLine: {'line': b'-- Up-to-date: /home/michael/dobot_ws/src/install/cr3_moveit/share/cr3_moveit/cmake/cr3_moveitConfig-version.cmake\n'}
[2.935741] (cr3_moveit) StdoutLine: {'line': b'-- Up-to-date: /home/michael/dobot_ws/src/install/cr3_moveit/share/cr3_moveit/package.xml\n'}
[2.936140] (cr3_moveit) StdoutLine: {'line': b'-- Up-to-date: /home/michael/dobot_ws/src/install/cr3_moveit/share/cr3_moveit/launch\n'}
[2.936170] (cr3_moveit) StdoutLine: {'line': b'-- Up-to-date: /home/michael/dobot_ws/src/install/cr3_moveit/share/cr3_moveit/launch/spawn_controllers.launch.py\n'}
[2.936191] (cr3_moveit) StdoutLine: {'line': b'-- Up-to-date: /home/michael/dobot_ws/src/install/cr3_moveit/share/cr3_moveit/launch/warehouse_db.launch.py\n'}
[2.936646] (cr3_moveit) StdoutLine: {'line': b'-- Up-to-date: /home/michael/dobot_ws/src/install/cr3_moveit/share/cr3_moveit/launch/setup_assistant.launch.py\n'}
[2.936683] (cr3_moveit) StdoutLine: {'line': b'-- Up-to-date: /home/michael/dobot_ws/src/install/cr3_moveit/share/cr3_moveit/launch/moveit_rviz.launch.py\n'}
[2.937684] (cr3_moveit) StdoutLine: {'line': b'-- Up-to-date: /home/michael/dobot_ws/src/install/cr3_moveit/share/cr3_moveit/launch/moveit_gazebo.launch.py\n'}
[2.937720] (cr3_moveit) StdoutLine: {'line': b'-- Up-to-date: /home/michael/dobot_ws/src/install/cr3_moveit/share/cr3_moveit/launch/move_group.launch.py\n'}
[2.937745] (cr3_moveit) StdoutLine: {'line': b'-- Up-to-date: /home/michael/dobot_ws/src/install/cr3_moveit/share/cr3_moveit/launch/demo.launch.py\n'}
[2.937766] (cr3_moveit) StdoutLine: {'line': b'-- Up-to-date: /home/michael/dobot_ws/src/install/cr3_moveit/share/cr3_moveit/launch/rsp.launch.py\n'}
[2.937785] (cr3_moveit) StdoutLine: {'line': b'-- Up-to-date: /home/michael/dobot_ws/src/install/cr3_moveit/share/cr3_moveit/launch/static_virtual_joint_tfs.launch.py\n'}
[2.937804] (cr3_moveit) StdoutLine: {'line': b'-- Up-to-date: /home/michael/dobot_ws/src/install/cr3_moveit/share/cr3_moveit/launch/dobot_moveit.launch.py\n'}
[2.937822] (cr3_moveit) StdoutLine: {'line': b'-- Up-to-date: /home/michael/dobot_ws/src/install/cr3_moveit/share/cr3_moveit/config\n'}
[2.937867] (cr3_moveit) StdoutLine: {'line': b'-- Up-to-date: /home/michael/dobot_ws/src/install/cr3_moveit/share/cr3_moveit/config/initial_positions.yaml\n'}
[2.937891] (cr3_moveit) StdoutLine: {'line': b'-- Up-to-date: /home/michael/dobot_ws/src/install/cr3_moveit/share/cr3_moveit/config/cr3_robot.srdf\n'}
[2.937911] (cr3_moveit) StdoutLine: {'line': b'-- Up-to-date: /home/michael/dobot_ws/src/install/cr3_moveit/share/cr3_moveit/config/cr3_robot.ros2_control.xacro\n'}
[2.937930] (cr3_moveit) StdoutLine: {'line': b'-- Up-to-date: /home/michael/dobot_ws/src/install/cr3_moveit/share/cr3_moveit/config/joint_limits.yaml\n'}
[2.937948] (cr3_moveit) StdoutLine: {'line': b'-- Up-to-date: /home/michael/dobot_ws/src/install/cr3_moveit/share/cr3_moveit/config/moveit.rviz\n'}
[2.937965] (cr3_moveit) StdoutLine: {'line': b'-- Up-to-date: /home/michael/dobot_ws/src/install/cr3_moveit/share/cr3_moveit/config/ros2_controllers.yaml\n'}
[2.937983] (cr3_moveit) StdoutLine: {'line': b'-- Up-to-date: /home/michael/dobot_ws/src/install/cr3_moveit/share/cr3_moveit/config/moveit_controllers.yaml\n'}
[2.938002] (cr3_moveit) StdoutLine: {'line': b'-- Up-to-date: /home/michael/dobot_ws/src/install/cr3_moveit/share/cr3_moveit/config/kinematics.yaml\n'}
[2.938019] (cr3_moveit) StdoutLine: {'line': b'-- Up-to-date: /home/michael/dobot_ws/src/install/cr3_moveit/share/cr3_moveit/config/pilz_cartesian_limits.yaml\n'}
[2.938035] (cr3_moveit) StdoutLine: {'line': b'-- Up-to-date: /home/michael/dobot_ws/src/install/cr3_moveit/share/cr3_moveit/config/cr3_robot.urdf.xacro\n'}
[2.938052] (cr3_moveit) StdoutLine: {'line': b'-- Up-to-date: /home/michael/dobot_ws/src/install/cr3_moveit/share/cr3_moveit/.setup_assistant\n'}
[2.940631] (cr3_moveit) CommandEnded: {'returncode': 0}
[2.949384] (dobot_msgs_v4) StdoutLine: {'line': b'[  5%] \x1b[32mBuilding C object CMakeFiles/dobot_msgs_v4__rosidl_generator_c.dir/rosidl_generator_c/dobot_msgs_v4/srv/detail/get_output_float__functions.c.o\x1b[0m\n'}
[2.958073] (cr3_moveit) JobEnded: {'identifier': 'cr3_moveit', 'rc': 0}
[2.958484] (dobot_gazebo) JobStarted: {'identifier': 'dobot_gazebo'}
[2.966364] (dobot_gazebo) JobProgress: {'identifier': 'dobot_gazebo', 'progress': 'cmake'}
[2.966411] (dobot_gazebo) JobProgress: {'identifier': 'dobot_gazebo', 'progress': 'build'}
[2.968308] (dobot_gazebo) Command: {'cmd': ['/usr/bin/cmake', '--build', '/home/michael/dobot_ws/src/build/dobot_gazebo', '--', '-j2', '-l2'], 'cwd': '/home/michael/dobot_ws/src/build/dobot_gazebo', 'env': OrderedDict([('LESSOPEN', '| /usr/bin/lesspipe %s'), ('USER', 'michael'), ('XDG_SESSION_TYPE', 'wayland'), ('SHLVL', '1'), ('LD_LIBRARY_PATH', '/home/michael/dobot_ws/install/dobot_msgs_v4/lib:/usr/lib/x86_64-linux-gnu/gazebo-11/plugins:/opt/ros/humble/opt/rviz_ogre_vendor/lib:/opt/ros/humble/lib/x86_64-linux-gnu:/opt/ros/humble/lib'), ('HOME', '/home/michael'), ('OLDPWD', '/home/michael/dobot_ws'), ('DESKTOP_SESSION', 'ubuntu'), ('ROS_PYTHON_VERSION', '3'), ('GNOME_SHELL_SESSION_MODE', 'ubuntu'), ('GTK_MODULES', 'gail:atk-bridge'), ('DOBOT_TYPE', 'cr3'), ('SYSTEMD_EXEC_PID', '1277'), ('DBUS_SESSION_BUS_ADDRESS', 'unix:path=/run/user/1000/bus'), ('COLORTERM', 'truecolor'), ('IP_address', '192.168.5.1'), ('IM_CONFIG_PHASE', '1'), ('WAYLAND_DISPLAY', 'wayland-0'), ('COLCON_PREFIX_PATH', '/home/michael/dobot_ws/install'), ('ROS_DISTRO', 'humble'), ('LOGNAME', 'michael'), ('_', '/usr/bin/colcon'), ('ROS_VERSION', '2'), ('XDG_SESSION_CLASS', 'user'), ('USERNAME', 'michael'), ('TERM', 'xterm-256color'), ('GNOME_DESKTOP_SESSION_ID', 'this-is-deprecated'), ('ROS_LOCALHOST_ONLY', '0'), ('PATH', '/opt/ros/humble/bin:/home/michael/.local/bin:/usr/local/sbin:/usr/local/bin:/usr/sbin:/usr/bin:/sbin:/bin:/usr/games:/usr/local/games:/snap/bin:/snap/bin'), ('SESSION_MANAGER', 'local/michael-virtual-machine:@/tmp/.ICE-unix/1215,unix/michael-virtual-machine:/tmp/.ICE-unix/1215'), ('XDG_MENU_PREFIX', 'gnome-'), ('GNOME_TERMINAL_SCREEN', '/org/gnome/Terminal/screen/305fc0b6_e443_4417_9486_018d269c2fe7'), ('GNOME_SETUP_DISPLAY', ':1'), ('XDG_RUNTIME_DIR', '/run/user/1000'), ('DISPLAY', ':0'), ('LANG', 'en_US.UTF-8'), ('XDG_CURRENT_DESKTOP', 'ubuntu:GNOME'), ('XMODIFIERS', '@im=ibus'), ('XDG_SESSION_DESKTOP', 'ubuntu'), ('XAUTHORITY', '/run/user/1000/.mutter-Xwaylandauth.06SSO3'), ('LS_COLORS', 'rs=0:di=01;34:ln=01;36:mh=00:pi=40;33:so=01;35:do=01;35:bd=40;33;01:cd=40;33;01:or=40;31;01:mi=00:su=37;41:sg=30;43:ca=30;41:tw=30;42:ow=34;42:st=37;44:ex=01;32:*.tar=01;31:*.tgz=01;31:*.arc=01;31:*.arj=01;31:*.taz=01;31:*.lha=01;31:*.lz4=01;31:*.lzh=01;31:*.lzma=01;31:*.tlz=01;31:*.txz=01;31:*.tzo=01;31:*.t7z=01;31:*.zip=01;31:*.z=01;31:*.dz=01;31:*.gz=01;31:*.lrz=01;31:*.lz=01;31:*.lzo=01;31:*.xz=01;31:*.zst=01;31:*.tzst=01;31:*.bz2=01;31:*.bz=01;31:*.tbz=01;31:*.tbz2=01;31:*.tz=01;31:*.deb=01;31:*.rpm=01;31:*.jar=01;31:*.war=01;31:*.ear=01;31:*.sar=01;31:*.rar=01;31:*.alz=01;31:*.ace=01;31:*.zoo=01;31:*.cpio=01;31:*.7z=01;31:*.rz=01;31:*.cab=01;31:*.wim=01;31:*.swm=01;31:*.dwm=01;31:*.esd=01;31:*.jpg=01;35:*.jpeg=01;35:*.mjpg=01;35:*.mjpeg=01;35:*.gif=01;35:*.bmp=01;35:*.pbm=01;35:*.pgm=01;35:*.ppm=01;35:*.tga=01;35:*.xbm=01;35:*.xpm=01;35:*.tif=01;35:*.tiff=01;35:*.png=01;35:*.svg=01;35:*.svgz=01;35:*.mng=01;35:*.pcx=01;35:*.mov=01;35:*.mpg=01;35:*.mpeg=01;35:*.m2v=01;35:*.mkv=01;35:*.webm=01;35:*.webp=01;35:*.ogm=01;35:*.mp4=01;35:*.m4v=01;35:*.mp4v=01;35:*.vob=01;35:*.qt=01;35:*.nuv=01;35:*.wmv=01;35:*.asf=01;35:*.rm=01;35:*.rmvb=01;35:*.flc=01;35:*.avi=01;35:*.fli=01;35:*.flv=01;35:*.gl=01;35:*.dl=01;35:*.xcf=01;35:*.xwd=01;35:*.yuv=01;35:*.cgm=01;35:*.emf=01;35:*.ogv=01;35:*.ogx=01;35:*.aac=00;36:*.au=00;36:*.flac=00;36:*.m4a=00;36:*.mid=00;36:*.midi=00;36:*.mka=00;36:*.mp3=00;36:*.mpc=00;36:*.ogg=00;36:*.ra=00;36:*.wav=00;36:*.oga=00;36:*.opus=00;36:*.spx=00;36:*.xspf=00;36:'), ('GNOME_TERMINAL_SERVICE', ':1.102'), ('SSH_AGENT_LAUNCHER', 'gnome-keyring'), ('SSH_AUTH_SOCK', '/run/user/1000/keyring/ssh'), ('AMENT_PREFIX_PATH', '/home/michael/dobot_ws/src/install/cra_description:/home/michael/dobot_ws/install/servo_action:/home/michael/dobot_ws/install/nova5_moveit:/home/michael/dobot_ws/install/nova2_moveit:/home/michael/dobot_ws/install/me6_moveit:/home/michael/dobot_ws/install/cr7_moveit:/home/michael/dobot_ws/install/cr5_moveit:/home/michael/dobot_ws/install/cr3_moveit:/home/michael/dobot_ws/install/cr30h_moveit:/home/michael/dobot_ws/install/cr20_moveit:/home/michael/dobot_ws/install/cr16_moveit:/home/michael/dobot_ws/install/cr12_moveit:/home/michael/dobot_ws/install/cr10af_moveit:/home/michael/dobot_ws/install/cr10_moveit:/home/michael/dobot_ws/install/dobot_rviz:/home/michael/dobot_ws/install/cr_robot_ros2:/home/michael/dobot_ws/install/dobot_msgs_v4:/home/michael/dobot_ws/install/dobot_moveit:/home/michael/dobot_ws/install/dobot_gazebo:/home/michael/dobot_ws/install/dobot_demo:/home/michael/dobot_ws/install/cra_description:/opt/ros/humble'), ('SHELL', '/bin/bash'), ('QT_ACCESSIBILITY', '1'), ('GDMSESSION', 'ubuntu'), ('LESSCLOSE', '/usr/bin/lesspipe %s %s'), ('QT_IM_MODULE', 'ibus'), ('PWD', '/home/michael/dobot_ws/src/build/dobot_gazebo'), ('LC_ALL', 'en_US.UTF-8'), ('XDG_CONFIG_DIRS', '/etc/xdg/xdg-ubuntu:/etc/xdg'), ('XDG_DATA_DIRS', '/usr/share/ubuntu:/usr/local/share/:/usr/share/:/var/lib/snapd/desktop'), ('PYTHONPATH', '/home/michael/dobot_ws/install/servo_action/lib/python3.10/site-packages:/home/michael/dobot_ws/install/dobot_msgs_v4/local/lib/python3.10/dist-packages:/home/michael/dobot_ws/install/dobot_moveit/lib/python3.10/site-packages:/home/michael/dobot_ws/install/dobot_demo/lib/python3.10/site-packages:/opt/ros/humble/lib/python3.10/site-packages:/opt/ros/humble/local/lib/python3.10/dist-packages'), ('COLCON', '1'), ('VTE_VERSION', '6800'), ('CMAKE_PREFIX_PATH', '/home/michael/dobot_ws/src/install/cra_description:/home/michael/dobot_ws/install/nova5_moveit:/home/michael/dobot_ws/install/nova2_moveit:/home/michael/dobot_ws/install/me6_moveit:/home/michael/dobot_ws/install/cr7_moveit:/home/michael/dobot_ws/install/cr5_moveit:/home/michael/dobot_ws/install/cr3_moveit:/home/michael/dobot_ws/install/cr30h_moveit:/home/michael/dobot_ws/install/cr20_moveit:/home/michael/dobot_ws/install/cr16_moveit:/home/michael/dobot_ws/install/cr12_moveit:/home/michael/dobot_ws/install/cr10af_moveit:/home/michael/dobot_ws/install/cr10_moveit:/home/michael/dobot_ws/install/dobot_rviz:/home/michael/dobot_ws/install/cr_robot_ros2:/home/michael/dobot_ws/install/dobot_msgs_v4:/home/michael/dobot_ws/install/dobot_gazebo:/home/michael/dobot_ws/install/cra_description:/home/michael/dobot_ws/install/servo_action:/home/michael/dobot_ws/install/dobot_moveit:/home/michael/dobot_ws/install/dobot_demo:/opt/ros/humble')]), 'shell': False}
[3.014125] (dobot_gazebo) CommandEnded: {'returncode': 0}
[3.016556] (dobot_gazebo) JobProgress: {'identifier': 'dobot_gazebo', 'progress': 'install'}
[3.016584] (-) TimerEvent: {}
[3.016701] (dobot_gazebo) Command: {'cmd': ['/usr/bin/cmake', '--install', '/home/michael/dobot_ws/src/build/dobot_gazebo'], 'cwd': '/home/michael/dobot_ws/src/build/dobot_gazebo', 'env': OrderedDict([('LESSOPEN', '| /usr/bin/lesspipe %s'), ('USER', 'michael'), ('XDG_SESSION_TYPE', 'wayland'), ('SHLVL', '1'), ('LD_LIBRARY_PATH', '/home/michael/dobot_ws/install/dobot_msgs_v4/lib:/usr/lib/x86_64-linux-gnu/gazebo-11/plugins:/opt/ros/humble/opt/rviz_ogre_vendor/lib:/opt/ros/humble/lib/x86_64-linux-gnu:/opt/ros/humble/lib'), ('HOME', '/home/michael'), ('OLDPWD', '/home/michael/dobot_ws'), ('DESKTOP_SESSION', 'ubuntu'), ('ROS_PYTHON_VERSION', '3'), ('GNOME_SHELL_SESSION_MODE', 'ubuntu'), ('GTK_MODULES', 'gail:atk-bridge'), ('DOBOT_TYPE', 'cr3'), ('SYSTEMD_EXEC_PID', '1277'), ('DBUS_SESSION_BUS_ADDRESS', 'unix:path=/run/user/1000/bus'), ('COLORTERM', 'truecolor'), ('IP_address', '192.168.5.1'), ('IM_CONFIG_PHASE', '1'), ('WAYLAND_DISPLAY', 'wayland-0'), ('COLCON_PREFIX_PATH', '/home/michael/dobot_ws/install'), ('ROS_DISTRO', 'humble'), ('LOGNAME', 'michael'), ('_', '/usr/bin/colcon'), ('ROS_VERSION', '2'), ('XDG_SESSION_CLASS', 'user'), ('USERNAME', 'michael'), ('TERM', 'xterm-256color'), ('GNOME_DESKTOP_SESSION_ID', 'this-is-deprecated'), ('ROS_LOCALHOST_ONLY', '0'), ('PATH', '/opt/ros/humble/bin:/home/michael/.local/bin:/usr/local/sbin:/usr/local/bin:/usr/sbin:/usr/bin:/sbin:/bin:/usr/games:/usr/local/games:/snap/bin:/snap/bin'), ('SESSION_MANAGER', 'local/michael-virtual-machine:@/tmp/.ICE-unix/1215,unix/michael-virtual-machine:/tmp/.ICE-unix/1215'), ('XDG_MENU_PREFIX', 'gnome-'), ('GNOME_TERMINAL_SCREEN', '/org/gnome/Terminal/screen/305fc0b6_e443_4417_9486_018d269c2fe7'), ('GNOME_SETUP_DISPLAY', ':1'), ('XDG_RUNTIME_DIR', '/run/user/1000'), ('DISPLAY', ':0'), ('LANG', 'en_US.UTF-8'), ('XDG_CURRENT_DESKTOP', 'ubuntu:GNOME'), ('XMODIFIERS', '@im=ibus'), ('XDG_SESSION_DESKTOP', 'ubuntu'), ('XAUTHORITY', '/run/user/1000/.mutter-Xwaylandauth.06SSO3'), ('LS_COLORS', 'rs=0:di=01;34:ln=01;36:mh=00:pi=40;33:so=01;35:do=01;35:bd=40;33;01:cd=40;33;01:or=40;31;01:mi=00:su=37;41:sg=30;43:ca=30;41:tw=30;42:ow=34;42:st=37;44:ex=01;32:*.tar=01;31:*.tgz=01;31:*.arc=01;31:*.arj=01;31:*.taz=01;31:*.lha=01;31:*.lz4=01;31:*.lzh=01;31:*.lzma=01;31:*.tlz=01;31:*.txz=01;31:*.tzo=01;31:*.t7z=01;31:*.zip=01;31:*.z=01;31:*.dz=01;31:*.gz=01;31:*.lrz=01;31:*.lz=01;31:*.lzo=01;31:*.xz=01;31:*.zst=01;31:*.tzst=01;31:*.bz2=01;31:*.bz=01;31:*.tbz=01;31:*.tbz2=01;31:*.tz=01;31:*.deb=01;31:*.rpm=01;31:*.jar=01;31:*.war=01;31:*.ear=01;31:*.sar=01;31:*.rar=01;31:*.alz=01;31:*.ace=01;31:*.zoo=01;31:*.cpio=01;31:*.7z=01;31:*.rz=01;31:*.cab=01;31:*.wim=01;31:*.swm=01;31:*.dwm=01;31:*.esd=01;31:*.jpg=01;35:*.jpeg=01;35:*.mjpg=01;35:*.mjpeg=01;35:*.gif=01;35:*.bmp=01;35:*.pbm=01;35:*.pgm=01;35:*.ppm=01;35:*.tga=01;35:*.xbm=01;35:*.xpm=01;35:*.tif=01;35:*.tiff=01;35:*.png=01;35:*.svg=01;35:*.svgz=01;35:*.mng=01;35:*.pcx=01;35:*.mov=01;35:*.mpg=01;35:*.mpeg=01;35:*.m2v=01;35:*.mkv=01;35:*.webm=01;35:*.webp=01;35:*.ogm=01;35:*.mp4=01;35:*.m4v=01;35:*.mp4v=01;35:*.vob=01;35:*.qt=01;35:*.nuv=01;35:*.wmv=01;35:*.asf=01;35:*.rm=01;35:*.rmvb=01;35:*.flc=01;35:*.avi=01;35:*.fli=01;35:*.flv=01;35:*.gl=01;35:*.dl=01;35:*.xcf=01;35:*.xwd=01;35:*.yuv=01;35:*.cgm=01;35:*.emf=01;35:*.ogv=01;35:*.ogx=01;35:*.aac=00;36:*.au=00;36:*.flac=00;36:*.m4a=00;36:*.mid=00;36:*.midi=00;36:*.mka=00;36:*.mp3=00;36:*.mpc=00;36:*.ogg=00;36:*.ra=00;36:*.wav=00;36:*.oga=00;36:*.opus=00;36:*.spx=00;36:*.xspf=00;36:'), ('GNOME_TERMINAL_SERVICE', ':1.102'), ('SSH_AGENT_LAUNCHER', 'gnome-keyring'), ('SSH_AUTH_SOCK', '/run/user/1000/keyring/ssh'), ('AMENT_PREFIX_PATH', '/home/michael/dobot_ws/src/install/cra_description:/home/michael/dobot_ws/install/servo_action:/home/michael/dobot_ws/install/nova5_moveit:/home/michael/dobot_ws/install/nova2_moveit:/home/michael/dobot_ws/install/me6_moveit:/home/michael/dobot_ws/install/cr7_moveit:/home/michael/dobot_ws/install/cr5_moveit:/home/michael/dobot_ws/install/cr3_moveit:/home/michael/dobot_ws/install/cr30h_moveit:/home/michael/dobot_ws/install/cr20_moveit:/home/michael/dobot_ws/install/cr16_moveit:/home/michael/dobot_ws/install/cr12_moveit:/home/michael/dobot_ws/install/cr10af_moveit:/home/michael/dobot_ws/install/cr10_moveit:/home/michael/dobot_ws/install/dobot_rviz:/home/michael/dobot_ws/install/cr_robot_ros2:/home/michael/dobot_ws/install/dobot_msgs_v4:/home/michael/dobot_ws/install/dobot_moveit:/home/michael/dobot_ws/install/dobot_gazebo:/home/michael/dobot_ws/install/dobot_demo:/home/michael/dobot_ws/install/cra_description:/opt/ros/humble'), ('SHELL', '/bin/bash'), ('QT_ACCESSIBILITY', '1'), ('GDMSESSION', 'ubuntu'), ('LESSCLOSE', '/usr/bin/lesspipe %s %s'), ('QT_IM_MODULE', 'ibus'), ('PWD', '/home/michael/dobot_ws/src/build/dobot_gazebo'), ('LC_ALL', 'en_US.UTF-8'), ('XDG_CONFIG_DIRS', '/etc/xdg/xdg-ubuntu:/etc/xdg'), ('XDG_DATA_DIRS', '/usr/share/ubuntu:/usr/local/share/:/usr/share/:/var/lib/snapd/desktop'), ('PYTHONPATH', '/home/michael/dobot_ws/install/servo_action/lib/python3.10/site-packages:/home/michael/dobot_ws/install/dobot_msgs_v4/local/lib/python3.10/dist-packages:/home/michael/dobot_ws/install/dobot_moveit/lib/python3.10/site-packages:/home/michael/dobot_ws/install/dobot_demo/lib/python3.10/site-packages:/opt/ros/humble/lib/python3.10/site-packages:/opt/ros/humble/local/lib/python3.10/dist-packages'), ('COLCON', '1'), ('VTE_VERSION', '6800'), ('CMAKE_PREFIX_PATH', '/home/michael/dobot_ws/src/install/cra_description:/home/michael/dobot_ws/install/nova5_moveit:/home/michael/dobot_ws/install/nova2_moveit:/home/michael/dobot_ws/install/me6_moveit:/home/michael/dobot_ws/install/cr7_moveit:/home/michael/dobot_ws/install/cr5_moveit:/home/michael/dobot_ws/install/cr3_moveit:/home/michael/dobot_ws/install/cr30h_moveit:/home/michael/dobot_ws/install/cr20_moveit:/home/michael/dobot_ws/install/cr16_moveit:/home/michael/dobot_ws/install/cr12_moveit:/home/michael/dobot_ws/install/cr10af_moveit:/home/michael/dobot_ws/install/cr10_moveit:/home/michael/dobot_ws/install/dobot_rviz:/home/michael/dobot_ws/install/cr_robot_ros2:/home/michael/dobot_ws/install/dobot_msgs_v4:/home/michael/dobot_ws/install/dobot_gazebo:/home/michael/dobot_ws/install/cra_description:/home/michael/dobot_ws/install/servo_action:/home/michael/dobot_ws/install/dobot_moveit:/home/michael/dobot_ws/install/dobot_demo:/opt/ros/humble')]), 'shell': False}
[3.022584] (dobot_gazebo) StdoutLine: {'line': b'-- Install configuration: ""\n'}
[3.022741] (dobot_gazebo) StdoutLine: {'line': b'-- Up-to-date: /home/michael/dobot_ws/src/install/dobot_gazebo/share/dobot_gazebo/launch\n'}
[3.022790] (dobot_gazebo) StdoutLine: {'line': b'-- Up-to-date: /home/michael/dobot_ws/src/install/dobot_gazebo/share/dobot_gazebo/launch/gazebo_moveit.launch.py\n'}
[3.022827] (dobot_gazebo) StdoutLine: {'line': b'-- Up-to-date: /home/michael/dobot_ws/src/install/dobot_gazebo/share/dobot_gazebo/launch/dobot_gazebo.launch.py\n'}
[3.022850] (dobot_gazebo) StdoutLine: {'line': b'-- Up-to-date: /home/michael/dobot_ws/src/install/dobot_gazebo/share/dobot_gazebo/worlds\n'}
[3.022870] (dobot_gazebo) StdoutLine: {'line': b'-- Up-to-date: /home/michael/dobot_ws/src/install/dobot_gazebo/share/dobot_gazebo/worlds/cr.world\n'}
[3.022893] (dobot_gazebo) StdoutLine: {'line': b'-- Up-to-date: /home/michael/dobot_ws/src/install/dobot_gazebo/share/dobot_gazebo/config\n'}
[3.022912] (dobot_gazebo) StdoutLine: {'line': b'-- Up-to-date: /home/michael/dobot_ws/src/install/dobot_gazebo/share/dobot_gazebo/config/moveitcpp.rviz\n'}
[3.022931] (dobot_gazebo) StdoutLine: {'line': b'-- Up-to-date: /home/michael/dobot_ws/src/install/dobot_gazebo/share/ament_index/resource_index/package_run_dependencies/dobot_gazebo\n'}
[3.022951] (dobot_gazebo) StdoutLine: {'line': b'-- Up-to-date: /home/michael/dobot_ws/src/install/dobot_gazebo/share/ament_index/resource_index/parent_prefix_path/dobot_gazebo\n'}
[3.022968] (dobot_gazebo) StdoutLine: {'line': b'-- Up-to-date: /home/michael/dobot_ws/src/install/dobot_gazebo/share/dobot_gazebo/environment/ament_prefix_path.sh\n'}
[3.022987] (dobot_gazebo) StdoutLine: {'line': b'-- Up-to-date: /home/michael/dobot_ws/src/install/dobot_gazebo/share/dobot_gazebo/environment/ament_prefix_path.dsv\n'}
[3.023007] (dobot_gazebo) StdoutLine: {'line': b'-- Up-to-date: /home/michael/dobot_ws/src/install/dobot_gazebo/share/dobot_gazebo/environment/path.sh\n'}
[3.023479] (dobot_gazebo) StdoutLine: {'line': b'-- Up-to-date: /home/michael/dobot_ws/src/install/dobot_gazebo/share/dobot_gazebo/environment/path.dsv\n'}
[3.023528] (dobot_gazebo) StdoutLine: {'line': b'-- Up-to-date: /home/michael/dobot_ws/src/install/dobot_gazebo/share/dobot_gazebo/local_setup.bash\n'}
[3.023552] (dobot_gazebo) StdoutLine: {'line': b'-- Up-to-date: /home/michael/dobot_ws/src/install/dobot_gazebo/share/dobot_gazebo/local_setup.sh\n'}
[3.023572] (dobot_gazebo) StdoutLine: {'line': b'-- Up-to-date: /home/michael/dobot_ws/src/install/dobot_gazebo/share/dobot_gazebo/local_setup.zsh\n'}
[3.023590] (dobot_gazebo) StdoutLine: {'line': b'-- Up-to-date: /home/michael/dobot_ws/src/install/dobot_gazebo/share/dobot_gazebo/local_setup.dsv\n'}
[3.023607] (dobot_gazebo) StdoutLine: {'line': b'-- Up-to-date: /home/michael/dobot_ws/src/install/dobot_gazebo/share/dobot_gazebo/package.dsv\n'}
[3.023624] (dobot_gazebo) StdoutLine: {'line': b'-- Up-to-date: /home/michael/dobot_ws/src/install/dobot_gazebo/share/ament_index/resource_index/packages/dobot_gazebo\n'}
[3.024584] (dobot_gazebo) StdoutLine: {'line': b'-- Up-to-date: /home/michael/dobot_ws/src/install/dobot_gazebo/share/dobot_gazebo/cmake/dobot_gazeboConfig.cmake\n'}
[3.024610] (dobot_gazebo) StdoutLine: {'line': b'-- Up-to-date: /home/michael/dobot_ws/src/install/dobot_gazebo/share/dobot_gazebo/cmake/dobot_gazeboConfig-version.cmake\n'}
[3.024644] (dobot_gazebo) StdoutLine: {'line': b'-- Up-to-date: /home/michael/dobot_ws/src/install/dobot_gazebo/share/dobot_gazebo/package.xml\n'}
[3.025761] (dobot_msgs_v4) StdoutLine: {'line': b'[  5%] \x1b[32mBuilding C object CMakeFiles/dobot_msgs_v4__rosidl_generator_c.dir/rosidl_generator_c/dobot_msgs_v4/srv/detail/set_output_bool__functions.c.o\x1b[0m\n'}
[3.026075] (dobot_gazebo) CommandEnded: {'returncode': 0}
[3.041755] (dobot_gazebo) JobEnded: {'identifier': 'dobot_gazebo', 'rc': 0}
[3.074011] (dobot_msgs_v4) StdoutLine: {'line': b'[  5%] \x1b[32mBuilding C object CMakeFiles/dobot_msgs_v4__rosidl_generator_c.dir/rosidl_generator_c/dobot_msgs_v4/srv/detail/set_output_int__functions.c.o\x1b[0m\n'}
[3.108821] (dobot_msgs_v4) StdoutLine: {'line': b'[  5%] \x1b[32mBuilding C object CMakeFiles/dobot_msgs_v4__rosidl_generator_c.dir/rosidl_generator_c/dobot_msgs_v4/srv/detail/set_output_float__functions.c.o\x1b[0m\n'}
[3.116722] (-) TimerEvent: {}
[3.150130] (dobot_msgs_v4) StdoutLine: {'line': b'[  5%] \x1b[32mBuilding C object CMakeFiles/dobot_msgs_v4__rosidl_generator_c.dir/rosidl_generator_c/dobot_msgs_v4/srv/detail/mov_lio__functions.c.o\x1b[0m\n'}
[3.194245] (dobot_msgs_v4) StdoutLine: {'line': b'[  5%] \x1b[32mBuilding C object CMakeFiles/dobot_msgs_v4__rosidl_generator_c.dir/rosidl_generator_c/dobot_msgs_v4/srv/detail/mov_jio__functions.c.o\x1b[0m\n'}
[3.216832] (-) TimerEvent: {}
[3.235044] (dobot_msgs_v4) StdoutLine: {'line': b'[  5%] \x1b[32mBuilding C object CMakeFiles/dobot_msgs_v4__rosidl_generator_c.dir/rosidl_generator_c/dobot_msgs_v4/srv/detail/arc__functions.c.o\x1b[0m\n'}
[3.282507] (dobot_msgs_v4) StdoutLine: {'line': b'[  5%] \x1b[32mBuilding C object CMakeFiles/dobot_msgs_v4__rosidl_generator_c.dir/rosidl_generator_c/dobot_msgs_v4/srv/detail/circle__functions.c.o\x1b[0m\n'}
[3.317503] (-) TimerEvent: {}
[3.327193] (dobot_msgs_v4) StdoutLine: {'line': b'[  5%] \x1b[32mBuilding C object CMakeFiles/dobot_msgs_v4__rosidl_generator_c.dir/rosidl_generator_c/dobot_msgs_v4/srv/detail/rel_mov_j_tool__functions.c.o\x1b[0m\n'}
[3.376977] (dobot_msgs_v4) StdoutLine: {'line': b'[  6%] \x1b[32mBuilding C object CMakeFiles/dobot_msgs_v4__rosidl_generator_c.dir/rosidl_generator_c/dobot_msgs_v4/srv/detail/rel_mov_l_tool__functions.c.o\x1b[0m\n'}
[3.417660] (-) TimerEvent: {}
[3.419394] (dobot_msgs_v4) StdoutLine: {'line': b'[  6%] \x1b[32mBuilding C object CMakeFiles/dobot_msgs_v4__rosidl_generator_c.dir/rosidl_generator_c/dobot_msgs_v4/srv/detail/rel_mov_j_user__functions.c.o\x1b[0m\n'}
[3.469199] (dobot_msgs_v4) StdoutLine: {'line': b'[  6%] \x1b[32mBuilding C object CMakeFiles/dobot_msgs_v4__rosidl_generator_c.dir/rosidl_generator_c/dobot_msgs_v4/srv/detail/rel_mov_l_user__functions.c.o\x1b[0m\n'}
[3.508875] (dobot_msgs_v4) StdoutLine: {'line': b'[  6%] \x1b[32mBuilding C object CMakeFiles/dobot_msgs_v4__rosidl_generator_c.dir/rosidl_generator_c/dobot_msgs_v4/srv/detail/get_current_command_id__functions.c.o\x1b[0m\n'}
[3.518466] (-) TimerEvent: {}
[3.551258] (dobot_msgs_v4) StdoutLine: {'line': b'[  6%] \x1b[32mBuilding C object CMakeFiles/dobot_msgs_v4__rosidl_generator_c.dir/rosidl_generator_c/dobot_msgs_v4/srv/detail/servo_j__functions.c.o\x1b[0m\n'}
[3.592037] (dobot_msgs_v4) StdoutLine: {'line': b'[  6%] \x1b[32mBuilding C object CMakeFiles/dobot_msgs_v4__rosidl_generator_c.dir/rosidl_generator_c/dobot_msgs_v4/srv/detail/servo_p__functions.c.o\x1b[0m\n'}
[3.618578] (-) TimerEvent: {}
[3.633476] (dobot_msgs_v4) StdoutLine: {'line': b'[  6%] \x1b[32mBuilding C object CMakeFiles/dobot_msgs_v4__rosidl_generator_c.dir/rosidl_generator_c/dobot_msgs_v4/srv/detail/tcp_dashboard__functions.c.o\x1b[0m\n'}
[3.677015] (dobot_msgs_v4) StdoutLine: {'line': b'[  6%] \x1b[32mBuilding C object CMakeFiles/dobot_msgs_v4__rosidl_generator_c.dir/rosidl_generator_c/dobot_msgs_v4/srv/detail/enable_ft_sensor__functions.c.o\x1b[0m\n'}
[3.718589] (dobot_msgs_v4) StdoutLine: {'line': b'[  6%] \x1b[32mBuilding C object CMakeFiles/dobot_msgs_v4__rosidl_generator_c.dir/rosidl_generator_c/dobot_msgs_v4/srv/detail/six_force_home__functions.c.o\x1b[0m\n'}
[3.718738] (-) TimerEvent: {}
[3.767279] (dobot_msgs_v4) StdoutLine: {'line': b'[  6%] \x1b[32mBuilding C object CMakeFiles/dobot_msgs_v4__rosidl_generator_c.dir/rosidl_generator_c/dobot_msgs_v4/srv/detail/get_force__functions.c.o\x1b[0m\n'}
[3.809581] (dobot_msgs_v4) StdoutLine: {'line': b'[  6%] \x1b[32mBuilding C object CMakeFiles/dobot_msgs_v4__rosidl_generator_c.dir/rosidl_generator_c/dobot_msgs_v4/srv/detail/force_drive_mode__functions.c.o\x1b[0m\n'}
[3.818825] (-) TimerEvent: {}
[3.857148] (dobot_msgs_v4) StdoutLine: {'line': b'[  7%] \x1b[32mBuilding C object CMakeFiles/dobot_msgs_v4__rosidl_generator_c.dir/rosidl_generator_c/dobot_msgs_v4/srv/detail/force_drive_speed__functions.c.o\x1b[0m\n'}
[3.899425] (dobot_msgs_v4) StdoutLine: {'line': b'[  7%] \x1b[32mBuilding C object CMakeFiles/dobot_msgs_v4__rosidl_generator_c.dir/rosidl_generator_c/dobot_msgs_v4/srv/detail/fc_force_mode__functions.c.o\x1b[0m\n'}
[3.918931] (-) TimerEvent: {}
[3.943096] (dobot_msgs_v4) StdoutLine: {'line': b'[  7%] \x1b[32mBuilding C object CMakeFiles/dobot_msgs_v4__rosidl_generator_c.dir/rosidl_generator_c/dobot_msgs_v4/srv/detail/fc_set_deviation__functions.c.o\x1b[0m\n'}
[3.990895] (dobot_msgs_v4) StdoutLine: {'line': b'[  7%] \x1b[32mBuilding C object CMakeFiles/dobot_msgs_v4__rosidl_generator_c.dir/rosidl_generator_c/dobot_msgs_v4/srv/detail/fc_set_force_limit__functions.c.o\x1b[0m\n'}
[4.019044] (-) TimerEvent: {}
[4.033907] (dobot_msgs_v4) StdoutLine: {'line': b'[  7%] \x1b[32mBuilding C object CMakeFiles/dobot_msgs_v4__rosidl_generator_c.dir/rosidl_generator_c/dobot_msgs_v4/srv/detail/fc_set_mass__functions.c.o\x1b[0m\n'}
[4.079920] (dobot_msgs_v4) StdoutLine: {'line': b'[  7%] \x1b[32mBuilding C object CMakeFiles/dobot_msgs_v4__rosidl_generator_c.dir/rosidl_generator_c/dobot_msgs_v4/srv/detail/fc_set_stiffness__functions.c.o\x1b[0m\n'}
[4.119143] (-) TimerEvent: {}
[4.120064] (dobot_msgs_v4) StdoutLine: {'line': b'[  7%] \x1b[32mBuilding C object CMakeFiles/dobot_msgs_v4__rosidl_generator_c.dir/rosidl_generator_c/dobot_msgs_v4/srv/detail/fc_set_damping__functions.c.o\x1b[0m\n'}
[4.161055] (dobot_msgs_v4) StdoutLine: {'line': b'[  7%] \x1b[32mBuilding C object CMakeFiles/dobot_msgs_v4__rosidl_generator_c.dir/rosidl_generator_c/dobot_msgs_v4/srv/detail/fc_off__functions.c.o\x1b[0m\n'}
[4.199171] (dobot_msgs_v4) StdoutLine: {'line': b'[  7%] \x1b[32mBuilding C object CMakeFiles/dobot_msgs_v4__rosidl_generator_c.dir/rosidl_generator_c/dobot_msgs_v4/srv/detail/fc_set_force_speed_limit__functions.c.o\x1b[0m\n'}
[4.219577] (-) TimerEvent: {}
[4.241087] (dobot_msgs_v4) StdoutLine: {'line': b'[  7%] \x1b[32mBuilding C object CMakeFiles/dobot_msgs_v4__rosidl_generator_c.dir/rosidl_generator_c/dobot_msgs_v4/srv/detail/fc_set_force__functions.c.o\x1b[0m\n'}
[4.279281] (dobot_msgs_v4) StdoutLine: {'line': b'[  8%] \x1b[32mBuilding C object CMakeFiles/dobot_msgs_v4__rosidl_generator_c.dir/rosidl_generator_c/dobot_msgs_v4/srv/detail/set_fc_collision__functions.c.o\x1b[0m\n'}
[4.319673] (-) TimerEvent: {}
[4.320432] (dobot_msgs_v4) StdoutLine: {'line': b'[  8%] \x1b[32mBuilding C object CMakeFiles/dobot_msgs_v4__rosidl_generator_c.dir/rosidl_generator_c/dobot_msgs_v4/srv/detail/fc_collision_switch__functions.c.o\x1b[0m\n'}
[4.360678] (dobot_msgs_v4) StdoutLine: {'line': b'[  8%] \x1b[32mBuilding C object CMakeFiles/dobot_msgs_v4__rosidl_generator_c.dir/rosidl_generator_c/dobot_msgs_v4/srv/detail/set_work_zone_enable__functions.c.o\x1b[0m\n'}
[4.401889] (dobot_msgs_v4) StdoutLine: {'line': b'[  8%] \x1b[32mBuilding C object CMakeFiles/dobot_msgs_v4__rosidl_generator_c.dir/rosidl_generator_c/dobot_msgs_v4/srv/detail/get_tool_do__functions.c.o\x1b[0m\n'}
[4.419775] (-) TimerEvent: {}
[4.445397] (dobot_msgs_v4) StdoutLine: {'line': b'[  8%] \x1b[32mBuilding C object CMakeFiles/dobot_msgs_v4__rosidl_generator_c.dir/rosidl_generator_c/dobot_msgs_v4/srv/detail/reset_robot__functions.c.o\x1b[0m\n'}
[4.486644] (dobot_msgs_v4) StdoutLine: {'line': b'[  8%] \x1b[32mBuilding C object CMakeFiles/dobot_msgs_v4__rosidl_generator_c.dir/rosidl_generator_c/dobot_msgs_v4/srv/detail/run_to__functions.c.o\x1b[0m\n'}
[4.519879] (-) TimerEvent: {}
[4.528110] (dobot_msgs_v4) StdoutLine: {'line': b'[  8%] \x1b[32mBuilding C object CMakeFiles/dobot_msgs_v4__rosidl_generator_c.dir/rosidl_generator_c/dobot_msgs_v4/srv/detail/start_rt_offset__functions.c.o\x1b[0m\n'}
[4.569629] (dobot_msgs_v4) StdoutLine: {'line': b'[  8%] \x1b[32mBuilding C object CMakeFiles/dobot_msgs_v4__rosidl_generator_c.dir/rosidl_generator_c/dobot_msgs_v4/srv/detail/end_rt_offset__functions.c.o\x1b[0m\n'}
[4.609229] (dobot_msgs_v4) StdoutLine: {'line': b'[  8%] \x1b[32mBuilding C object CMakeFiles/dobot_msgs_v4__rosidl_generator_c.dir/rosidl_generator_c/dobot_msgs_v4/srv/detail/get_error__functions.c.o\x1b[0m\n'}
[4.621679] (-) TimerEvent: {}
[4.648304] (dobot_msgs_v4) StdoutLine: {'line': b'[  8%] \x1b[32mBuilding C object CMakeFiles/dobot_msgs_v4__rosidl_generator_c.dir/rosidl_generator_c/dobot_msgs_v4/srv/detail/do_group_dec__functions.c.o\x1b[0m\n'}
[4.688693] (dobot_msgs_v4) StdoutLine: {'line': b'[  9%] \x1b[32mBuilding C object CMakeFiles/dobot_msgs_v4__rosidl_generator_c.dir/rosidl_generator_c/dobot_msgs_v4/srv/detail/get_do_group_dec__functions.c.o\x1b[0m\n'}
[4.721798] (-) TimerEvent: {}
[4.734202] (dobot_msgs_v4) StdoutLine: {'line': b'[  9%] \x1b[32mBuilding C object CMakeFiles/dobot_msgs_v4__rosidl_generator_c.dir/rosidl_generator_c/dobot_msgs_v4/srv/detail/di_group_dec__functions.c.o\x1b[0m\n'}
[4.773214] (dobot_msgs_v4) StdoutLine: {'line': b'[  9%] \x1b[32mBuilding C object CMakeFiles/dobot_msgs_v4__rosidl_generator_c.dir/rosidl_generator_c/dobot_msgs_v4/srv/detail/request_control__functions.c.o\x1b[0m\n'}
[4.813575] (dobot_msgs_v4) StdoutLine: {'line': b'[  9%] \x1b[32mBuilding C object CMakeFiles/dobot_msgs_v4__rosidl_generator_c.dir/rosidl_generator_c/dobot_msgs_v4/srv/detail/check_odd_mov_l__functions.c.o\x1b[0m\n'}
[4.821870] (-) TimerEvent: {}
[4.854190] (dobot_msgs_v4) StdoutLine: {'line': b'[  9%] \x1b[32mBuilding C object CMakeFiles/dobot_msgs_v4__rosidl_generator_c.dir/rosidl_generator_c/dobot_msgs_v4/srv/detail/check_odd_mov_j__functions.c.o\x1b[0m\n'}
[4.894360] (dobot_msgs_v4) StdoutLine: {'line': b'[  9%] \x1b[32mBuilding C object CMakeFiles/dobot_msgs_v4__rosidl_generator_c.dir/rosidl_generator_c/dobot_msgs_v4/srv/detail/check_odd_mov_c__functions.c.o\x1b[0m\n'}
[4.921981] (-) TimerEvent: {}
[4.934375] (dobot_msgs_v4) StdoutLine: {'line': b'[  9%] \x1b[32m\x1b[1mLinking C shared library libdobot_msgs_v4__rosidl_generator_c.so\x1b[0m\n'}
[4.992128] (dobot_msgs_v4) StdoutLine: {'line': b'[ 13%] Built target dobot_msgs_v4__rosidl_generator_c\n'}
[5.022097] (-) TimerEvent: {}
[5.058260] (dobot_msgs_v4) StdoutLine: {'line': b'[ 13%] \x1b[34m\x1b[1mGenerating C++ introspection for ROS interfaces\x1b[0m\n'}
[5.122188] (-) TimerEvent: {}
[5.222768] (-) TimerEvent: {}
[5.323006] (-) TimerEvent: {}
[5.423802] (-) TimerEvent: {}
[5.524182] (-) TimerEvent: {}
[5.625435] (-) TimerEvent: {}
[5.725726] (-) TimerEvent: {}
[5.825964] (-) TimerEvent: {}
[5.926224] (-) TimerEvent: {}
[6.026474] (-) TimerEvent: {}
[6.127512] (-) TimerEvent: {}
[6.228569] (-) TimerEvent: {}
[6.328817] (-) TimerEvent: {}
[6.429682] (-) TimerEvent: {}
[6.481029] (dobot_msgs_v4) StdoutLine: {'line': b'[ 13%] \x1b[32mBuilding CXX object CMakeFiles/dobot_msgs_v4__rosidl_typesupport_fastrtps_cpp.dir/rosidl_typesupport_fastrtps_cpp/dobot_msgs_v4/msg/detail/dds_fastrtps/robot_status__type_support.cpp.o\x1b[0m\n'}
[6.530769] (-) TimerEvent: {}
[6.631076] (-) TimerEvent: {}
[6.731328] (-) TimerEvent: {}
[6.831717] (-) TimerEvent: {}
[6.933552] (-) TimerEvent: {}
[6.941678] (dobot_msgs_v4) StdoutLine: {'line': b'[ 13%] \x1b[32mBuilding CXX object CMakeFiles/dobot_msgs_v4__rosidl_typesupport_fastrtps_cpp.dir/rosidl_typesupport_fastrtps_cpp/dobot_msgs_v4/msg/detail/dds_fastrtps/tool_vector_actual__type_support.cpp.o\x1b[0m\n'}
[7.034198] (-) TimerEvent: {}
[7.134530] (-) TimerEvent: {}
[7.179851] (dobot_msgs_v4) StdoutLine: {'line': b'[ 13%] \x1b[32mBuilding CXX object CMakeFiles/dobot_msgs_v4__rosidl_typesupport_fastrtps_cpp.dir/rosidl_typesupport_fastrtps_cpp/dobot_msgs_v4/srv/detail/dds_fastrtps/enable_robot__type_support.cpp.o\x1b[0m\n'}
[7.234704] (-) TimerEvent: {}
[7.335497] (-) TimerEvent: {}
[7.435759] (-) TimerEvent: {}
[7.449209] (dobot_msgs_v4) StdoutLine: {'line': b'[ 13%] \x1b[32mBuilding CXX object CMakeFiles/dobot_msgs_v4__rosidl_typesupport_fastrtps_cpp.dir/rosidl_typesupport_fastrtps_cpp/dobot_msgs_v4/srv/detail/dds_fastrtps/disable_robot__type_support.cpp.o\x1b[0m\n'}
[7.535861] (-) TimerEvent: {}
[7.636207] (-) TimerEvent: {}
[7.707559] (dobot_msgs_v4) StdoutLine: {'line': b'[ 14%] \x1b[32mBuilding CXX object CMakeFiles/dobot_msgs_v4__rosidl_typesupport_fastrtps_cpp.dir/rosidl_typesupport_fastrtps_cpp/dobot_msgs_v4/srv/detail/dds_fastrtps/clear_error__type_support.cpp.o\x1b[0m\n'}
[7.737681] (-) TimerEvent: {}
[7.837946] (-) TimerEvent: {}
[7.938219] (-) TimerEvent: {}
[7.951300] (dobot_msgs_v4) StdoutLine: {'line': b'[ 14%] \x1b[32mBuilding CXX object CMakeFiles/dobot_msgs_v4__rosidl_typesupport_fastrtps_cpp.dir/rosidl_typesupport_fastrtps_cpp/dobot_msgs_v4/srv/detail/dds_fastrtps/speed_factor__type_support.cpp.o\x1b[0m\n'}
[8.038312] (-) TimerEvent: {}
[8.138649] (-) TimerEvent: {}
[8.199437] (dobot_msgs_v4) StdoutLine: {'line': b'[ 14%] \x1b[32mBuilding CXX object CMakeFiles/dobot_msgs_v4__rosidl_typesupport_fastrtps_cpp.dir/rosidl_typesupport_fastrtps_cpp/dobot_msgs_v4/srv/detail/dds_fastrtps/user__type_support.cpp.o\x1b[0m\n'}
[8.238754] (-) TimerEvent: {}
[8.339014] (-) TimerEvent: {}
[8.414279] (dobot_msgs_v4) StdoutLine: {'line': b'[ 14%] \x1b[32mBuilding CXX object CMakeFiles/dobot_msgs_v4__rosidl_typesupport_fastrtps_cpp.dir/rosidl_typesupport_fastrtps_cpp/dobot_msgs_v4/srv/detail/dds_fastrtps/tool__type_support.cpp.o\x1b[0m\n'}
[8.439127] (-) TimerEvent: {}
[8.539434] (-) TimerEvent: {}
[8.640043] (-) TimerEvent: {}
[8.669075] (dobot_msgs_v4) StdoutLine: {'line': b'[ 14%] \x1b[32mBuilding CXX object CMakeFiles/dobot_msgs_v4__rosidl_typesupport_fastrtps_cpp.dir/rosidl_typesupport_fastrtps_cpp/dobot_msgs_v4/srv/detail/dds_fastrtps/robot_mode__type_support.cpp.o\x1b[0m\n'}
[8.740868] (-) TimerEvent: {}
[8.841207] (-) TimerEvent: {}
[8.932147] (dobot_msgs_v4) StdoutLine: {'line': b'[ 14%] \x1b[32mBuilding CXX object CMakeFiles/dobot_msgs_v4__rosidl_typesupport_fastrtps_cpp.dir/rosidl_typesupport_fastrtps_cpp/dobot_msgs_v4/srv/detail/dds_fastrtps/set_payload__type_support.cpp.o\x1b[0m\n'}
[8.942007] (-) TimerEvent: {}
[9.042294] (-) TimerEvent: {}
[9.142984] (-) TimerEvent: {}
[9.153664] (dobot_msgs_v4) StdoutLine: {'line': b'[ 14%] \x1b[32mBuilding CXX object CMakeFiles/dobot_msgs_v4__rosidl_typesupport_fastrtps_cpp.dir/rosidl_typesupport_fastrtps_cpp/dobot_msgs_v4/srv/detail/dds_fastrtps/do__type_support.cpp.o\x1b[0m\n'}
[9.243929] (-) TimerEvent: {}
[9.322659] (dobot_msgs_v4) StdoutLine: {'line': b'[ 14%] \x1b[32mBuilding CXX object CMakeFiles/dobot_msgs_v4__rosidl_typesupport_introspection_cpp.dir/rosidl_typesupport_introspection_cpp/dobot_msgs_v4/msg/detail/robot_status__type_support.cpp.o\x1b[0m\n'}
[9.344094] (-) TimerEvent: {}
[9.415556] (dobot_msgs_v4) StdoutLine: {'line': b'[ 14%] \x1b[32mBuilding CXX object CMakeFiles/dobot_msgs_v4__rosidl_typesupport_fastrtps_cpp.dir/rosidl_typesupport_fastrtps_cpp/dobot_msgs_v4/srv/detail/dds_fastrtps/do_instant__type_support.cpp.o\x1b[0m\n'}
[9.445010] (-) TimerEvent: {}
[9.545296] (-) TimerEvent: {}
[9.571162] (dobot_msgs_v4) StdoutLine: {'line': b'[ 14%] \x1b[32mBuilding CXX object CMakeFiles/dobot_msgs_v4__rosidl_typesupport_introspection_cpp.dir/rosidl_typesupport_introspection_cpp/dobot_msgs_v4/msg/detail/tool_vector_actual__type_support.cpp.o\x1b[0m\n'}
[9.635909] (dobot_msgs_v4) StdoutLine: {'line': b'[ 14%] \x1b[32mBuilding CXX object CMakeFiles/dobot_msgs_v4__rosidl_typesupport_fastrtps_cpp.dir/rosidl_typesupport_fastrtps_cpp/dobot_msgs_v4/srv/detail/dds_fastrtps/tool_do__type_support.cpp.o\x1b[0m\n'}
[9.645402] (-) TimerEvent: {}
[9.745690] (-) TimerEvent: {}
[9.797547] (dobot_msgs_v4) StdoutLine: {'line': b'[ 14%] \x1b[32mBuilding CXX object CMakeFiles/dobot_msgs_v4__rosidl_typesupport_introspection_cpp.dir/rosidl_typesupport_introspection_cpp/dobot_msgs_v4/srv/detail/enable_robot__type_support.cpp.o\x1b[0m\n'}
[9.845808] (-) TimerEvent: {}
[9.856534] (dobot_msgs_v4) StdoutLine: {'line': b'[ 14%] \x1b[32mBuilding CXX object CMakeFiles/dobot_msgs_v4__rosidl_typesupport_fastrtps_cpp.dir/rosidl_typesupport_fastrtps_cpp/dobot_msgs_v4/srv/detail/dds_fastrtps/tool_do_instant__type_support.cpp.o\x1b[0m\n'}
[9.946530] (-) TimerEvent: {}
[10.046852] (-) TimerEvent: {}
[10.055349] (dobot_msgs_v4) StdoutLine: {'line': b'[ 14%] \x1b[32mBuilding CXX object CMakeFiles/dobot_msgs_v4__rosidl_typesupport_introspection_cpp.dir/rosidl_typesupport_introspection_cpp/dobot_msgs_v4/srv/detail/disable_robot__type_support.cpp.o\x1b[0m\n'}
[10.085291] (dobot_msgs_v4) StdoutLine: {'line': b'[ 15%] \x1b[32mBuilding CXX object CMakeFiles/dobot_msgs_v4__rosidl_typesupport_fastrtps_cpp.dir/rosidl_typesupport_fastrtps_cpp/dobot_msgs_v4/srv/detail/dds_fastrtps/ao__type_support.cpp.o\x1b[0m\n'}
[10.148204] (-) TimerEvent: {}
[10.248461] (-) TimerEvent: {}
[10.287988] (dobot_msgs_v4) StdoutLine: {'line': b'[ 15%] \x1b[32mBuilding CXX object CMakeFiles/dobot_msgs_v4__rosidl_typesupport_fastrtps_cpp.dir/rosidl_typesupport_fastrtps_cpp/dobot_msgs_v4/srv/detail/dds_fastrtps/ao_instant__type_support.cpp.o\x1b[0m\n'}
[10.305524] (dobot_msgs_v4) StdoutLine: {'line': b'[ 16%] \x1b[32mBuilding CXX object CMakeFiles/dobot_msgs_v4__rosidl_typesupport_introspection_cpp.dir/rosidl_typesupport_introspection_cpp/dobot_msgs_v4/srv/detail/clear_error__type_support.cpp.o\x1b[0m\n'}
[10.349190] (-) TimerEvent: {}
[10.449857] (-) TimerEvent: {}
[10.484625] (dobot_msgs_v4) StdoutLine: {'line': b'[ 16%] \x1b[32mBuilding CXX object CMakeFiles/dobot_msgs_v4__rosidl_typesupport_fastrtps_cpp.dir/rosidl_typesupport_fastrtps_cpp/dobot_msgs_v4/srv/detail/dds_fastrtps/acc_j__type_support.cpp.o\x1b[0m\n'}
[10.549963] (-) TimerEvent: {}
[10.551771] (dobot_msgs_v4) StdoutLine: {'line': b'[ 16%] \x1b[32mBuilding CXX object CMakeFiles/dobot_msgs_v4__rosidl_typesupport_introspection_cpp.dir/rosidl_typesupport_introspection_cpp/dobot_msgs_v4/srv/detail/speed_factor__type_support.cpp.o\x1b[0m\n'}
[10.650066] (-) TimerEvent: {}
[10.678749] (dobot_msgs_v4) StdoutLine: {'line': b'[ 16%] \x1b[32mBuilding CXX object CMakeFiles/dobot_msgs_v4__rosidl_typesupport_fastrtps_cpp.dir/rosidl_typesupport_fastrtps_cpp/dobot_msgs_v4/srv/detail/dds_fastrtps/acc_l__type_support.cpp.o\x1b[0m\n'}
[10.750385] (-) TimerEvent: {}
[10.802269] (dobot_msgs_v4) StdoutLine: {'line': b'[ 16%] \x1b[32mBuilding CXX object CMakeFiles/dobot_msgs_v4__rosidl_typesupport_introspection_cpp.dir/rosidl_typesupport_introspection_cpp/dobot_msgs_v4/srv/detail/user__type_support.cpp.o\x1b[0m\n'}
[10.850296] (-) TimerEvent: {}
[10.885102] (dobot_msgs_v4) StdoutLine: {'line': b'[ 16%] \x1b[32mBuilding CXX object CMakeFiles/dobot_msgs_v4__rosidl_typesupport_fastrtps_cpp.dir/rosidl_typesupport_fastrtps_cpp/dobot_msgs_v4/srv/detail/dds_fastrtps/vel_j__type_support.cpp.o\x1b[0m\n'}
[10.950388] (-) TimerEvent: {}
[11.042559] (dobot_msgs_v4) StdoutLine: {'line': b'[ 16%] \x1b[32mBuilding CXX object CMakeFiles/dobot_msgs_v4__rosidl_typesupport_introspection_cpp.dir/rosidl_typesupport_introspection_cpp/dobot_msgs_v4/srv/detail/tool__type_support.cpp.o\x1b[0m\n'}
[11.050467] (-) TimerEvent: {}
[11.093457] (dobot_msgs_v4) StdoutLine: {'line': b'[ 16%] \x1b[32mBuilding CXX object CMakeFiles/dobot_msgs_v4__rosidl_typesupport_fastrtps_cpp.dir/rosidl_typesupport_fastrtps_cpp/dobot_msgs_v4/srv/detail/dds_fastrtps/vel_l__type_support.cpp.o\x1b[0m\n'}
[11.150581] (-) TimerEvent: {}
[11.252730] (-) TimerEvent: {}
[11.294238] (dobot_msgs_v4) StdoutLine: {'line': b'[ 16%] \x1b[32mBuilding CXX object CMakeFiles/dobot_msgs_v4__rosidl_typesupport_introspection_cpp.dir/rosidl_typesupport_introspection_cpp/dobot_msgs_v4/srv/detail/robot_mode__type_support.cpp.o\x1b[0m\n'}
[11.300300] (dobot_msgs_v4) StdoutLine: {'line': b'[ 16%] \x1b[32mBuilding CXX object CMakeFiles/dobot_msgs_v4__rosidl_typesupport_fastrtps_cpp.dir/rosidl_typesupport_fastrtps_cpp/dobot_msgs_v4/srv/detail/dds_fastrtps/cp__type_support.cpp.o\x1b[0m\n'}
[11.352846] (-) TimerEvent: {}
[11.454222] (-) TimerEvent: {}
[11.508173] (dobot_msgs_v4) StdoutLine: {'line': b'[ 16%] \x1b[32mBuilding CXX object CMakeFiles/dobot_msgs_v4__rosidl_typesupport_fastrtps_cpp.dir/rosidl_typesupport_fastrtps_cpp/dobot_msgs_v4/srv/detail/dds_fastrtps/power_on__type_support.cpp.o\x1b[0m\n'}
[11.533555] (dobot_msgs_v4) StdoutLine: {'line': b'[ 16%] \x1b[32mBuilding CXX object CMakeFiles/dobot_msgs_v4__rosidl_typesupport_introspection_cpp.dir/rosidl_typesupport_introspection_cpp/dobot_msgs_v4/srv/detail/set_payload__type_support.cpp.o\x1b[0m\n'}
[11.554322] (-) TimerEvent: {}
[11.655494] (-) TimerEvent: {}
[11.714109] (dobot_msgs_v4) StdoutLine: {'line': b'[ 16%] \x1b[32mBuilding CXX object CMakeFiles/dobot_msgs_v4__rosidl_typesupport_fastrtps_cpp.dir/rosidl_typesupport_fastrtps_cpp/dobot_msgs_v4/srv/detail/dds_fastrtps/run_script__type_support.cpp.o\x1b[0m\n'}
[11.756322] (-) TimerEvent: {}
[11.766633] (dobot_msgs_v4) StdoutLine: {'line': b'[ 16%] \x1b[32mBuilding CXX object CMakeFiles/dobot_msgs_v4__rosidl_typesupport_introspection_cpp.dir/rosidl_typesupport_introspection_cpp/dobot_msgs_v4/srv/detail/do__type_support.cpp.o\x1b[0m\n'}
[11.857592] (-) TimerEvent: {}
[11.943925] (dobot_msgs_v4) StdoutLine: {'line': b'[ 16%] \x1b[32mBuilding CXX object CMakeFiles/dobot_msgs_v4__rosidl_typesupport_fastrtps_cpp.dir/rosidl_typesupport_fastrtps_cpp/dobot_msgs_v4/srv/detail/dds_fastrtps/stop__type_support.cpp.o\x1b[0m\n'}
[11.957683] (-) TimerEvent: {}
[12.027300] (dobot_msgs_v4) StdoutLine: {'line': b'[ 16%] \x1b[32mBuilding CXX object CMakeFiles/dobot_msgs_v4__rosidl_typesupport_introspection_cpp.dir/rosidl_typesupport_introspection_cpp/dobot_msgs_v4/srv/detail/do_instant__type_support.cpp.o\x1b[0m\n'}
[12.059576] (-) TimerEvent: {}
[12.156446] (dobot_msgs_v4) StdoutLine: {'line': b'[ 17%] \x1b[32mBuilding CXX object CMakeFiles/dobot_msgs_v4__rosidl_typesupport_fastrtps_cpp.dir/rosidl_typesupport_fastrtps_cpp/dobot_msgs_v4/srv/detail/dds_fastrtps/pause__type_support.cpp.o\x1b[0m\n'}
[12.159640] (-) TimerEvent: {}
[12.259919] (-) TimerEvent: {}
[12.267694] (dobot_msgs_v4) StdoutLine: {'line': b'[ 17%] \x1b[32mBuilding CXX object CMakeFiles/dobot_msgs_v4__rosidl_typesupport_introspection_cpp.dir/rosidl_typesupport_introspection_cpp/dobot_msgs_v4/srv/detail/tool_do__type_support.cpp.o\x1b[0m\n'}
[12.360188] (-) TimerEvent: {}
[12.387503] (dobot_msgs_v4) StdoutLine: {'line': b'[ 17%] \x1b[32mBuilding CXX object CMakeFiles/dobot_msgs_v4__rosidl_typesupport_fastrtps_cpp.dir/rosidl_typesupport_fastrtps_cpp/dobot_msgs_v4/srv/detail/dds_fastrtps/continue__type_support.cpp.o\x1b[0m\n'}
[12.460302] (-) TimerEvent: {}
[12.467381] (dobot_msgs_v4) StdoutLine: {'line': b'[ 17%] \x1b[32mBuilding CXX object CMakeFiles/dobot_msgs_v4__rosidl_typesupport_introspection_cpp.dir/rosidl_typesupport_introspection_cpp/dobot_msgs_v4/srv/detail/tool_do_instant__type_support.cpp.o\x1b[0m\n'}
[12.561589] (-) TimerEvent: {}
[12.656670] (dobot_msgs_v4) StdoutLine: {'line': b'[ 18%] \x1b[32mBuilding CXX object CMakeFiles/dobot_msgs_v4__rosidl_typesupport_introspection_cpp.dir/rosidl_typesupport_introspection_cpp/dobot_msgs_v4/srv/detail/ao__type_support.cpp.o\x1b[0m\n'}
[12.656840] (dobot_msgs_v4) StdoutLine: {'line': b'[ 18%] \x1b[32mBuilding CXX object CMakeFiles/dobot_msgs_v4__rosidl_typesupport_fastrtps_cpp.dir/rosidl_typesupport_fastrtps_cpp/dobot_msgs_v4/srv/detail/dds_fastrtps/positive_kin__type_support.cpp.o\x1b[0m\n'}
[12.661663] (-) TimerEvent: {}
[12.761907] (-) TimerEvent: {}
[12.858141] (dobot_msgs_v4) StdoutLine: {'line': b'[ 18%] \x1b[32mBuilding CXX object CMakeFiles/dobot_msgs_v4__rosidl_typesupport_introspection_cpp.dir/rosidl_typesupport_introspection_cpp/dobot_msgs_v4/srv/detail/ao_instant__type_support.cpp.o\x1b[0m\n'}
[12.862244] (-) TimerEvent: {}
[12.912736] (dobot_msgs_v4) StdoutLine: {'line': b'[ 18%] \x1b[32mBuilding CXX object CMakeFiles/dobot_msgs_v4__rosidl_typesupport_fastrtps_cpp.dir/rosidl_typesupport_fastrtps_cpp/dobot_msgs_v4/srv/detail/dds_fastrtps/inverse_kin__type_support.cpp.o\x1b[0m\n'}
[12.963594] (-) TimerEvent: {}
[13.063907] (-) TimerEvent: {}
[13.085531] (dobot_msgs_v4) StdoutLine: {'line': b'[ 18%] \x1b[32mBuilding CXX object CMakeFiles/dobot_msgs_v4__rosidl_typesupport_introspection_cpp.dir/rosidl_typesupport_introspection_cpp/dobot_msgs_v4/srv/detail/acc_j__type_support.cpp.o\x1b[0m\n'}
[13.145412] (dobot_msgs_v4) StdoutLine: {'line': b'[ 18%] \x1b[32mBuilding CXX object CMakeFiles/dobot_msgs_v4__rosidl_typesupport_fastrtps_cpp.dir/rosidl_typesupport_fastrtps_cpp/dobot_msgs_v4/srv/detail/dds_fastrtps/set_collision_level__type_support.cpp.o\x1b[0m\n'}
[13.164011] (-) TimerEvent: {}
[13.264797] (-) TimerEvent: {}
[13.309057] (dobot_msgs_v4) StdoutLine: {'line': b'[ 18%] \x1b[32mBuilding CXX object CMakeFiles/dobot_msgs_v4__rosidl_typesupport_introspection_cpp.dir/rosidl_typesupport_introspection_cpp/dobot_msgs_v4/srv/detail/acc_l__type_support.cpp.o\x1b[0m\n'}
[13.364927] (-) TimerEvent: {}
[13.366147] (dobot_msgs_v4) StdoutLine: {'line': b'[ 18%] \x1b[32mBuilding CXX object CMakeFiles/dobot_msgs_v4__rosidl_typesupport_fastrtps_cpp.dir/rosidl_typesupport_fastrtps_cpp/dobot_msgs_v4/srv/detail/dds_fastrtps/get_angle__type_support.cpp.o\x1b[0m\n'}
[13.465025] (-) TimerEvent: {}
[13.527456] (dobot_msgs_v4) StdoutLine: {'line': b'[ 18%] \x1b[32mBuilding CXX object CMakeFiles/dobot_msgs_v4__rosidl_typesupport_introspection_cpp.dir/rosidl_typesupport_introspection_cpp/dobot_msgs_v4/srv/detail/vel_j__type_support.cpp.o\x1b[0m\n'}
[13.565138] (-) TimerEvent: {}
[13.590930] (dobot_msgs_v4) StdoutLine: {'line': b'[ 18%] \x1b[32mBuilding CXX object CMakeFiles/dobot_msgs_v4__rosidl_typesupport_fastrtps_cpp.dir/rosidl_typesupport_fastrtps_cpp/dobot_msgs_v4/srv/detail/dds_fastrtps/get_pose__type_support.cpp.o\x1b[0m\n'}
[13.666013] (-) TimerEvent: {}
[13.748454] (dobot_msgs_v4) StdoutLine: {'line': b'[ 18%] \x1b[32mBuilding CXX object CMakeFiles/dobot_msgs_v4__rosidl_typesupport_introspection_cpp.dir/rosidl_typesupport_introspection_cpp/dobot_msgs_v4/srv/detail/vel_l__type_support.cpp.o\x1b[0m\n'}
[13.766126] (-) TimerEvent: {}
[13.824166] (dobot_msgs_v4) StdoutLine: {'line': b'[ 18%] \x1b[32mBuilding CXX object CMakeFiles/dobot_msgs_v4__rosidl_typesupport_fastrtps_cpp.dir/rosidl_typesupport_fastrtps_cpp/dobot_msgs_v4/srv/detail/dds_fastrtps/emergency_stop__type_support.cpp.o\x1b[0m\n'}
[13.866238] (-) TimerEvent: {}
[13.966527] (-) TimerEvent: {}
[13.973198] (dobot_msgs_v4) StdoutLine: {'line': b'[ 18%] \x1b[32mBuilding CXX object CMakeFiles/dobot_msgs_v4__rosidl_typesupport_introspection_cpp.dir/rosidl_typesupport_introspection_cpp/dobot_msgs_v4/srv/detail/cp__type_support.cpp.o\x1b[0m\n'}
[14.044103] (dobot_msgs_v4) StdoutLine: {'line': b'[ 18%] \x1b[32mBuilding CXX object CMakeFiles/dobot_msgs_v4__rosidl_typesupport_fastrtps_cpp.dir/rosidl_typesupport_fastrtps_cpp/dobot_msgs_v4/srv/detail/dds_fastrtps/modbus_rtu_create__type_support.cpp.o\x1b[0m\n'}
[14.066679] (-) TimerEvent: {}
[14.167558] (-) TimerEvent: {}
[14.192486] (dobot_msgs_v4) StdoutLine: {'line': b'[ 18%] \x1b[32mBuilding CXX object CMakeFiles/dobot_msgs_v4__rosidl_typesupport_introspection_cpp.dir/rosidl_typesupport_introspection_cpp/dobot_msgs_v4/srv/detail/power_on__type_support.cpp.o\x1b[0m\n'}
[14.267827] (-) TimerEvent: {}
[14.273851] (dobot_msgs_v4) StdoutLine: {'line': b'[ 18%] \x1b[32mBuilding CXX object CMakeFiles/dobot_msgs_v4__rosidl_typesupport_fastrtps_cpp.dir/rosidl_typesupport_fastrtps_cpp/dobot_msgs_v4/srv/detail/dds_fastrtps/modbus_create__type_support.cpp.o\x1b[0m\n'}
[14.367940] (-) TimerEvent: {}
[14.422982] (dobot_msgs_v4) StdoutLine: {'line': b'[ 18%] \x1b[32mBuilding CXX object CMakeFiles/dobot_msgs_v4__rosidl_typesupport_introspection_cpp.dir/rosidl_typesupport_introspection_cpp/dobot_msgs_v4/srv/detail/run_script__type_support.cpp.o\x1b[0m\n'}
[14.469270] (-) TimerEvent: {}
[14.497654] (dobot_msgs_v4) StdoutLine: {'line': b'[ 18%] \x1b[32mBuilding CXX object CMakeFiles/dobot_msgs_v4__rosidl_typesupport_fastrtps_cpp.dir/rosidl_typesupport_fastrtps_cpp/dobot_msgs_v4/srv/detail/dds_fastrtps/modbus_close__type_support.cpp.o\x1b[0m\n'}
[14.569516] (-) TimerEvent: {}
[14.643447] (dobot_msgs_v4) StdoutLine: {'line': b'[ 18%] \x1b[32mBuilding CXX object CMakeFiles/dobot_msgs_v4__rosidl_typesupport_introspection_cpp.dir/rosidl_typesupport_introspection_cpp/dobot_msgs_v4/srv/detail/stop__type_support.cpp.o\x1b[0m\n'}
[14.669613] (-) TimerEvent: {}
[14.721143] (dobot_msgs_v4) StdoutLine: {'line': b'[ 19%] \x1b[32mBuilding CXX object CMakeFiles/dobot_msgs_v4__rosidl_typesupport_fastrtps_cpp.dir/rosidl_typesupport_fastrtps_cpp/dobot_msgs_v4/srv/detail/dds_fastrtps/get_in_bits__type_support.cpp.o\x1b[0m\n'}
[14.770252] (-) TimerEvent: {}
[14.871136] (-) TimerEvent: {}
[14.877620] (dobot_msgs_v4) StdoutLine: {'line': b'[ 20%] \x1b[32mBuilding CXX object CMakeFiles/dobot_msgs_v4__rosidl_typesupport_introspection_cpp.dir/rosidl_typesupport_introspection_cpp/dobot_msgs_v4/srv/detail/pause__type_support.cpp.o\x1b[0m\n'}
[14.940201] (dobot_msgs_v4) StdoutLine: {'line': b'[ 20%] \x1b[32mBuilding CXX object CMakeFiles/dobot_msgs_v4__rosidl_typesupport_fastrtps_cpp.dir/rosidl_typesupport_fastrtps_cpp/dobot_msgs_v4/srv/detail/dds_fastrtps/get_in_regs__type_support.cpp.o\x1b[0m\n'}
[14.971241] (-) TimerEvent: {}
[15.072273] (-) TimerEvent: {}
[15.103644] (dobot_msgs_v4) StdoutLine: {'line': b'[ 20%] \x1b[32mBuilding CXX object CMakeFiles/dobot_msgs_v4__rosidl_typesupport_introspection_cpp.dir/rosidl_typesupport_introspection_cpp/dobot_msgs_v4/srv/detail/continue__type_support.cpp.o\x1b[0m\n'}
[15.169804] (dobot_msgs_v4) StdoutLine: {'line': b'[ 20%] \x1b[32mBuilding CXX object CMakeFiles/dobot_msgs_v4__rosidl_typesupport_fastrtps_cpp.dir/rosidl_typesupport_fastrtps_cpp/dobot_msgs_v4/srv/detail/dds_fastrtps/get_coils__type_support.cpp.o\x1b[0m\n'}
[15.172337] (-) TimerEvent: {}
[15.272679] (-) TimerEvent: {}
[15.327955] (dobot_msgs_v4) StdoutLine: {'line': b'[ 20%] \x1b[32mBuilding CXX object CMakeFiles/dobot_msgs_v4__rosidl_typesupport_introspection_cpp.dir/rosidl_typesupport_introspection_cpp/dobot_msgs_v4/srv/detail/positive_kin__type_support.cpp.o\x1b[0m\n'}
[15.374480] (-) TimerEvent: {}
[15.394136] (dobot_msgs_v4) StdoutLine: {'line': b'[ 20%] \x1b[32mBuilding CXX object CMakeFiles/dobot_msgs_v4__rosidl_typesupport_fastrtps_cpp.dir/rosidl_typesupport_fastrtps_cpp/dobot_msgs_v4/srv/detail/dds_fastrtps/set_coils__type_support.cpp.o\x1b[0m\n'}
[15.474586] (-) TimerEvent: {}
[15.547073] (dobot_msgs_v4) StdoutLine: {'line': b'[ 20%] \x1b[32mBuilding CXX object CMakeFiles/dobot_msgs_v4__rosidl_typesupport_introspection_cpp.dir/rosidl_typesupport_introspection_cpp/dobot_msgs_v4/srv/detail/inverse_kin__type_support.cpp.o\x1b[0m\n'}
[15.576367] (-) TimerEvent: {}
[15.623632] (dobot_msgs_v4) StdoutLine: {'line': b'[ 20%] \x1b[32mBuilding CXX object CMakeFiles/dobot_msgs_v4__rosidl_typesupport_fastrtps_cpp.dir/rosidl_typesupport_fastrtps_cpp/dobot_msgs_v4/srv/detail/dds_fastrtps/get_hold_regs__type_support.cpp.o\x1b[0m\n'}
[15.676476] (-) TimerEvent: {}
[15.764818] (dobot_msgs_v4) StdoutLine: {'line': b'[ 20%] \x1b[32mBuilding CXX object CMakeFiles/dobot_msgs_v4__rosidl_typesupport_introspection_cpp.dir/rosidl_typesupport_introspection_cpp/dobot_msgs_v4/srv/detail/set_collision_level__type_support.cpp.o\x1b[0m\n'}
[15.777576] (-) TimerEvent: {}
[15.858644] (dobot_msgs_v4) StdoutLine: {'line': b'[ 20%] \x1b[32mBuilding CXX object CMakeFiles/dobot_msgs_v4__rosidl_typesupport_fastrtps_cpp.dir/rosidl_typesupport_fastrtps_cpp/dobot_msgs_v4/srv/detail/dds_fastrtps/set_hold_regs__type_support.cpp.o\x1b[0m\n'}
[15.877684] (-) TimerEvent: {}
[15.978184] (-) TimerEvent: {}
[15.992777] (dobot_msgs_v4) StdoutLine: {'line': b'[ 20%] \x1b[32mBuilding CXX object CMakeFiles/dobot_msgs_v4__rosidl_typesupport_introspection_cpp.dir/rosidl_typesupport_introspection_cpp/dobot_msgs_v4/srv/detail/get_angle__type_support.cpp.o\x1b[0m\n'}
[16.073070] (dobot_msgs_v4) StdoutLine: {'line': b'[ 20%] \x1b[32mBuilding CXX object CMakeFiles/dobot_msgs_v4__rosidl_typesupport_fastrtps_cpp.dir/rosidl_typesupport_fastrtps_cpp/dobot_msgs_v4/srv/detail/dds_fastrtps/set_safe_skin__type_support.cpp.o\x1b[0m\n'}
[16.078251] (-) TimerEvent: {}
[16.179610] (-) TimerEvent: {}
[16.231743] (dobot_msgs_v4) StdoutLine: {'line': b'[ 20%] \x1b[32mBuilding CXX object CMakeFiles/dobot_msgs_v4__rosidl_typesupport_introspection_cpp.dir/rosidl_typesupport_introspection_cpp/dobot_msgs_v4/srv/detail/get_pose__type_support.cpp.o\x1b[0m\n'}
[16.279730] (-) TimerEvent: {}
[16.285624] (dobot_msgs_v4) StdoutLine: {'line': b'[ 20%] \x1b[32mBuilding CXX object CMakeFiles/dobot_msgs_v4__rosidl_typesupport_fastrtps_cpp.dir/rosidl_typesupport_fastrtps_cpp/dobot_msgs_v4/srv/detail/dds_fastrtps/mov_j__type_support.cpp.o\x1b[0m\n'}
[16.379839] (-) TimerEvent: {}
[16.469594] (dobot_msgs_v4) StdoutLine: {'line': b'[ 20%] \x1b[32mBuilding CXX object CMakeFiles/dobot_msgs_v4__rosidl_typesupport_introspection_cpp.dir/rosidl_typesupport_introspection_cpp/dobot_msgs_v4/srv/detail/emergency_stop__type_support.cpp.o\x1b[0m\n'}
[16.479925] (-) TimerEvent: {}
[16.555299] (dobot_msgs_v4) StdoutLine: {'line': b'[ 20%] \x1b[32mBuilding CXX object CMakeFiles/dobot_msgs_v4__rosidl_typesupport_fastrtps_cpp.dir/rosidl_typesupport_fastrtps_cpp/dobot_msgs_v4/srv/detail/dds_fastrtps/mov_l__type_support.cpp.o\x1b[0m\n'}
[16.580041] (-) TimerEvent: {}
[16.680337] (-) TimerEvent: {}
[16.682736] (dobot_msgs_v4) StdoutLine: {'line': b'[ 20%] \x1b[32mBuilding CXX object CMakeFiles/dobot_msgs_v4__rosidl_typesupport_introspection_cpp.dir/rosidl_typesupport_introspection_cpp/dobot_msgs_v4/srv/detail/modbus_rtu_create__type_support.cpp.o\x1b[0m\n'}
[16.780445] (-) TimerEvent: {}
[16.836789] (dobot_msgs_v4) StdoutLine: {'line': b'[ 20%] \x1b[32mBuilding CXX object CMakeFiles/dobot_msgs_v4__rosidl_typesupport_fastrtps_cpp.dir/rosidl_typesupport_fastrtps_cpp/dobot_msgs_v4/srv/detail/dds_fastrtps/rel_joint_mov_j__type_support.cpp.o\x1b[0m\n'}
[16.881376] (-) TimerEvent: {}
[16.896017] (dobot_msgs_v4) StdoutLine: {'line': b'[ 20%] \x1b[32mBuilding CXX object CMakeFiles/dobot_msgs_v4__rosidl_typesupport_introspection_cpp.dir/rosidl_typesupport_introspection_cpp/dobot_msgs_v4/srv/detail/modbus_create__type_support.cpp.o\x1b[0m\n'}
[16.981498] (-) TimerEvent: {}
[17.082122] (-) TimerEvent: {}
[17.092486] (dobot_msgs_v4) StdoutLine: {'line': b'[ 21%] \x1b[32mBuilding CXX object CMakeFiles/dobot_msgs_v4__rosidl_typesupport_fastrtps_cpp.dir/rosidl_typesupport_fastrtps_cpp/dobot_msgs_v4/srv/detail/dds_fastrtps/move_jog__type_support.cpp.o\x1b[0m\n'}
[17.141428] (dobot_msgs_v4) StdoutLine: {'line': b'[ 21%] \x1b[32mBuilding CXX object CMakeFiles/dobot_msgs_v4__rosidl_typesupport_introspection_cpp.dir/rosidl_typesupport_introspection_cpp/dobot_msgs_v4/srv/detail/modbus_close__type_support.cpp.o\x1b[0m\n'}
[17.182228] (-) TimerEvent: {}
[17.282547] (-) TimerEvent: {}
[17.331399] (dobot_msgs_v4) StdoutLine: {'line': b'[ 21%] \x1b[32mBuilding CXX object CMakeFiles/dobot_msgs_v4__rosidl_typesupport_fastrtps_cpp.dir/rosidl_typesupport_fastrtps_cpp/dobot_msgs_v4/srv/detail/dds_fastrtps/stop_move_jog__type_support.cpp.o\x1b[0m\n'}
[17.382842] (-) TimerEvent: {}
[17.386057] (dobot_msgs_v4) StdoutLine: {'line': b'[ 22%] \x1b[32mBuilding CXX object CMakeFiles/dobot_msgs_v4__rosidl_typesupport_introspection_cpp.dir/rosidl_typesupport_introspection_cpp/dobot_msgs_v4/srv/detail/get_in_bits__type_support.cpp.o\x1b[0m\n'}
[17.482950] (-) TimerEvent: {}
[17.542752] (dobot_msgs_v4) StdoutLine: {'line': b'[ 22%] \x1b[32mBuilding CXX object CMakeFiles/dobot_msgs_v4__rosidl_typesupport_fastrtps_cpp.dir/rosidl_typesupport_fastrtps_cpp/dobot_msgs_v4/srv/detail/dds_fastrtps/do_group__type_support.cpp.o\x1b[0m\n'}
[17.583057] (-) TimerEvent: {}
[17.631581] (dobot_msgs_v4) StdoutLine: {'line': b'[ 22%] \x1b[32mBuilding CXX object CMakeFiles/dobot_msgs_v4__rosidl_typesupport_introspection_cpp.dir/rosidl_typesupport_introspection_cpp/dobot_msgs_v4/srv/detail/get_in_regs__type_support.cpp.o\x1b[0m\n'}
[17.683394] (-) TimerEvent: {}
[17.784190] (-) TimerEvent: {}
[17.807102] (dobot_msgs_v4) StdoutLine: {'line': b'[ 22%] \x1b[32mBuilding CXX object CMakeFiles/dobot_msgs_v4__rosidl_typesupport_fastrtps_cpp.dir/rosidl_typesupport_fastrtps_cpp/dobot_msgs_v4/srv/detail/dds_fastrtps/brake_control__type_support.cpp.o\x1b[0m\n'}
[17.839300] (dobot_msgs_v4) StdoutLine: {'line': b'[ 22%] \x1b[32mBuilding CXX object CMakeFiles/dobot_msgs_v4__rosidl_typesupport_introspection_cpp.dir/rosidl_typesupport_introspection_cpp/dobot_msgs_v4/srv/detail/get_coils__type_support.cpp.o\x1b[0m\n'}
[17.885694] (-) TimerEvent: {}
[17.986054] (-) TimerEvent: {}
[18.039605] (dobot_msgs_v4) StdoutLine: {'line': b'[ 22%] \x1b[32mBuilding CXX object CMakeFiles/dobot_msgs_v4__rosidl_typesupport_introspection_cpp.dir/rosidl_typesupport_introspection_cpp/dobot_msgs_v4/srv/detail/set_coils__type_support.cpp.o\x1b[0m\n'}
[18.066373] (dobot_msgs_v4) StdoutLine: {'line': b'[ 22%] \x1b[32mBuilding CXX object CMakeFiles/dobot_msgs_v4__rosidl_typesupport_fastrtps_cpp.dir/rosidl_typesupport_fastrtps_cpp/dobot_msgs_v4/srv/detail/dds_fastrtps/start_drag__type_support.cpp.o\x1b[0m\n'}
[18.086153] (-) TimerEvent: {}
[18.186424] (-) TimerEvent: {}
[18.235637] (dobot_msgs_v4) StdoutLine: {'line': b'[ 22%] \x1b[32mBuilding CXX object CMakeFiles/dobot_msgs_v4__rosidl_typesupport_introspection_cpp.dir/rosidl_typesupport_introspection_cpp/dobot_msgs_v4/srv/detail/get_hold_regs__type_support.cpp.o\x1b[0m\n'}
[18.286525] (-) TimerEvent: {}
[18.335606] (dobot_msgs_v4) StdoutLine: {'line': b'[ 22%] \x1b[32mBuilding CXX object CMakeFiles/dobot_msgs_v4__rosidl_typesupport_fastrtps_cpp.dir/rosidl_typesupport_fastrtps_cpp/dobot_msgs_v4/srv/detail/dds_fastrtps/enable_safe_skin__type_support.cpp.o\x1b[0m\n'}
[18.387007] (-) TimerEvent: {}
[18.440794] (dobot_msgs_v4) StdoutLine: {'line': b'[ 22%] \x1b[32mBuilding CXX object CMakeFiles/dobot_msgs_v4__rosidl_typesupport_introspection_cpp.dir/rosidl_typesupport_introspection_cpp/dobot_msgs_v4/srv/detail/set_hold_regs__type_support.cpp.o\x1b[0m\n'}
[18.489065] (-) TimerEvent: {}
[18.589359] (-) TimerEvent: {}
[18.594432] (dobot_msgs_v4) StdoutLine: {'line': b'[ 22%] \x1b[32mBuilding CXX object CMakeFiles/dobot_msgs_v4__rosidl_typesupport_fastrtps_cpp.dir/rosidl_typesupport_fastrtps_cpp/dobot_msgs_v4/srv/detail/dds_fastrtps/get_start_pose__type_support.cpp.o\x1b[0m\n'}
[18.641713] (dobot_msgs_v4) StdoutLine: {'line': b'[ 22%] \x1b[32mBuilding CXX object CMakeFiles/dobot_msgs_v4__rosidl_typesupport_introspection_cpp.dir/rosidl_typesupport_introspection_cpp/dobot_msgs_v4/srv/detail/set_safe_skin__type_support.cpp.o\x1b[0m\n'}
[18.689483] (-) TimerEvent: {}
[18.790839] (-) TimerEvent: {}
[18.837686] (dobot_msgs_v4) StdoutLine: {'line': b'[ 22%] \x1b[32mBuilding CXX object CMakeFiles/dobot_msgs_v4__rosidl_typesupport_fastrtps_cpp.dir/rosidl_typesupport_fastrtps_cpp/dobot_msgs_v4/srv/detail/dds_fastrtps/start_path__type_support.cpp.o\x1b[0m\n'}
[18.846326] (dobot_msgs_v4) StdoutLine: {'line': b'[ 22%] \x1b[32mBuilding CXX object CMakeFiles/dobot_msgs_v4__rosidl_typesupport_introspection_cpp.dir/rosidl_typesupport_introspection_cpp/dobot_msgs_v4/srv/detail/mov_j__type_support.cpp.o\x1b[0m\n'}
[18.891655] (-) TimerEvent: {}
[18.992684] (-) TimerEvent: {}
[19.070632] (dobot_msgs_v4) StdoutLine: {'line': b'[ 22%] \x1b[32mBuilding CXX object CMakeFiles/dobot_msgs_v4__rosidl_typesupport_introspection_cpp.dir/rosidl_typesupport_introspection_cpp/dobot_msgs_v4/srv/detail/mov_l__type_support.cpp.o\x1b[0m\n'}
[19.092784] (-) TimerEvent: {}
[19.123175] (dobot_msgs_v4) StdoutLine: {'line': b'[ 22%] \x1b[32mBuilding CXX object CMakeFiles/dobot_msgs_v4__rosidl_typesupport_fastrtps_cpp.dir/rosidl_typesupport_fastrtps_cpp/dobot_msgs_v4/srv/detail/dds_fastrtps/inverse_solution__type_support.cpp.o\x1b[0m\n'}
[19.194605] (-) TimerEvent: {}
[19.291098] (dobot_msgs_v4) StdoutLine: {'line': b'[ 22%] \x1b[32mBuilding CXX object CMakeFiles/dobot_msgs_v4__rosidl_typesupport_introspection_cpp.dir/rosidl_typesupport_introspection_cpp/dobot_msgs_v4/srv/detail/rel_joint_mov_j__type_support.cpp.o\x1b[0m\n'}
[19.294728] (-) TimerEvent: {}
[19.391395] (dobot_msgs_v4) StdoutLine: {'line': b'[ 22%] \x1b[32mBuilding CXX object CMakeFiles/dobot_msgs_v4__rosidl_typesupport_fastrtps_cpp.dir/rosidl_typesupport_fastrtps_cpp/dobot_msgs_v4/srv/detail/dds_fastrtps/get_error_id__type_support.cpp.o\x1b[0m\n'}
[19.394809] (-) TimerEvent: {}
[19.495052] (-) TimerEvent: {}
[19.503912] (dobot_msgs_v4) StdoutLine: {'line': b'[ 23%] \x1b[32mBuilding CXX object CMakeFiles/dobot_msgs_v4__rosidl_typesupport_introspection_cpp.dir/rosidl_typesupport_introspection_cpp/dobot_msgs_v4/srv/detail/move_jog__type_support.cpp.o\x1b[0m\n'}
[19.595154] (-) TimerEvent: {}
[19.657277] (dobot_msgs_v4) StdoutLine: {'line': b'[ 24%] \x1b[32mBuilding CXX object CMakeFiles/dobot_msgs_v4__rosidl_typesupport_fastrtps_cpp.dir/rosidl_typesupport_fastrtps_cpp/dobot_msgs_v4/srv/detail/dds_fastrtps/di__type_support.cpp.o\x1b[0m\n'}
[19.695279] (-) TimerEvent: {}
[19.724198] (dobot_msgs_v4) StdoutLine: {'line': b'[ 24%] \x1b[32mBuilding CXX object CMakeFiles/dobot_msgs_v4__rosidl_typesupport_introspection_cpp.dir/rosidl_typesupport_introspection_cpp/dobot_msgs_v4/srv/detail/stop_move_jog__type_support.cpp.o\x1b[0m\n'}
[19.795367] (-) TimerEvent: {}
[19.892431] (dobot_msgs_v4) StdoutLine: {'line': b'[ 24%] \x1b[32mBuilding CXX object CMakeFiles/dobot_msgs_v4__rosidl_typesupport_fastrtps_cpp.dir/rosidl_typesupport_fastrtps_cpp/dobot_msgs_v4/srv/detail/dds_fastrtps/tool_di__type_support.cpp.o\x1b[0m\n'}
[19.895482] (-) TimerEvent: {}
[19.934579] (dobot_msgs_v4) StdoutLine: {'line': b'[ 24%] \x1b[32mBuilding CXX object CMakeFiles/dobot_msgs_v4__rosidl_typesupport_introspection_cpp.dir/rosidl_typesupport_introspection_cpp/dobot_msgs_v4/srv/detail/do_group__type_support.cpp.o\x1b[0m\n'}
[19.995712] (-) TimerEvent: {}
[20.096688] (-) TimerEvent: {}
[20.112555] (dobot_msgs_v4) StdoutLine: {'line': b'[ 24%] \x1b[32mBuilding CXX object CMakeFiles/dobot_msgs_v4__rosidl_typesupport_fastrtps_cpp.dir/rosidl_typesupport_fastrtps_cpp/dobot_msgs_v4/srv/detail/dds_fastrtps/ai__type_support.cpp.o\x1b[0m\n'}
[20.176626] (dobot_msgs_v4) StdoutLine: {'line': b'[ 24%] \x1b[32mBuilding CXX object CMakeFiles/dobot_msgs_v4__rosidl_typesupport_introspection_cpp.dir/rosidl_typesupport_introspection_cpp/dobot_msgs_v4/srv/detail/brake_control__type_support.cpp.o\x1b[0m\n'}
[20.196826] (-) TimerEvent: {}
[20.298124] (-) TimerEvent: {}
[20.335828] (dobot_msgs_v4) StdoutLine: {'line': b'[ 24%] \x1b[32mBuilding CXX object CMakeFiles/dobot_msgs_v4__rosidl_typesupport_fastrtps_cpp.dir/rosidl_typesupport_fastrtps_cpp/dobot_msgs_v4/srv/detail/dds_fastrtps/tool_ai__type_support.cpp.o\x1b[0m\n'}
[20.398900] (-) TimerEvent: {}
[20.410320] (dobot_msgs_v4) StdoutLine: {'line': b'[ 24%] \x1b[32mBuilding CXX object CMakeFiles/dobot_msgs_v4__rosidl_typesupport_introspection_cpp.dir/rosidl_typesupport_introspection_cpp/dobot_msgs_v4/srv/detail/start_drag__type_support.cpp.o\x1b[0m\n'}
[20.499764] (-) TimerEvent: {}
[20.552769] (dobot_msgs_v4) StdoutLine: {'line': b'[ 24%] \x1b[32mBuilding CXX object CMakeFiles/dobot_msgs_v4__rosidl_typesupport_fastrtps_cpp.dir/rosidl_typesupport_fastrtps_cpp/dobot_msgs_v4/srv/detail/dds_fastrtps/di_group__type_support.cpp.o\x1b[0m\n'}
[20.599867] (-) TimerEvent: {}
[20.651683] (dobot_msgs_v4) StdoutLine: {'line': b'[ 24%] \x1b[32mBuilding CXX object CMakeFiles/dobot_msgs_v4__rosidl_typesupport_introspection_cpp.dir/rosidl_typesupport_introspection_cpp/dobot_msgs_v4/srv/detail/enable_safe_skin__type_support.cpp.o\x1b[0m\n'}
[20.699979] (-) TimerEvent: {}
[20.790026] (dobot_msgs_v4) StdoutLine: {'line': b'[ 24%] \x1b[32mBuilding CXX object CMakeFiles/dobot_msgs_v4__rosidl_typesupport_fastrtps_cpp.dir/rosidl_typesupport_fastrtps_cpp/dobot_msgs_v4/srv/detail/dds_fastrtps/stop_drag__type_support.cpp.o\x1b[0m\n'}
[20.800090] (-) TimerEvent: {}
[20.895562] (dobot_msgs_v4) StdoutLine: {'line': b'[ 24%] \x1b[32mBuilding CXX object CMakeFiles/dobot_msgs_v4__rosidl_typesupport_introspection_cpp.dir/rosidl_typesupport_introspection_cpp/dobot_msgs_v4/srv/detail/get_start_pose__type_support.cpp.o\x1b[0m\n'}
[20.900717] (-) TimerEvent: {}
[21.000018] (dobot_msgs_v4) StdoutLine: {'line': b'[ 24%] \x1b[32mBuilding CXX object CMakeFiles/dobot_msgs_v4__rosidl_typesupport_fastrtps_cpp.dir/rosidl_typesupport_fastrtps_cpp/dobot_msgs_v4/srv/detail/dds_fastrtps/drag_sensivity__type_support.cpp.o\x1b[0m\n'}
[21.000785] (-) TimerEvent: {}
[21.100999] (-) TimerEvent: {}
[21.144445] (dobot_msgs_v4) StdoutLine: {'line': b'[ 24%] \x1b[32mBuilding CXX object CMakeFiles/dobot_msgs_v4__rosidl_typesupport_introspection_cpp.dir/rosidl_typesupport_introspection_cpp/dobot_msgs_v4/srv/detail/start_path__type_support.cpp.o\x1b[0m\n'}
[21.201125] (-) TimerEvent: {}
[21.206855] (dobot_msgs_v4) StdoutLine: {'line': b'[ 24%] \x1b[32mBuilding CXX object CMakeFiles/dobot_msgs_v4__rosidl_typesupport_fastrtps_cpp.dir/rosidl_typesupport_fastrtps_cpp/dobot_msgs_v4/srv/detail/dds_fastrtps/get_do__type_support.cpp.o\x1b[0m\n'}
[21.302398] (-) TimerEvent: {}
[21.402746] (-) TimerEvent: {}
[21.414605] (dobot_msgs_v4) StdoutLine: {'line': b'[ 24%] \x1b[32mBuilding CXX object CMakeFiles/dobot_msgs_v4__rosidl_typesupport_fastrtps_cpp.dir/rosidl_typesupport_fastrtps_cpp/dobot_msgs_v4/srv/detail/dds_fastrtps/get_ao__type_support.cpp.o\x1b[0m\n'}
[21.420034] (dobot_msgs_v4) StdoutLine: {'line': b'[ 24%] \x1b[32mBuilding CXX object CMakeFiles/dobot_msgs_v4__rosidl_typesupport_introspection_cpp.dir/rosidl_typesupport_introspection_cpp/dobot_msgs_v4/srv/detail/inverse_solution__type_support.cpp.o\x1b[0m\n'}
[21.502846] (-) TimerEvent: {}
[21.604468] (-) TimerEvent: {}
[21.644575] (dobot_msgs_v4) StdoutLine: {'line': b'[ 24%] \x1b[32mBuilding CXX object CMakeFiles/dobot_msgs_v4__rosidl_typesupport_introspection_cpp.dir/rosidl_typesupport_introspection_cpp/dobot_msgs_v4/srv/detail/get_error_id__type_support.cpp.o\x1b[0m\n'}
[21.649993] (dobot_msgs_v4) StdoutLine: {'line': b'[ 24%] \x1b[32mBuilding CXX object CMakeFiles/dobot_msgs_v4__rosidl_typesupport_fastrtps_cpp.dir/rosidl_typesupport_fastrtps_cpp/dobot_msgs_v4/srv/detail/dds_fastrtps/get_do_group__type_support.cpp.o\x1b[0m\n'}
[21.704576] (-) TimerEvent: {}
[21.805866] (-) TimerEvent: {}
[21.877869] (dobot_msgs_v4) StdoutLine: {'line': b'[ 24%] \x1b[32mBuilding CXX object CMakeFiles/dobot_msgs_v4__rosidl_typesupport_fastrtps_cpp.dir/rosidl_typesupport_fastrtps_cpp/dobot_msgs_v4/srv/detail/dds_fastrtps/set_tool485__type_support.cpp.o\x1b[0m\n'}
[21.891930] (dobot_msgs_v4) StdoutLine: {'line': b'[ 25%] \x1b[32mBuilding CXX object CMakeFiles/dobot_msgs_v4__rosidl_typesupport_introspection_cpp.dir/rosidl_typesupport_introspection_cpp/dobot_msgs_v4/srv/detail/di__type_support.cpp.o\x1b[0m\n'}
[21.905952] (-) TimerEvent: {}
[22.006686] (-) TimerEvent: {}
[22.091565] (dobot_msgs_v4) StdoutLine: {'line': b'[ 26%] \x1b[32mBuilding CXX object CMakeFiles/dobot_msgs_v4__rosidl_typesupport_fastrtps_cpp.dir/rosidl_typesupport_fastrtps_cpp/dobot_msgs_v4/srv/detail/dds_fastrtps/set_safe_wall_enable__type_support.cpp.o\x1b[0m\n'}
[22.107134] (-) TimerEvent: {}
[22.124577] (dobot_msgs_v4) StdoutLine: {'line': b'[ 26%] \x1b[32mBuilding CXX object CMakeFiles/dobot_msgs_v4__rosidl_typesupport_introspection_cpp.dir/rosidl_typesupport_introspection_cpp/dobot_msgs_v4/srv/detail/tool_di__type_support.cpp.o\x1b[0m\n'}
[22.207249] (-) TimerEvent: {}
[22.304379] (dobot_msgs_v4) StdoutLine: {'line': b'[ 26%] \x1b[32mBuilding CXX object CMakeFiles/dobot_msgs_v4__rosidl_typesupport_fastrtps_cpp.dir/rosidl_typesupport_fastrtps_cpp/dobot_msgs_v4/srv/detail/dds_fastrtps/set_tool_power__type_support.cpp.o\x1b[0m\n'}
[22.307825] (-) TimerEvent: {}
[22.349905] (dobot_msgs_v4) StdoutLine: {'line': b'[ 26%] \x1b[32mBuilding CXX object CMakeFiles/dobot_msgs_v4__rosidl_typesupport_introspection_cpp.dir/rosidl_typesupport_introspection_cpp/dobot_msgs_v4/srv/detail/ai__type_support.cpp.o\x1b[0m\n'}
[22.407945] (-) TimerEvent: {}
[22.509576] (-) TimerEvent: {}
[22.537248] (dobot_msgs_v4) StdoutLine: {'line': b'[ 26%] \x1b[32mBuilding CXX object CMakeFiles/dobot_msgs_v4__rosidl_typesupport_introspection_cpp.dir/rosidl_typesupport_introspection_cpp/dobot_msgs_v4/srv/detail/tool_ai__type_support.cpp.o\x1b[0m\n'}
[22.569671] (dobot_msgs_v4) StdoutLine: {'line': b'[ 26%] \x1b[32mBuilding CXX object CMakeFiles/dobot_msgs_v4__rosidl_typesupport_fastrtps_cpp.dir/rosidl_typesupport_fastrtps_cpp/dobot_msgs_v4/srv/detail/dds_fastrtps/set_tool_mode__type_support.cpp.o\x1b[0m\n'}
[22.609693] (-) TimerEvent: {}
[22.710591] (-) TimerEvent: {}
[22.736123] (dobot_msgs_v4) StdoutLine: {'line': b'[ 26%] \x1b[32mBuilding CXX object CMakeFiles/dobot_msgs_v4__rosidl_typesupport_introspection_cpp.dir/rosidl_typesupport_introspection_cpp/dobot_msgs_v4/srv/detail/di_group__type_support.cpp.o\x1b[0m\n'}
[22.810734] (-) TimerEvent: {}
[22.818359] (dobot_msgs_v4) StdoutLine: {'line': b'[ 26%] \x1b[32mBuilding CXX object CMakeFiles/dobot_msgs_v4__rosidl_typesupport_fastrtps_cpp.dir/rosidl_typesupport_fastrtps_cpp/dobot_msgs_v4/srv/detail/dds_fastrtps/set_back_distance__type_support.cpp.o\x1b[0m\n'}
[22.835721] (dobot_msgs_v4) StderrLine: {'line': b'gmake[2]: *** [CMakeFiles/dobot_msgs_v4__rosidl_typesupport_fastrtps_cpp.dir/build.make:1964: CMakeFiles/dobot_msgs_v4__rosidl_typesupport_fastrtps_cpp.dir/rosidl_typesupport_fastrtps_cpp/dobot_msgs_v4/srv/detail/dds_fastrtps/set_back_distance__type_support.cpp.o] Interrupt\n'}
[22.835850] (dobot_msgs_v4) StderrLine: {'line': b'gmake[1]: *** [CMakeFiles/Makefile2:310: CMakeFiles/dobot_msgs_v4__rosidl_typesupport_fastrtps_cpp.dir/all] Interrupt\n'}
[22.835881] (dobot_msgs_v4) StderrLine: {'line': b'gmake[2]: *** [CMakeFiles/dobot_msgs_v4__rosidl_typesupport_introspection_cpp.dir/build.make:1824: CMakeFiles/dobot_msgs_v4__rosidl_typesupport_introspection_cpp.dir/rosidl_typesupport_introspection_cpp/dobot_msgs_v4/srv/detail/di_group__type_support.cpp.o] Interrupt\n'}
[22.836076] (dobot_msgs_v4) StderrLine: {'line': b'gmake[1]: *** [CMakeFiles/Makefile2:388: CMakeFiles/dobot_msgs_v4__rosidl_typesupport_introspection_cpp.dir/all] Interrupt\n'}
[22.836174] (dobot_msgs_v4) StderrLine: {'line': b'gmake: *** [Makefile:146: all] Interrupt\n'}
[22.837447] (dobot_msgs_v4) CommandEnded: {'returncode': -2}
[22.846454] (dobot_msgs_v4) JobEnded: {'identifier': 'dobot_msgs_v4', 'rc': 'SIGINT'}
[22.857033] (cr_robot_ros2) JobSkipped: {'identifier': 'cr_robot_ros2'}
[22.857075] (-) EventReactorShutdown: {}
