[0.119s] DEBUG:colcon:Command line arguments: ['/usr/bin/colcon', 'build']
[0.119s] DEBUG:colcon:Parsed command line arguments: Namespace(log_base=None, log_level=None, verb_name='build', build_base='build', install_base='install', merge_install=False, symlink_install=False, test_result_base=None, continue_on_error=False, executor='parallel', parallel_workers=2, event_handlers=None, ignore_user_meta=False, metas=['./colcon.meta'], base_paths=['.'], packages_ignore=None, packages_ignore_regex=None, paths=None, packages_up_to=None, packages_up_to_regex=None, packages_above=None, packages_above_and_dependencies=None, packages_above_depth=None, packages_select_by_dep=None, packages_skip_by_dep=None, packages_skip_up_to=None, packages_select_build_failed=False, packages_skip_build_finished=False, packages_select_test_failures=False, packages_skip_test_passed=False, packages_select=None, packages_skip=None, packages_select_regex=None, packages_skip_regex=None, packages_start=None, packages_end=None, allow_overriding=[], cmake_args=None, cmake_target=None, cmake_target_skip_unavailable=False, cmake_clean_cache=False, cmake_clean_first=False, cmake_force_configure=False, ament_cmake_args=None, catkin_cmake_args=None, catkin_skip_building_tests=False, mixin_files=None, mixin=None, verb_parser=<colcon_mixin.mixin.mixin_argument.MixinArgumentDecorator object at 0x775144166ef0>, verb_extension=<colcon_core.verb.build.BuildVerb object at 0x775144253d90>, main=<bound method BuildVerb.main of <colcon_core.verb.build.BuildVerb object at 0x775144253d90>>, mixin_verb=('build',))
[0.325s] Level 1:colcon.colcon_core.package_discovery:discover_packages(colcon_meta) check parameters
[0.325s] Level 1:colcon.colcon_core.package_discovery:discover_packages(recursive) check parameters
[0.325s] Level 1:colcon.colcon_core.package_discovery:discover_packages(ignore) check parameters
[0.325s] Level 1:colcon.colcon_core.package_discovery:discover_packages(path) check parameters
[0.325s] Level 1:colcon.colcon_core.package_discovery:discover_packages(colcon_meta) discover
[0.325s] Level 1:colcon.colcon_core.package_discovery:discover_packages(recursive) discover
[0.325s] INFO:colcon.colcon_core.package_discovery:Crawling recursively for packages in '/home/michael/dobot_ws/src'
[0.326s] Level 1:colcon.colcon_core.package_identification:_identify(.) by extensions ['ignore', 'ignore_ament_install']
[0.326s] Level 1:colcon.colcon_core.package_identification:_identify(.) by extension 'ignore'
[0.326s] Level 1:colcon.colcon_core.package_identification:_identify(.) by extension 'ignore_ament_install'
[0.326s] Level 1:colcon.colcon_core.package_identification:_identify(.) by extensions ['colcon_pkg']
[0.326s] Level 1:colcon.colcon_core.package_identification:_identify(.) by extension 'colcon_pkg'
[0.326s] Level 1:colcon.colcon_core.package_identification:_identify(.) by extensions ['colcon_meta']
[0.326s] Level 1:colcon.colcon_core.package_identification:_identify(.) by extension 'colcon_meta'
[0.326s] Level 1:colcon.colcon_core.package_identification:_identify(.) by extensions ['ros']
[0.326s] Level 1:colcon.colcon_core.package_identification:_identify(.) by extension 'ros'
[0.332s] Level 1:colcon.colcon_core.package_identification:_identify(.) by extensions ['cmake', 'python']
[0.332s] Level 1:colcon.colcon_core.package_identification:_identify(.) by extension 'cmake'
[0.332s] Level 1:colcon.colcon_core.package_identification:_identify(.) by extension 'python'
[0.333s] Level 1:colcon.colcon_core.package_identification:_identify(.) by extensions ['python_setup_py']
[0.333s] Level 1:colcon.colcon_core.package_identification:_identify(.) by extension 'python_setup_py'
[0.333s] Level 1:colcon.colcon_core.package_identification:_identify(DOBOT_6Axis_ROS2_V4) by extensions ['ignore', 'ignore_ament_install']
[0.333s] Level 1:colcon.colcon_core.package_identification:_identify(DOBOT_6Axis_ROS2_V4) by extension 'ignore'
[0.333s] Level 1:colcon.colcon_core.package_identification:_identify(DOBOT_6Axis_ROS2_V4) by extension 'ignore_ament_install'
[0.333s] Level 1:colcon.colcon_core.package_identification:_identify(DOBOT_6Axis_ROS2_V4) by extensions ['colcon_pkg']
[0.333s] Level 1:colcon.colcon_core.package_identification:_identify(DOBOT_6Axis_ROS2_V4) by extension 'colcon_pkg'
[0.333s] Level 1:colcon.colcon_core.package_identification:_identify(DOBOT_6Axis_ROS2_V4) by extensions ['colcon_meta']
[0.333s] Level 1:colcon.colcon_core.package_identification:_identify(DOBOT_6Axis_ROS2_V4) by extension 'colcon_meta'
[0.333s] Level 1:colcon.colcon_core.package_identification:_identify(DOBOT_6Axis_ROS2_V4) by extensions ['ros']
[0.333s] Level 1:colcon.colcon_core.package_identification:_identify(DOBOT_6Axis_ROS2_V4) by extension 'ros'
[0.333s] Level 1:colcon.colcon_core.package_identification:_identify(DOBOT_6Axis_ROS2_V4) by extensions ['cmake', 'python']
[0.333s] Level 1:colcon.colcon_core.package_identification:_identify(DOBOT_6Axis_ROS2_V4) by extension 'cmake'
[0.333s] Level 1:colcon.colcon_core.package_identification:_identify(DOBOT_6Axis_ROS2_V4) by extension 'python'
[0.333s] Level 1:colcon.colcon_core.package_identification:_identify(DOBOT_6Axis_ROS2_V4) by extensions ['python_setup_py']
[0.333s] Level 1:colcon.colcon_core.package_identification:_identify(DOBOT_6Axis_ROS2_V4) by extension 'python_setup_py'
[0.334s] Level 1:colcon.colcon_core.package_identification:_identify(DOBOT_6Axis_ROS2_V4/V4新增指令) by extensions ['ignore', 'ignore_ament_install']
[0.334s] Level 1:colcon.colcon_core.package_identification:_identify(DOBOT_6Axis_ROS2_V4/V4新增指令) by extension 'ignore'
[0.334s] Level 1:colcon.colcon_core.package_identification:_identify(DOBOT_6Axis_ROS2_V4/V4新增指令) by extension 'ignore_ament_install'
[0.334s] Level 1:colcon.colcon_core.package_identification:_identify(DOBOT_6Axis_ROS2_V4/V4新增指令) by extensions ['colcon_pkg']
[0.334s] Level 1:colcon.colcon_core.package_identification:_identify(DOBOT_6Axis_ROS2_V4/V4新增指令) by extension 'colcon_pkg'
[0.334s] Level 1:colcon.colcon_core.package_identification:_identify(DOBOT_6Axis_ROS2_V4/V4新增指令) by extensions ['colcon_meta']
[0.334s] Level 1:colcon.colcon_core.package_identification:_identify(DOBOT_6Axis_ROS2_V4/V4新增指令) by extension 'colcon_meta'
[0.334s] Level 1:colcon.colcon_core.package_identification:_identify(DOBOT_6Axis_ROS2_V4/V4新增指令) by extensions ['ros']
[0.334s] Level 1:colcon.colcon_core.package_identification:_identify(DOBOT_6Axis_ROS2_V4/V4新增指令) by extension 'ros'
[0.334s] Level 1:colcon.colcon_core.package_identification:_identify(DOBOT_6Axis_ROS2_V4/V4新增指令) by extensions ['cmake', 'python']
[0.334s] Level 1:colcon.colcon_core.package_identification:_identify(DOBOT_6Axis_ROS2_V4/V4新增指令) by extension 'cmake'
[0.334s] Level 1:colcon.colcon_core.package_identification:_identify(DOBOT_6Axis_ROS2_V4/V4新增指令) by extension 'python'
[0.334s] Level 1:colcon.colcon_core.package_identification:_identify(DOBOT_6Axis_ROS2_V4/V4新增指令) by extensions ['python_setup_py']
[0.334s] Level 1:colcon.colcon_core.package_identification:_identify(DOBOT_6Axis_ROS2_V4/V4新增指令) by extension 'python_setup_py'
[0.335s] Level 1:colcon.colcon_core.package_identification:_identify(DOBOT_6Axis_ROS2_V4/cr10_moveit) by extensions ['ignore', 'ignore_ament_install']
[0.335s] Level 1:colcon.colcon_core.package_identification:_identify(DOBOT_6Axis_ROS2_V4/cr10_moveit) by extension 'ignore'
[0.335s] Level 1:colcon.colcon_core.package_identification:_identify(DOBOT_6Axis_ROS2_V4/cr10_moveit) by extension 'ignore_ament_install'
[0.335s] Level 1:colcon.colcon_core.package_identification:_identify(DOBOT_6Axis_ROS2_V4/cr10_moveit) by extensions ['colcon_pkg']
[0.335s] Level 1:colcon.colcon_core.package_identification:_identify(DOBOT_6Axis_ROS2_V4/cr10_moveit) by extension 'colcon_pkg'
[0.335s] Level 1:colcon.colcon_core.package_identification:_identify(DOBOT_6Axis_ROS2_V4/cr10_moveit) by extensions ['colcon_meta']
[0.335s] Level 1:colcon.colcon_core.package_identification:_identify(DOBOT_6Axis_ROS2_V4/cr10_moveit) by extension 'colcon_meta'
[0.335s] Level 1:colcon.colcon_core.package_identification:_identify(DOBOT_6Axis_ROS2_V4/cr10_moveit) by extensions ['ros']
[0.335s] Level 1:colcon.colcon_core.package_identification:_identify(DOBOT_6Axis_ROS2_V4/cr10_moveit) by extension 'ros'
[0.338s] DEBUG:colcon.colcon_core.package_identification:Package 'DOBOT_6Axis_ROS2_V4/cr10_moveit' with type 'ros.ament_cmake' and name 'cr10_moveit'
[0.338s] Level 1:colcon.colcon_core.package_identification:_identify(DOBOT_6Axis_ROS2_V4/cr10af_moveit) by extensions ['ignore', 'ignore_ament_install']
[0.338s] Level 1:colcon.colcon_core.package_identification:_identify(DOBOT_6Axis_ROS2_V4/cr10af_moveit) by extension 'ignore'
[0.338s] Level 1:colcon.colcon_core.package_identification:_identify(DOBOT_6Axis_ROS2_V4/cr10af_moveit) by extension 'ignore_ament_install'
[0.338s] Level 1:colcon.colcon_core.package_identification:_identify(DOBOT_6Axis_ROS2_V4/cr10af_moveit) by extensions ['colcon_pkg']
[0.338s] Level 1:colcon.colcon_core.package_identification:_identify(DOBOT_6Axis_ROS2_V4/cr10af_moveit) by extension 'colcon_pkg'
[0.338s] Level 1:colcon.colcon_core.package_identification:_identify(DOBOT_6Axis_ROS2_V4/cr10af_moveit) by extensions ['colcon_meta']
[0.338s] Level 1:colcon.colcon_core.package_identification:_identify(DOBOT_6Axis_ROS2_V4/cr10af_moveit) by extension 'colcon_meta'
[0.338s] Level 1:colcon.colcon_core.package_identification:_identify(DOBOT_6Axis_ROS2_V4/cr10af_moveit) by extensions ['ros']
[0.338s] Level 1:colcon.colcon_core.package_identification:_identify(DOBOT_6Axis_ROS2_V4/cr10af_moveit) by extension 'ros'
[0.340s] DEBUG:colcon.colcon_core.package_identification:Package 'DOBOT_6Axis_ROS2_V4/cr10af_moveit' with type 'ros.ament_cmake' and name 'cr10af_moveit'
[0.340s] Level 1:colcon.colcon_core.package_identification:_identify(DOBOT_6Axis_ROS2_V4/cr12_moveit) by extensions ['ignore', 'ignore_ament_install']
[0.340s] Level 1:colcon.colcon_core.package_identification:_identify(DOBOT_6Axis_ROS2_V4/cr12_moveit) by extension 'ignore'
[0.340s] Level 1:colcon.colcon_core.package_identification:_identify(DOBOT_6Axis_ROS2_V4/cr12_moveit) by extension 'ignore_ament_install'
[0.340s] Level 1:colcon.colcon_core.package_identification:_identify(DOBOT_6Axis_ROS2_V4/cr12_moveit) by extensions ['colcon_pkg']
[0.340s] Level 1:colcon.colcon_core.package_identification:_identify(DOBOT_6Axis_ROS2_V4/cr12_moveit) by extension 'colcon_pkg'
[0.340s] Level 1:colcon.colcon_core.package_identification:_identify(DOBOT_6Axis_ROS2_V4/cr12_moveit) by extensions ['colcon_meta']
[0.340s] Level 1:colcon.colcon_core.package_identification:_identify(DOBOT_6Axis_ROS2_V4/cr12_moveit) by extension 'colcon_meta'
[0.341s] Level 1:colcon.colcon_core.package_identification:_identify(DOBOT_6Axis_ROS2_V4/cr12_moveit) by extensions ['ros']
[0.341s] Level 1:colcon.colcon_core.package_identification:_identify(DOBOT_6Axis_ROS2_V4/cr12_moveit) by extension 'ros'
[0.341s] DEBUG:colcon.colcon_core.package_identification:Package 'DOBOT_6Axis_ROS2_V4/cr12_moveit' with type 'ros.ament_cmake' and name 'cr12_moveit'
[0.342s] Level 1:colcon.colcon_core.package_identification:_identify(DOBOT_6Axis_ROS2_V4/cr16_moveit) by extensions ['ignore', 'ignore_ament_install']
[0.342s] Level 1:colcon.colcon_core.package_identification:_identify(DOBOT_6Axis_ROS2_V4/cr16_moveit) by extension 'ignore'
[0.342s] Level 1:colcon.colcon_core.package_identification:_identify(DOBOT_6Axis_ROS2_V4/cr16_moveit) by extension 'ignore_ament_install'
[0.342s] Level 1:colcon.colcon_core.package_identification:_identify(DOBOT_6Axis_ROS2_V4/cr16_moveit) by extensions ['colcon_pkg']
[0.342s] Level 1:colcon.colcon_core.package_identification:_identify(DOBOT_6Axis_ROS2_V4/cr16_moveit) by extension 'colcon_pkg'
[0.342s] Level 1:colcon.colcon_core.package_identification:_identify(DOBOT_6Axis_ROS2_V4/cr16_moveit) by extensions ['colcon_meta']
[0.342s] Level 1:colcon.colcon_core.package_identification:_identify(DOBOT_6Axis_ROS2_V4/cr16_moveit) by extension 'colcon_meta'
[0.342s] Level 1:colcon.colcon_core.package_identification:_identify(DOBOT_6Axis_ROS2_V4/cr16_moveit) by extensions ['ros']
[0.342s] Level 1:colcon.colcon_core.package_identification:_identify(DOBOT_6Axis_ROS2_V4/cr16_moveit) by extension 'ros'
[0.343s] DEBUG:colcon.colcon_core.package_identification:Package 'DOBOT_6Axis_ROS2_V4/cr16_moveit' with type 'ros.ament_cmake' and name 'cr16_moveit'
[0.343s] Level 1:colcon.colcon_core.package_identification:_identify(DOBOT_6Axis_ROS2_V4/cr20_moveit) by extensions ['ignore', 'ignore_ament_install']
[0.343s] Level 1:colcon.colcon_core.package_identification:_identify(DOBOT_6Axis_ROS2_V4/cr20_moveit) by extension 'ignore'
[0.343s] Level 1:colcon.colcon_core.package_identification:_identify(DOBOT_6Axis_ROS2_V4/cr20_moveit) by extension 'ignore_ament_install'
[0.343s] Level 1:colcon.colcon_core.package_identification:_identify(DOBOT_6Axis_ROS2_V4/cr20_moveit) by extensions ['colcon_pkg']
[0.343s] Level 1:colcon.colcon_core.package_identification:_identify(DOBOT_6Axis_ROS2_V4/cr20_moveit) by extension 'colcon_pkg'
[0.343s] Level 1:colcon.colcon_core.package_identification:_identify(DOBOT_6Axis_ROS2_V4/cr20_moveit) by extensions ['colcon_meta']
[0.343s] Level 1:colcon.colcon_core.package_identification:_identify(DOBOT_6Axis_ROS2_V4/cr20_moveit) by extension 'colcon_meta'
[0.343s] Level 1:colcon.colcon_core.package_identification:_identify(DOBOT_6Axis_ROS2_V4/cr20_moveit) by extensions ['ros']
[0.343s] Level 1:colcon.colcon_core.package_identification:_identify(DOBOT_6Axis_ROS2_V4/cr20_moveit) by extension 'ros'
[0.344s] DEBUG:colcon.colcon_core.package_identification:Package 'DOBOT_6Axis_ROS2_V4/cr20_moveit' with type 'ros.ament_cmake' and name 'cr20_moveit'
[0.344s] Level 1:colcon.colcon_core.package_identification:_identify(DOBOT_6Axis_ROS2_V4/cr30h_moveit) by extensions ['ignore', 'ignore_ament_install']
[0.344s] Level 1:colcon.colcon_core.package_identification:_identify(DOBOT_6Axis_ROS2_V4/cr30h_moveit) by extension 'ignore'
[0.344s] Level 1:colcon.colcon_core.package_identification:_identify(DOBOT_6Axis_ROS2_V4/cr30h_moveit) by extension 'ignore_ament_install'
[0.344s] Level 1:colcon.colcon_core.package_identification:_identify(DOBOT_6Axis_ROS2_V4/cr30h_moveit) by extensions ['colcon_pkg']
[0.344s] Level 1:colcon.colcon_core.package_identification:_identify(DOBOT_6Axis_ROS2_V4/cr30h_moveit) by extension 'colcon_pkg'
[0.344s] Level 1:colcon.colcon_core.package_identification:_identify(DOBOT_6Axis_ROS2_V4/cr30h_moveit) by extensions ['colcon_meta']
[0.344s] Level 1:colcon.colcon_core.package_identification:_identify(DOBOT_6Axis_ROS2_V4/cr30h_moveit) by extension 'colcon_meta'
[0.344s] Level 1:colcon.colcon_core.package_identification:_identify(DOBOT_6Axis_ROS2_V4/cr30h_moveit) by extensions ['ros']
[0.344s] Level 1:colcon.colcon_core.package_identification:_identify(DOBOT_6Axis_ROS2_V4/cr30h_moveit) by extension 'ros'
[0.345s] DEBUG:colcon.colcon_core.package_identification:Package 'DOBOT_6Axis_ROS2_V4/cr30h_moveit' with type 'ros.ament_cmake' and name 'cr30h_moveit'
[0.346s] Level 1:colcon.colcon_core.package_identification:_identify(DOBOT_6Axis_ROS2_V4/cr3_moveit) by extensions ['ignore', 'ignore_ament_install']
[0.346s] Level 1:colcon.colcon_core.package_identification:_identify(DOBOT_6Axis_ROS2_V4/cr3_moveit) by extension 'ignore'
[0.346s] Level 1:colcon.colcon_core.package_identification:_identify(DOBOT_6Axis_ROS2_V4/cr3_moveit) by extension 'ignore_ament_install'
[0.346s] Level 1:colcon.colcon_core.package_identification:_identify(DOBOT_6Axis_ROS2_V4/cr3_moveit) by extensions ['colcon_pkg']
[0.346s] Level 1:colcon.colcon_core.package_identification:_identify(DOBOT_6Axis_ROS2_V4/cr3_moveit) by extension 'colcon_pkg'
[0.346s] Level 1:colcon.colcon_core.package_identification:_identify(DOBOT_6Axis_ROS2_V4/cr3_moveit) by extensions ['colcon_meta']
[0.346s] Level 1:colcon.colcon_core.package_identification:_identify(DOBOT_6Axis_ROS2_V4/cr3_moveit) by extension 'colcon_meta'
[0.346s] Level 1:colcon.colcon_core.package_identification:_identify(DOBOT_6Axis_ROS2_V4/cr3_moveit) by extensions ['ros']
[0.346s] Level 1:colcon.colcon_core.package_identification:_identify(DOBOT_6Axis_ROS2_V4/cr3_moveit) by extension 'ros'
[0.347s] DEBUG:colcon.colcon_core.package_identification:Package 'DOBOT_6Axis_ROS2_V4/cr3_moveit' with type 'ros.ament_cmake' and name 'cr3_moveit'
[0.348s] Level 1:colcon.colcon_core.package_identification:_identify(DOBOT_6Axis_ROS2_V4/cr5_moveit) by extensions ['ignore', 'ignore_ament_install']
[0.348s] Level 1:colcon.colcon_core.package_identification:_identify(DOBOT_6Axis_ROS2_V4/cr5_moveit) by extension 'ignore'
[0.348s] Level 1:colcon.colcon_core.package_identification:_identify(DOBOT_6Axis_ROS2_V4/cr5_moveit) by extension 'ignore_ament_install'
[0.348s] Level 1:colcon.colcon_core.package_identification:_identify(DOBOT_6Axis_ROS2_V4/cr5_moveit) by extensions ['colcon_pkg']
[0.348s] Level 1:colcon.colcon_core.package_identification:_identify(DOBOT_6Axis_ROS2_V4/cr5_moveit) by extension 'colcon_pkg'
[0.348s] Level 1:colcon.colcon_core.package_identification:_identify(DOBOT_6Axis_ROS2_V4/cr5_moveit) by extensions ['colcon_meta']
[0.348s] Level 1:colcon.colcon_core.package_identification:_identify(DOBOT_6Axis_ROS2_V4/cr5_moveit) by extension 'colcon_meta'
[0.348s] Level 1:colcon.colcon_core.package_identification:_identify(DOBOT_6Axis_ROS2_V4/cr5_moveit) by extensions ['ros']
[0.348s] Level 1:colcon.colcon_core.package_identification:_identify(DOBOT_6Axis_ROS2_V4/cr5_moveit) by extension 'ros'
[0.349s] DEBUG:colcon.colcon_core.package_identification:Package 'DOBOT_6Axis_ROS2_V4/cr5_moveit' with type 'ros.ament_cmake' and name 'cr5_moveit'
[0.349s] Level 1:colcon.colcon_core.package_identification:_identify(DOBOT_6Axis_ROS2_V4/cr7_moveit) by extensions ['ignore', 'ignore_ament_install']
[0.349s] Level 1:colcon.colcon_core.package_identification:_identify(DOBOT_6Axis_ROS2_V4/cr7_moveit) by extension 'ignore'
[0.349s] Level 1:colcon.colcon_core.package_identification:_identify(DOBOT_6Axis_ROS2_V4/cr7_moveit) by extension 'ignore_ament_install'
[0.349s] Level 1:colcon.colcon_core.package_identification:_identify(DOBOT_6Axis_ROS2_V4/cr7_moveit) by extensions ['colcon_pkg']
[0.349s] Level 1:colcon.colcon_core.package_identification:_identify(DOBOT_6Axis_ROS2_V4/cr7_moveit) by extension 'colcon_pkg'
[0.349s] Level 1:colcon.colcon_core.package_identification:_identify(DOBOT_6Axis_ROS2_V4/cr7_moveit) by extensions ['colcon_meta']
[0.349s] Level 1:colcon.colcon_core.package_identification:_identify(DOBOT_6Axis_ROS2_V4/cr7_moveit) by extension 'colcon_meta'
[0.349s] Level 1:colcon.colcon_core.package_identification:_identify(DOBOT_6Axis_ROS2_V4/cr7_moveit) by extensions ['ros']
[0.349s] Level 1:colcon.colcon_core.package_identification:_identify(DOBOT_6Axis_ROS2_V4/cr7_moveit) by extension 'ros'
[0.350s] DEBUG:colcon.colcon_core.package_identification:Package 'DOBOT_6Axis_ROS2_V4/cr7_moveit' with type 'ros.ament_cmake' and name 'cr7_moveit'
[0.351s] Level 1:colcon.colcon_core.package_identification:_identify(DOBOT_6Axis_ROS2_V4/cra_description) by extensions ['ignore', 'ignore_ament_install']
[0.351s] Level 1:colcon.colcon_core.package_identification:_identify(DOBOT_6Axis_ROS2_V4/cra_description) by extension 'ignore'
[0.351s] Level 1:colcon.colcon_core.package_identification:_identify(DOBOT_6Axis_ROS2_V4/cra_description) by extension 'ignore_ament_install'
[0.351s] Level 1:colcon.colcon_core.package_identification:_identify(DOBOT_6Axis_ROS2_V4/cra_description) by extensions ['colcon_pkg']
[0.351s] Level 1:colcon.colcon_core.package_identification:_identify(DOBOT_6Axis_ROS2_V4/cra_description) by extension 'colcon_pkg'
[0.351s] Level 1:colcon.colcon_core.package_identification:_identify(DOBOT_6Axis_ROS2_V4/cra_description) by extensions ['colcon_meta']
[0.351s] Level 1:colcon.colcon_core.package_identification:_identify(DOBOT_6Axis_ROS2_V4/cra_description) by extension 'colcon_meta'
[0.351s] Level 1:colcon.colcon_core.package_identification:_identify(DOBOT_6Axis_ROS2_V4/cra_description) by extensions ['ros']
[0.351s] Level 1:colcon.colcon_core.package_identification:_identify(DOBOT_6Axis_ROS2_V4/cra_description) by extension 'ros'
[0.352s] DEBUG:colcon.colcon_core.package_identification:Package 'DOBOT_6Axis_ROS2_V4/cra_description' with type 'ros.ament_cmake' and name 'cra_description'
[0.352s] Level 1:colcon.colcon_core.package_identification:_identify(DOBOT_6Axis_ROS2_V4/dobot_bringup_v4) by extensions ['ignore', 'ignore_ament_install']
[0.352s] Level 1:colcon.colcon_core.package_identification:_identify(DOBOT_6Axis_ROS2_V4/dobot_bringup_v4) by extension 'ignore'
[0.352s] Level 1:colcon.colcon_core.package_identification:_identify(DOBOT_6Axis_ROS2_V4/dobot_bringup_v4) by extension 'ignore_ament_install'
[0.352s] Level 1:colcon.colcon_core.package_identification:_identify(DOBOT_6Axis_ROS2_V4/dobot_bringup_v4) by extensions ['colcon_pkg']
[0.352s] Level 1:colcon.colcon_core.package_identification:_identify(DOBOT_6Axis_ROS2_V4/dobot_bringup_v4) by extension 'colcon_pkg'
[0.352s] Level 1:colcon.colcon_core.package_identification:_identify(DOBOT_6Axis_ROS2_V4/dobot_bringup_v4) by extensions ['colcon_meta']
[0.352s] Level 1:colcon.colcon_core.package_identification:_identify(DOBOT_6Axis_ROS2_V4/dobot_bringup_v4) by extension 'colcon_meta'
[0.352s] Level 1:colcon.colcon_core.package_identification:_identify(DOBOT_6Axis_ROS2_V4/dobot_bringup_v4) by extensions ['ros']
[0.352s] Level 1:colcon.colcon_core.package_identification:_identify(DOBOT_6Axis_ROS2_V4/dobot_bringup_v4) by extension 'ros'
[0.354s] DEBUG:colcon.colcon_core.package_identification:Package 'DOBOT_6Axis_ROS2_V4/dobot_bringup_v4' with type 'ros.ament_cmake' and name 'cr_robot_ros2'
[0.354s] Level 1:colcon.colcon_core.package_identification:_identify(DOBOT_6Axis_ROS2_V4/dobot_demo) by extensions ['ignore', 'ignore_ament_install']
[0.354s] Level 1:colcon.colcon_core.package_identification:_identify(DOBOT_6Axis_ROS2_V4/dobot_demo) by extension 'ignore'
[0.354s] Level 1:colcon.colcon_core.package_identification:_identify(DOBOT_6Axis_ROS2_V4/dobot_demo) by extension 'ignore_ament_install'
[0.354s] Level 1:colcon.colcon_core.package_identification:_identify(DOBOT_6Axis_ROS2_V4/dobot_demo) by extensions ['colcon_pkg']
[0.354s] Level 1:colcon.colcon_core.package_identification:_identify(DOBOT_6Axis_ROS2_V4/dobot_demo) by extension 'colcon_pkg'
[0.354s] Level 1:colcon.colcon_core.package_identification:_identify(DOBOT_6Axis_ROS2_V4/dobot_demo) by extensions ['colcon_meta']
[0.354s] Level 1:colcon.colcon_core.package_identification:_identify(DOBOT_6Axis_ROS2_V4/dobot_demo) by extension 'colcon_meta'
[0.354s] Level 1:colcon.colcon_core.package_identification:_identify(DOBOT_6Axis_ROS2_V4/dobot_demo) by extensions ['ros']
[0.354s] Level 1:colcon.colcon_core.package_identification:_identify(DOBOT_6Axis_ROS2_V4/dobot_demo) by extension 'ros'
[0.355s] DEBUG:colcon.colcon_core.package_identification:Package 'DOBOT_6Axis_ROS2_V4/dobot_demo' with type 'ros.ament_python' and name 'dobot_demo'
[0.356s] Level 1:colcon.colcon_core.package_identification:_identify(DOBOT_6Axis_ROS2_V4/dobot_gazebo) by extensions ['ignore', 'ignore_ament_install']
[0.356s] Level 1:colcon.colcon_core.package_identification:_identify(DOBOT_6Axis_ROS2_V4/dobot_gazebo) by extension 'ignore'
[0.356s] Level 1:colcon.colcon_core.package_identification:_identify(DOBOT_6Axis_ROS2_V4/dobot_gazebo) by extension 'ignore_ament_install'
[0.356s] Level 1:colcon.colcon_core.package_identification:_identify(DOBOT_6Axis_ROS2_V4/dobot_gazebo) by extensions ['colcon_pkg']
[0.356s] Level 1:colcon.colcon_core.package_identification:_identify(DOBOT_6Axis_ROS2_V4/dobot_gazebo) by extension 'colcon_pkg'
[0.356s] Level 1:colcon.colcon_core.package_identification:_identify(DOBOT_6Axis_ROS2_V4/dobot_gazebo) by extensions ['colcon_meta']
[0.356s] Level 1:colcon.colcon_core.package_identification:_identify(DOBOT_6Axis_ROS2_V4/dobot_gazebo) by extension 'colcon_meta'
[0.356s] Level 1:colcon.colcon_core.package_identification:_identify(DOBOT_6Axis_ROS2_V4/dobot_gazebo) by extensions ['ros']
[0.356s] Level 1:colcon.colcon_core.package_identification:_identify(DOBOT_6Axis_ROS2_V4/dobot_gazebo) by extension 'ros'
[0.357s] DEBUG:colcon.colcon_core.package_identification:Package 'DOBOT_6Axis_ROS2_V4/dobot_gazebo' with type 'ros.ament_cmake' and name 'dobot_gazebo'
[0.357s] Level 1:colcon.colcon_core.package_identification:_identify(DOBOT_6Axis_ROS2_V4/dobot_moveit) by extensions ['ignore', 'ignore_ament_install']
[0.357s] Level 1:colcon.colcon_core.package_identification:_identify(DOBOT_6Axis_ROS2_V4/dobot_moveit) by extension 'ignore'
[0.357s] Level 1:colcon.colcon_core.package_identification:_identify(DOBOT_6Axis_ROS2_V4/dobot_moveit) by extension 'ignore_ament_install'
[0.357s] Level 1:colcon.colcon_core.package_identification:_identify(DOBOT_6Axis_ROS2_V4/dobot_moveit) by extensions ['colcon_pkg']
[0.357s] Level 1:colcon.colcon_core.package_identification:_identify(DOBOT_6Axis_ROS2_V4/dobot_moveit) by extension 'colcon_pkg'
[0.357s] Level 1:colcon.colcon_core.package_identification:_identify(DOBOT_6Axis_ROS2_V4/dobot_moveit) by extensions ['colcon_meta']
[0.357s] Level 1:colcon.colcon_core.package_identification:_identify(DOBOT_6Axis_ROS2_V4/dobot_moveit) by extension 'colcon_meta'
[0.358s] Level 1:colcon.colcon_core.package_identification:_identify(DOBOT_6Axis_ROS2_V4/dobot_moveit) by extensions ['ros']
[0.358s] Level 1:colcon.colcon_core.package_identification:_identify(DOBOT_6Axis_ROS2_V4/dobot_moveit) by extension 'ros'
[0.358s] DEBUG:colcon.colcon_core.package_identification:Package 'DOBOT_6Axis_ROS2_V4/dobot_moveit' with type 'ros.ament_python' and name 'dobot_moveit'
[0.359s] Level 1:colcon.colcon_core.package_identification:_identify(DOBOT_6Axis_ROS2_V4/dobot_msgs_v4) by extensions ['ignore', 'ignore_ament_install']
[0.359s] Level 1:colcon.colcon_core.package_identification:_identify(DOBOT_6Axis_ROS2_V4/dobot_msgs_v4) by extension 'ignore'
[0.359s] Level 1:colcon.colcon_core.package_identification:_identify(DOBOT_6Axis_ROS2_V4/dobot_msgs_v4) by extension 'ignore_ament_install'
[0.359s] Level 1:colcon.colcon_core.package_identification:_identify(DOBOT_6Axis_ROS2_V4/dobot_msgs_v4) by extensions ['colcon_pkg']
[0.359s] Level 1:colcon.colcon_core.package_identification:_identify(DOBOT_6Axis_ROS2_V4/dobot_msgs_v4) by extension 'colcon_pkg'
[0.359s] Level 1:colcon.colcon_core.package_identification:_identify(DOBOT_6Axis_ROS2_V4/dobot_msgs_v4) by extensions ['colcon_meta']
[0.359s] Level 1:colcon.colcon_core.package_identification:_identify(DOBOT_6Axis_ROS2_V4/dobot_msgs_v4) by extension 'colcon_meta'
[0.359s] Level 1:colcon.colcon_core.package_identification:_identify(DOBOT_6Axis_ROS2_V4/dobot_msgs_v4) by extensions ['ros']
[0.359s] Level 1:colcon.colcon_core.package_identification:_identify(DOBOT_6Axis_ROS2_V4/dobot_msgs_v4) by extension 'ros'
[0.359s] DEBUG:colcon.colcon_core.package_identification:Package 'DOBOT_6Axis_ROS2_V4/dobot_msgs_v4' with type 'ros.ament_cmake' and name 'dobot_msgs_v4'
[0.360s] Level 1:colcon.colcon_core.package_identification:_identify(DOBOT_6Axis_ROS2_V4/dobot_rviz) by extensions ['ignore', 'ignore_ament_install']
[0.360s] Level 1:colcon.colcon_core.package_identification:_identify(DOBOT_6Axis_ROS2_V4/dobot_rviz) by extension 'ignore'
[0.360s] Level 1:colcon.colcon_core.package_identification:_identify(DOBOT_6Axis_ROS2_V4/dobot_rviz) by extension 'ignore_ament_install'
[0.360s] Level 1:colcon.colcon_core.package_identification:_identify(DOBOT_6Axis_ROS2_V4/dobot_rviz) by extensions ['colcon_pkg']
[0.360s] Level 1:colcon.colcon_core.package_identification:_identify(DOBOT_6Axis_ROS2_V4/dobot_rviz) by extension 'colcon_pkg'
[0.360s] Level 1:colcon.colcon_core.package_identification:_identify(DOBOT_6Axis_ROS2_V4/dobot_rviz) by extensions ['colcon_meta']
[0.360s] Level 1:colcon.colcon_core.package_identification:_identify(DOBOT_6Axis_ROS2_V4/dobot_rviz) by extension 'colcon_meta'
[0.360s] Level 1:colcon.colcon_core.package_identification:_identify(DOBOT_6Axis_ROS2_V4/dobot_rviz) by extensions ['ros']
[0.360s] Level 1:colcon.colcon_core.package_identification:_identify(DOBOT_6Axis_ROS2_V4/dobot_rviz) by extension 'ros'
[0.361s] DEBUG:colcon.colcon_core.package_identification:Package 'DOBOT_6Axis_ROS2_V4/dobot_rviz' with type 'ros.ament_cmake' and name 'dobot_rviz'
[0.361s] Level 1:colcon.colcon_core.package_identification:_identify(DOBOT_6Axis_ROS2_V4/image) by extensions ['ignore', 'ignore_ament_install']
[0.361s] Level 1:colcon.colcon_core.package_identification:_identify(DOBOT_6Axis_ROS2_V4/image) by extension 'ignore'
[0.361s] Level 1:colcon.colcon_core.package_identification:_identify(DOBOT_6Axis_ROS2_V4/image) by extension 'ignore_ament_install'
[0.361s] Level 1:colcon.colcon_core.package_identification:_identify(DOBOT_6Axis_ROS2_V4/image) by extensions ['colcon_pkg']
[0.361s] Level 1:colcon.colcon_core.package_identification:_identify(DOBOT_6Axis_ROS2_V4/image) by extension 'colcon_pkg'
[0.361s] Level 1:colcon.colcon_core.package_identification:_identify(DOBOT_6Axis_ROS2_V4/image) by extensions ['colcon_meta']
[0.361s] Level 1:colcon.colcon_core.package_identification:_identify(DOBOT_6Axis_ROS2_V4/image) by extension 'colcon_meta'
[0.361s] Level 1:colcon.colcon_core.package_identification:_identify(DOBOT_6Axis_ROS2_V4/image) by extensions ['ros']
[0.361s] Level 1:colcon.colcon_core.package_identification:_identify(DOBOT_6Axis_ROS2_V4/image) by extension 'ros'
[0.361s] Level 1:colcon.colcon_core.package_identification:_identify(DOBOT_6Axis_ROS2_V4/image) by extensions ['cmake', 'python']
[0.361s] Level 1:colcon.colcon_core.package_identification:_identify(DOBOT_6Axis_ROS2_V4/image) by extension 'cmake'
[0.361s] Level 1:colcon.colcon_core.package_identification:_identify(DOBOT_6Axis_ROS2_V4/image) by extension 'python'
[0.361s] Level 1:colcon.colcon_core.package_identification:_identify(DOBOT_6Axis_ROS2_V4/image) by extensions ['python_setup_py']
[0.361s] Level 1:colcon.colcon_core.package_identification:_identify(DOBOT_6Axis_ROS2_V4/image) by extension 'python_setup_py'
[0.362s] Level 1:colcon.colcon_core.package_identification:_identify(DOBOT_6Axis_ROS2_V4/me6_moveit) by extensions ['ignore', 'ignore_ament_install']
[0.362s] Level 1:colcon.colcon_core.package_identification:_identify(DOBOT_6Axis_ROS2_V4/me6_moveit) by extension 'ignore'
[0.362s] Level 1:colcon.colcon_core.package_identification:_identify(DOBOT_6Axis_ROS2_V4/me6_moveit) by extension 'ignore_ament_install'
[0.362s] Level 1:colcon.colcon_core.package_identification:_identify(DOBOT_6Axis_ROS2_V4/me6_moveit) by extensions ['colcon_pkg']
[0.362s] Level 1:colcon.colcon_core.package_identification:_identify(DOBOT_6Axis_ROS2_V4/me6_moveit) by extension 'colcon_pkg'
[0.362s] Level 1:colcon.colcon_core.package_identification:_identify(DOBOT_6Axis_ROS2_V4/me6_moveit) by extensions ['colcon_meta']
[0.362s] Level 1:colcon.colcon_core.package_identification:_identify(DOBOT_6Axis_ROS2_V4/me6_moveit) by extension 'colcon_meta'
[0.362s] Level 1:colcon.colcon_core.package_identification:_identify(DOBOT_6Axis_ROS2_V4/me6_moveit) by extensions ['ros']
[0.362s] Level 1:colcon.colcon_core.package_identification:_identify(DOBOT_6Axis_ROS2_V4/me6_moveit) by extension 'ros'
[0.370s] DEBUG:colcon.colcon_core.package_identification:Package 'DOBOT_6Axis_ROS2_V4/me6_moveit' with type 'ros.ament_cmake' and name 'me6_moveit'
[0.370s] Level 1:colcon.colcon_core.package_identification:_identify(DOBOT_6Axis_ROS2_V4/nova2_moveit) by extensions ['ignore', 'ignore_ament_install']
[0.370s] Level 1:colcon.colcon_core.package_identification:_identify(DOBOT_6Axis_ROS2_V4/nova2_moveit) by extension 'ignore'
[0.370s] Level 1:colcon.colcon_core.package_identification:_identify(DOBOT_6Axis_ROS2_V4/nova2_moveit) by extension 'ignore_ament_install'
[0.370s] Level 1:colcon.colcon_core.package_identification:_identify(DOBOT_6Axis_ROS2_V4/nova2_moveit) by extensions ['colcon_pkg']
[0.370s] Level 1:colcon.colcon_core.package_identification:_identify(DOBOT_6Axis_ROS2_V4/nova2_moveit) by extension 'colcon_pkg'
[0.371s] Level 1:colcon.colcon_core.package_identification:_identify(DOBOT_6Axis_ROS2_V4/nova2_moveit) by extensions ['colcon_meta']
[0.371s] Level 1:colcon.colcon_core.package_identification:_identify(DOBOT_6Axis_ROS2_V4/nova2_moveit) by extension 'colcon_meta'
[0.371s] Level 1:colcon.colcon_core.package_identification:_identify(DOBOT_6Axis_ROS2_V4/nova2_moveit) by extensions ['ros']
[0.371s] Level 1:colcon.colcon_core.package_identification:_identify(DOBOT_6Axis_ROS2_V4/nova2_moveit) by extension 'ros'
[0.371s] DEBUG:colcon.colcon_core.package_identification:Package 'DOBOT_6Axis_ROS2_V4/nova2_moveit' with type 'ros.ament_cmake' and name 'nova2_moveit'
[0.372s] Level 1:colcon.colcon_core.package_identification:_identify(DOBOT_6Axis_ROS2_V4/nova5_moveit) by extensions ['ignore', 'ignore_ament_install']
[0.372s] Level 1:colcon.colcon_core.package_identification:_identify(DOBOT_6Axis_ROS2_V4/nova5_moveit) by extension 'ignore'
[0.372s] Level 1:colcon.colcon_core.package_identification:_identify(DOBOT_6Axis_ROS2_V4/nova5_moveit) by extension 'ignore_ament_install'
[0.372s] Level 1:colcon.colcon_core.package_identification:_identify(DOBOT_6Axis_ROS2_V4/nova5_moveit) by extensions ['colcon_pkg']
[0.372s] Level 1:colcon.colcon_core.package_identification:_identify(DOBOT_6Axis_ROS2_V4/nova5_moveit) by extension 'colcon_pkg'
[0.372s] Level 1:colcon.colcon_core.package_identification:_identify(DOBOT_6Axis_ROS2_V4/nova5_moveit) by extensions ['colcon_meta']
[0.372s] Level 1:colcon.colcon_core.package_identification:_identify(DOBOT_6Axis_ROS2_V4/nova5_moveit) by extension 'colcon_meta'
[0.372s] Level 1:colcon.colcon_core.package_identification:_identify(DOBOT_6Axis_ROS2_V4/nova5_moveit) by extensions ['ros']
[0.372s] Level 1:colcon.colcon_core.package_identification:_identify(DOBOT_6Axis_ROS2_V4/nova5_moveit) by extension 'ros'
[0.374s] DEBUG:colcon.colcon_core.package_identification:Package 'DOBOT_6Axis_ROS2_V4/nova5_moveit' with type 'ros.ament_cmake' and name 'nova5_moveit'
[0.374s] Level 1:colcon.colcon_core.package_identification:_identify(DOBOT_6Axis_ROS2_V4/servo_action) by extensions ['ignore', 'ignore_ament_install']
[0.374s] Level 1:colcon.colcon_core.package_identification:_identify(DOBOT_6Axis_ROS2_V4/servo_action) by extension 'ignore'
[0.374s] Level 1:colcon.colcon_core.package_identification:_identify(DOBOT_6Axis_ROS2_V4/servo_action) by extension 'ignore_ament_install'
[0.374s] Level 1:colcon.colcon_core.package_identification:_identify(DOBOT_6Axis_ROS2_V4/servo_action) by extensions ['colcon_pkg']
[0.374s] Level 1:colcon.colcon_core.package_identification:_identify(DOBOT_6Axis_ROS2_V4/servo_action) by extension 'colcon_pkg'
[0.374s] Level 1:colcon.colcon_core.package_identification:_identify(DOBOT_6Axis_ROS2_V4/servo_action) by extensions ['colcon_meta']
[0.374s] Level 1:colcon.colcon_core.package_identification:_identify(DOBOT_6Axis_ROS2_V4/servo_action) by extension 'colcon_meta'
[0.374s] Level 1:colcon.colcon_core.package_identification:_identify(DOBOT_6Axis_ROS2_V4/servo_action) by extensions ['ros']
[0.374s] Level 1:colcon.colcon_core.package_identification:_identify(DOBOT_6Axis_ROS2_V4/servo_action) by extension 'ros'
[0.375s] DEBUG:colcon.colcon_core.package_identification:Package 'DOBOT_6Axis_ROS2_V4/servo_action' with type 'ros.ament_python' and name 'servo_action'
[0.375s] Level 1:colcon.colcon_core.package_identification:_identify(build) by extensions ['ignore', 'ignore_ament_install']
[0.375s] Level 1:colcon.colcon_core.package_identification:_identify(build) by extension 'ignore'
[0.375s] Level 1:colcon.colcon_core.package_identification:_identify(build) ignored
[0.375s] Level 1:colcon.colcon_core.package_identification:_identify(install) by extensions ['ignore', 'ignore_ament_install']
[0.375s] Level 1:colcon.colcon_core.package_identification:_identify(install) by extension 'ignore'
[0.375s] Level 1:colcon.colcon_core.package_identification:_identify(install) ignored
[0.375s] Level 1:colcon.colcon_core.package_identification:_identify(log) by extensions ['ignore', 'ignore_ament_install']
[0.375s] Level 1:colcon.colcon_core.package_identification:_identify(log) by extension 'ignore'
[0.375s] Level 1:colcon.colcon_core.package_identification:_identify(log) ignored
[0.375s] Level 1:colcon.colcon_core.package_discovery:discover_packages(recursive) using defaults
[0.375s] Level 1:colcon.colcon_core.package_discovery:discover_packages(ignore) discover
[0.375s] Level 1:colcon.colcon_core.package_discovery:discover_packages(ignore) using defaults
[0.375s] Level 1:colcon.colcon_core.package_discovery:discover_packages(path) discover
[0.376s] Level 1:colcon.colcon_core.package_discovery:discover_packages(path) using defaults
[0.405s] Level 1:colcon.colcon_core.package_discovery:discover_packages(prefix_path) check parameters
[0.405s] Level 1:colcon.colcon_core.package_discovery:discover_packages(prefix_path) discover
[0.409s] DEBUG:colcon.colcon_installed_package_information.package_discovery:Found 20 installed packages in /home/michael/dobot_ws/install
[0.410s] DEBUG:colcon.colcon_installed_package_information.package_discovery:Found 364 installed packages in /opt/ros/humble
[0.411s] Level 1:colcon.colcon_core.package_discovery:discover_packages(prefix_path) using defaults
[0.449s] Level 5:colcon.colcon_core.verb:set package 'cra_description' build argument 'cmake_args' from command line to 'None'
[0.449s] Level 5:colcon.colcon_core.verb:set package 'cra_description' build argument 'cmake_target' from command line to 'None'
[0.449s] Level 5:colcon.colcon_core.verb:set package 'cra_description' build argument 'cmake_target_skip_unavailable' from command line to 'False'
[0.449s] Level 5:colcon.colcon_core.verb:set package 'cra_description' build argument 'cmake_clean_cache' from command line to 'False'
[0.449s] Level 5:colcon.colcon_core.verb:set package 'cra_description' build argument 'cmake_clean_first' from command line to 'False'
[0.449s] Level 5:colcon.colcon_core.verb:set package 'cra_description' build argument 'cmake_force_configure' from command line to 'False'
[0.449s] Level 5:colcon.colcon_core.verb:set package 'cra_description' build argument 'ament_cmake_args' from command line to 'None'
[0.449s] Level 5:colcon.colcon_core.verb:set package 'cra_description' build argument 'catkin_cmake_args' from command line to 'None'
[0.449s] Level 5:colcon.colcon_core.verb:set package 'cra_description' build argument 'catkin_skip_building_tests' from command line to 'False'
[0.449s] DEBUG:colcon.colcon_core.verb:Building package 'cra_description' with the following arguments: {'ament_cmake_args': None, 'build_base': '/home/michael/dobot_ws/src/build/cra_description', 'catkin_cmake_args': None, 'catkin_skip_building_tests': False, 'cmake_args': None, 'cmake_clean_cache': False, 'cmake_clean_first': False, 'cmake_force_configure': False, 'cmake_target': None, 'cmake_target_skip_unavailable': False, 'install_base': '/home/michael/dobot_ws/src/install/cra_description', 'merge_install': False, 'path': '/home/michael/dobot_ws/src/DOBOT_6Axis_ROS2_V4/cra_description', 'symlink_install': False, 'test_result_base': None}
[0.449s] Level 5:colcon.colcon_core.verb:set package 'dobot_demo' build argument 'cmake_args' from command line to 'None'
[0.449s] Level 5:colcon.colcon_core.verb:set package 'dobot_demo' build argument 'cmake_target' from command line to 'None'
[0.449s] Level 5:colcon.colcon_core.verb:set package 'dobot_demo' build argument 'cmake_target_skip_unavailable' from command line to 'False'
[0.449s] Level 5:colcon.colcon_core.verb:set package 'dobot_demo' build argument 'cmake_clean_cache' from command line to 'False'
[0.449s] Level 5:colcon.colcon_core.verb:set package 'dobot_demo' build argument 'cmake_clean_first' from command line to 'False'
[0.449s] Level 5:colcon.colcon_core.verb:set package 'dobot_demo' build argument 'cmake_force_configure' from command line to 'False'
[0.449s] Level 5:colcon.colcon_core.verb:set package 'dobot_demo' build argument 'ament_cmake_args' from command line to 'None'
[0.449s] Level 5:colcon.colcon_core.verb:set package 'dobot_demo' build argument 'catkin_cmake_args' from command line to 'None'
[0.449s] Level 5:colcon.colcon_core.verb:set package 'dobot_demo' build argument 'catkin_skip_building_tests' from command line to 'False'
[0.449s] DEBUG:colcon.colcon_core.verb:Building package 'dobot_demo' with the following arguments: {'ament_cmake_args': None, 'build_base': '/home/michael/dobot_ws/src/build/dobot_demo', 'catkin_cmake_args': None, 'catkin_skip_building_tests': False, 'cmake_args': None, 'cmake_clean_cache': False, 'cmake_clean_first': False, 'cmake_force_configure': False, 'cmake_target': None, 'cmake_target_skip_unavailable': False, 'install_base': '/home/michael/dobot_ws/src/install/dobot_demo', 'merge_install': False, 'path': '/home/michael/dobot_ws/src/DOBOT_6Axis_ROS2_V4/dobot_demo', 'symlink_install': False, 'test_result_base': None}
[0.449s] Level 5:colcon.colcon_core.verb:set package 'dobot_moveit' build argument 'cmake_args' from command line to 'None'
[0.450s] Level 5:colcon.colcon_core.verb:set package 'dobot_moveit' build argument 'cmake_target' from command line to 'None'
[0.450s] Level 5:colcon.colcon_core.verb:set package 'dobot_moveit' build argument 'cmake_target_skip_unavailable' from command line to 'False'
[0.450s] Level 5:colcon.colcon_core.verb:set package 'dobot_moveit' build argument 'cmake_clean_cache' from command line to 'False'
[0.450s] Level 5:colcon.colcon_core.verb:set package 'dobot_moveit' build argument 'cmake_clean_first' from command line to 'False'
[0.450s] Level 5:colcon.colcon_core.verb:set package 'dobot_moveit' build argument 'cmake_force_configure' from command line to 'False'
[0.450s] Level 5:colcon.colcon_core.verb:set package 'dobot_moveit' build argument 'ament_cmake_args' from command line to 'None'
[0.450s] Level 5:colcon.colcon_core.verb:set package 'dobot_moveit' build argument 'catkin_cmake_args' from command line to 'None'
[0.450s] Level 5:colcon.colcon_core.verb:set package 'dobot_moveit' build argument 'catkin_skip_building_tests' from command line to 'False'
[0.450s] DEBUG:colcon.colcon_core.verb:Building package 'dobot_moveit' with the following arguments: {'ament_cmake_args': None, 'build_base': '/home/michael/dobot_ws/src/build/dobot_moveit', 'catkin_cmake_args': None, 'catkin_skip_building_tests': False, 'cmake_args': None, 'cmake_clean_cache': False, 'cmake_clean_first': False, 'cmake_force_configure': False, 'cmake_target': None, 'cmake_target_skip_unavailable': False, 'install_base': '/home/michael/dobot_ws/src/install/dobot_moveit', 'merge_install': False, 'path': '/home/michael/dobot_ws/src/DOBOT_6Axis_ROS2_V4/dobot_moveit', 'symlink_install': False, 'test_result_base': None}
[0.450s] Level 5:colcon.colcon_core.verb:set package 'dobot_msgs_v4' build argument 'cmake_args' from command line to 'None'
[0.450s] Level 5:colcon.colcon_core.verb:set package 'dobot_msgs_v4' build argument 'cmake_target' from command line to 'None'
[0.450s] Level 5:colcon.colcon_core.verb:set package 'dobot_msgs_v4' build argument 'cmake_target_skip_unavailable' from command line to 'False'
[0.450s] Level 5:colcon.colcon_core.verb:set package 'dobot_msgs_v4' build argument 'cmake_clean_cache' from command line to 'False'
[0.450s] Level 5:colcon.colcon_core.verb:set package 'dobot_msgs_v4' build argument 'cmake_clean_first' from command line to 'False'
[0.450s] Level 5:colcon.colcon_core.verb:set package 'dobot_msgs_v4' build argument 'cmake_force_configure' from command line to 'False'
[0.450s] Level 5:colcon.colcon_core.verb:set package 'dobot_msgs_v4' build argument 'ament_cmake_args' from command line to 'None'
[0.450s] Level 5:colcon.colcon_core.verb:set package 'dobot_msgs_v4' build argument 'catkin_cmake_args' from command line to 'None'
[0.450s] Level 5:colcon.colcon_core.verb:set package 'dobot_msgs_v4' build argument 'catkin_skip_building_tests' from command line to 'False'
[0.450s] DEBUG:colcon.colcon_core.verb:Building package 'dobot_msgs_v4' with the following arguments: {'ament_cmake_args': None, 'build_base': '/home/michael/dobot_ws/src/build/dobot_msgs_v4', 'catkin_cmake_args': None, 'catkin_skip_building_tests': False, 'cmake_args': None, 'cmake_clean_cache': False, 'cmake_clean_first': False, 'cmake_force_configure': False, 'cmake_target': None, 'cmake_target_skip_unavailable': False, 'install_base': '/home/michael/dobot_ws/src/install/dobot_msgs_v4', 'merge_install': False, 'path': '/home/michael/dobot_ws/src/DOBOT_6Axis_ROS2_V4/dobot_msgs_v4', 'symlink_install': False, 'test_result_base': None}
[0.450s] Level 5:colcon.colcon_core.verb:set package 'dobot_rviz' build argument 'cmake_args' from command line to 'None'
[0.450s] Level 5:colcon.colcon_core.verb:set package 'dobot_rviz' build argument 'cmake_target' from command line to 'None'
[0.450s] Level 5:colcon.colcon_core.verb:set package 'dobot_rviz' build argument 'cmake_target_skip_unavailable' from command line to 'False'
[0.450s] Level 5:colcon.colcon_core.verb:set package 'dobot_rviz' build argument 'cmake_clean_cache' from command line to 'False'
[0.450s] Level 5:colcon.colcon_core.verb:set package 'dobot_rviz' build argument 'cmake_clean_first' from command line to 'False'
[0.450s] Level 5:colcon.colcon_core.verb:set package 'dobot_rviz' build argument 'cmake_force_configure' from command line to 'False'
[0.450s] Level 5:colcon.colcon_core.verb:set package 'dobot_rviz' build argument 'ament_cmake_args' from command line to 'None'
[0.450s] Level 5:colcon.colcon_core.verb:set package 'dobot_rviz' build argument 'catkin_cmake_args' from command line to 'None'
[0.450s] Level 5:colcon.colcon_core.verb:set package 'dobot_rviz' build argument 'catkin_skip_building_tests' from command line to 'False'
[0.450s] DEBUG:colcon.colcon_core.verb:Building package 'dobot_rviz' with the following arguments: {'ament_cmake_args': None, 'build_base': '/home/michael/dobot_ws/src/build/dobot_rviz', 'catkin_cmake_args': None, 'catkin_skip_building_tests': False, 'cmake_args': None, 'cmake_clean_cache': False, 'cmake_clean_first': False, 'cmake_force_configure': False, 'cmake_target': None, 'cmake_target_skip_unavailable': False, 'install_base': '/home/michael/dobot_ws/src/install/dobot_rviz', 'merge_install': False, 'path': '/home/michael/dobot_ws/src/DOBOT_6Axis_ROS2_V4/dobot_rviz', 'symlink_install': False, 'test_result_base': None}
[0.450s] Level 5:colcon.colcon_core.verb:set package 'servo_action' build argument 'cmake_args' from command line to 'None'
[0.450s] Level 5:colcon.colcon_core.verb:set package 'servo_action' build argument 'cmake_target' from command line to 'None'
[0.450s] Level 5:colcon.colcon_core.verb:set package 'servo_action' build argument 'cmake_target_skip_unavailable' from command line to 'False'
[0.450s] Level 5:colcon.colcon_core.verb:set package 'servo_action' build argument 'cmake_clean_cache' from command line to 'False'
[0.450s] Level 5:colcon.colcon_core.verb:set package 'servo_action' build argument 'cmake_clean_first' from command line to 'False'
[0.450s] Level 5:colcon.colcon_core.verb:set package 'servo_action' build argument 'cmake_force_configure' from command line to 'False'
[0.450s] Level 5:colcon.colcon_core.verb:set package 'servo_action' build argument 'ament_cmake_args' from command line to 'None'
[0.450s] Level 5:colcon.colcon_core.verb:set package 'servo_action' build argument 'catkin_cmake_args' from command line to 'None'
[0.450s] Level 5:colcon.colcon_core.verb:set package 'servo_action' build argument 'catkin_skip_building_tests' from command line to 'False'
[0.450s] DEBUG:colcon.colcon_core.verb:Building package 'servo_action' with the following arguments: {'ament_cmake_args': None, 'build_base': '/home/michael/dobot_ws/src/build/servo_action', 'catkin_cmake_args': None, 'catkin_skip_building_tests': False, 'cmake_args': None, 'cmake_clean_cache': False, 'cmake_clean_first': False, 'cmake_force_configure': False, 'cmake_target': None, 'cmake_target_skip_unavailable': False, 'install_base': '/home/michael/dobot_ws/src/install/servo_action', 'merge_install': False, 'path': '/home/michael/dobot_ws/src/DOBOT_6Axis_ROS2_V4/servo_action', 'symlink_install': False, 'test_result_base': None}
[0.450s] Level 5:colcon.colcon_core.verb:set package 'cr10_moveit' build argument 'cmake_args' from command line to 'None'
[0.450s] Level 5:colcon.colcon_core.verb:set package 'cr10_moveit' build argument 'cmake_target' from command line to 'None'
[0.450s] Level 5:colcon.colcon_core.verb:set package 'cr10_moveit' build argument 'cmake_target_skip_unavailable' from command line to 'False'
[0.450s] Level 5:colcon.colcon_core.verb:set package 'cr10_moveit' build argument 'cmake_clean_cache' from command line to 'False'
[0.450s] Level 5:colcon.colcon_core.verb:set package 'cr10_moveit' build argument 'cmake_clean_first' from command line to 'False'
[0.450s] Level 5:colcon.colcon_core.verb:set package 'cr10_moveit' build argument 'cmake_force_configure' from command line to 'False'
[0.450s] Level 5:colcon.colcon_core.verb:set package 'cr10_moveit' build argument 'ament_cmake_args' from command line to 'None'
[0.450s] Level 5:colcon.colcon_core.verb:set package 'cr10_moveit' build argument 'catkin_cmake_args' from command line to 'None'
[0.450s] Level 5:colcon.colcon_core.verb:set package 'cr10_moveit' build argument 'catkin_skip_building_tests' from command line to 'False'
[0.450s] DEBUG:colcon.colcon_core.verb:Building package 'cr10_moveit' with the following arguments: {'ament_cmake_args': None, 'build_base': '/home/michael/dobot_ws/src/build/cr10_moveit', 'catkin_cmake_args': None, 'catkin_skip_building_tests': False, 'cmake_args': None, 'cmake_clean_cache': False, 'cmake_clean_first': False, 'cmake_force_configure': False, 'cmake_target': None, 'cmake_target_skip_unavailable': False, 'install_base': '/home/michael/dobot_ws/src/install/cr10_moveit', 'merge_install': False, 'path': '/home/michael/dobot_ws/src/DOBOT_6Axis_ROS2_V4/cr10_moveit', 'symlink_install': False, 'test_result_base': None}
[0.451s] Level 5:colcon.colcon_core.verb:set package 'cr10af_moveit' build argument 'cmake_args' from command line to 'None'
[0.451s] Level 5:colcon.colcon_core.verb:set package 'cr10af_moveit' build argument 'cmake_target' from command line to 'None'
[0.451s] Level 5:colcon.colcon_core.verb:set package 'cr10af_moveit' build argument 'cmake_target_skip_unavailable' from command line to 'False'
[0.451s] Level 5:colcon.colcon_core.verb:set package 'cr10af_moveit' build argument 'cmake_clean_cache' from command line to 'False'
[0.451s] Level 5:colcon.colcon_core.verb:set package 'cr10af_moveit' build argument 'cmake_clean_first' from command line to 'False'
[0.451s] Level 5:colcon.colcon_core.verb:set package 'cr10af_moveit' build argument 'cmake_force_configure' from command line to 'False'
[0.451s] Level 5:colcon.colcon_core.verb:set package 'cr10af_moveit' build argument 'ament_cmake_args' from command line to 'None'
[0.451s] Level 5:colcon.colcon_core.verb:set package 'cr10af_moveit' build argument 'catkin_cmake_args' from command line to 'None'
[0.451s] Level 5:colcon.colcon_core.verb:set package 'cr10af_moveit' build argument 'catkin_skip_building_tests' from command line to 'False'
[0.451s] DEBUG:colcon.colcon_core.verb:Building package 'cr10af_moveit' with the following arguments: {'ament_cmake_args': None, 'build_base': '/home/michael/dobot_ws/src/build/cr10af_moveit', 'catkin_cmake_args': None, 'catkin_skip_building_tests': False, 'cmake_args': None, 'cmake_clean_cache': False, 'cmake_clean_first': False, 'cmake_force_configure': False, 'cmake_target': None, 'cmake_target_skip_unavailable': False, 'install_base': '/home/michael/dobot_ws/src/install/cr10af_moveit', 'merge_install': False, 'path': '/home/michael/dobot_ws/src/DOBOT_6Axis_ROS2_V4/cr10af_moveit', 'symlink_install': False, 'test_result_base': None}
[0.451s] Level 5:colcon.colcon_core.verb:set package 'cr12_moveit' build argument 'cmake_args' from command line to 'None'
[0.451s] Level 5:colcon.colcon_core.verb:set package 'cr12_moveit' build argument 'cmake_target' from command line to 'None'
[0.451s] Level 5:colcon.colcon_core.verb:set package 'cr12_moveit' build argument 'cmake_target_skip_unavailable' from command line to 'False'
[0.451s] Level 5:colcon.colcon_core.verb:set package 'cr12_moveit' build argument 'cmake_clean_cache' from command line to 'False'
[0.451s] Level 5:colcon.colcon_core.verb:set package 'cr12_moveit' build argument 'cmake_clean_first' from command line to 'False'
[0.451s] Level 5:colcon.colcon_core.verb:set package 'cr12_moveit' build argument 'cmake_force_configure' from command line to 'False'
[0.451s] Level 5:colcon.colcon_core.verb:set package 'cr12_moveit' build argument 'ament_cmake_args' from command line to 'None'
[0.451s] Level 5:colcon.colcon_core.verb:set package 'cr12_moveit' build argument 'catkin_cmake_args' from command line to 'None'
[0.451s] Level 5:colcon.colcon_core.verb:set package 'cr12_moveit' build argument 'catkin_skip_building_tests' from command line to 'False'
[0.451s] DEBUG:colcon.colcon_core.verb:Building package 'cr12_moveit' with the following arguments: {'ament_cmake_args': None, 'build_base': '/home/michael/dobot_ws/src/build/cr12_moveit', 'catkin_cmake_args': None, 'catkin_skip_building_tests': False, 'cmake_args': None, 'cmake_clean_cache': False, 'cmake_clean_first': False, 'cmake_force_configure': False, 'cmake_target': None, 'cmake_target_skip_unavailable': False, 'install_base': '/home/michael/dobot_ws/src/install/cr12_moveit', 'merge_install': False, 'path': '/home/michael/dobot_ws/src/DOBOT_6Axis_ROS2_V4/cr12_moveit', 'symlink_install': False, 'test_result_base': None}
[0.451s] Level 5:colcon.colcon_core.verb:set package 'cr16_moveit' build argument 'cmake_args' from command line to 'None'
[0.451s] Level 5:colcon.colcon_core.verb:set package 'cr16_moveit' build argument 'cmake_target' from command line to 'None'
[0.451s] Level 5:colcon.colcon_core.verb:set package 'cr16_moveit' build argument 'cmake_target_skip_unavailable' from command line to 'False'
[0.451s] Level 5:colcon.colcon_core.verb:set package 'cr16_moveit' build argument 'cmake_clean_cache' from command line to 'False'
[0.451s] Level 5:colcon.colcon_core.verb:set package 'cr16_moveit' build argument 'cmake_clean_first' from command line to 'False'
[0.451s] Level 5:colcon.colcon_core.verb:set package 'cr16_moveit' build argument 'cmake_force_configure' from command line to 'False'
[0.451s] Level 5:colcon.colcon_core.verb:set package 'cr16_moveit' build argument 'ament_cmake_args' from command line to 'None'
[0.451s] Level 5:colcon.colcon_core.verb:set package 'cr16_moveit' build argument 'catkin_cmake_args' from command line to 'None'
[0.451s] Level 5:colcon.colcon_core.verb:set package 'cr16_moveit' build argument 'catkin_skip_building_tests' from command line to 'False'
[0.451s] DEBUG:colcon.colcon_core.verb:Building package 'cr16_moveit' with the following arguments: {'ament_cmake_args': None, 'build_base': '/home/michael/dobot_ws/src/build/cr16_moveit', 'catkin_cmake_args': None, 'catkin_skip_building_tests': False, 'cmake_args': None, 'cmake_clean_cache': False, 'cmake_clean_first': False, 'cmake_force_configure': False, 'cmake_target': None, 'cmake_target_skip_unavailable': False, 'install_base': '/home/michael/dobot_ws/src/install/cr16_moveit', 'merge_install': False, 'path': '/home/michael/dobot_ws/src/DOBOT_6Axis_ROS2_V4/cr16_moveit', 'symlink_install': False, 'test_result_base': None}
[0.451s] Level 5:colcon.colcon_core.verb:set package 'cr20_moveit' build argument 'cmake_args' from command line to 'None'
[0.451s] Level 5:colcon.colcon_core.verb:set package 'cr20_moveit' build argument 'cmake_target' from command line to 'None'
[0.451s] Level 5:colcon.colcon_core.verb:set package 'cr20_moveit' build argument 'cmake_target_skip_unavailable' from command line to 'False'
[0.451s] Level 5:colcon.colcon_core.verb:set package 'cr20_moveit' build argument 'cmake_clean_cache' from command line to 'False'
[0.451s] Level 5:colcon.colcon_core.verb:set package 'cr20_moveit' build argument 'cmake_clean_first' from command line to 'False'
[0.451s] Level 5:colcon.colcon_core.verb:set package 'cr20_moveit' build argument 'cmake_force_configure' from command line to 'False'
[0.451s] Level 5:colcon.colcon_core.verb:set package 'cr20_moveit' build argument 'ament_cmake_args' from command line to 'None'
[0.451s] Level 5:colcon.colcon_core.verb:set package 'cr20_moveit' build argument 'catkin_cmake_args' from command line to 'None'
[0.451s] Level 5:colcon.colcon_core.verb:set package 'cr20_moveit' build argument 'catkin_skip_building_tests' from command line to 'False'
[0.451s] DEBUG:colcon.colcon_core.verb:Building package 'cr20_moveit' with the following arguments: {'ament_cmake_args': None, 'build_base': '/home/michael/dobot_ws/src/build/cr20_moveit', 'catkin_cmake_args': None, 'catkin_skip_building_tests': False, 'cmake_args': None, 'cmake_clean_cache': False, 'cmake_clean_first': False, 'cmake_force_configure': False, 'cmake_target': None, 'cmake_target_skip_unavailable': False, 'install_base': '/home/michael/dobot_ws/src/install/cr20_moveit', 'merge_install': False, 'path': '/home/michael/dobot_ws/src/DOBOT_6Axis_ROS2_V4/cr20_moveit', 'symlink_install': False, 'test_result_base': None}
[0.451s] Level 5:colcon.colcon_core.verb:set package 'cr30h_moveit' build argument 'cmake_args' from command line to 'None'
[0.451s] Level 5:colcon.colcon_core.verb:set package 'cr30h_moveit' build argument 'cmake_target' from command line to 'None'
[0.451s] Level 5:colcon.colcon_core.verb:set package 'cr30h_moveit' build argument 'cmake_target_skip_unavailable' from command line to 'False'
[0.451s] Level 5:colcon.colcon_core.verb:set package 'cr30h_moveit' build argument 'cmake_clean_cache' from command line to 'False'
[0.451s] Level 5:colcon.colcon_core.verb:set package 'cr30h_moveit' build argument 'cmake_clean_first' from command line to 'False'
[0.451s] Level 5:colcon.colcon_core.verb:set package 'cr30h_moveit' build argument 'cmake_force_configure' from command line to 'False'
[0.451s] Level 5:colcon.colcon_core.verb:set package 'cr30h_moveit' build argument 'ament_cmake_args' from command line to 'None'
[0.451s] Level 5:colcon.colcon_core.verb:set package 'cr30h_moveit' build argument 'catkin_cmake_args' from command line to 'None'
[0.451s] Level 5:colcon.colcon_core.verb:set package 'cr30h_moveit' build argument 'catkin_skip_building_tests' from command line to 'False'
[0.451s] DEBUG:colcon.colcon_core.verb:Building package 'cr30h_moveit' with the following arguments: {'ament_cmake_args': None, 'build_base': '/home/michael/dobot_ws/src/build/cr30h_moveit', 'catkin_cmake_args': None, 'catkin_skip_building_tests': False, 'cmake_args': None, 'cmake_clean_cache': False, 'cmake_clean_first': False, 'cmake_force_configure': False, 'cmake_target': None, 'cmake_target_skip_unavailable': False, 'install_base': '/home/michael/dobot_ws/src/install/cr30h_moveit', 'merge_install': False, 'path': '/home/michael/dobot_ws/src/DOBOT_6Axis_ROS2_V4/cr30h_moveit', 'symlink_install': False, 'test_result_base': None}
[0.452s] Level 5:colcon.colcon_core.verb:set package 'cr3_moveit' build argument 'cmake_args' from command line to 'None'
[0.452s] Level 5:colcon.colcon_core.verb:set package 'cr3_moveit' build argument 'cmake_target' from command line to 'None'
[0.452s] Level 5:colcon.colcon_core.verb:set package 'cr3_moveit' build argument 'cmake_target_skip_unavailable' from command line to 'False'
[0.452s] Level 5:colcon.colcon_core.verb:set package 'cr3_moveit' build argument 'cmake_clean_cache' from command line to 'False'
[0.452s] Level 5:colcon.colcon_core.verb:set package 'cr3_moveit' build argument 'cmake_clean_first' from command line to 'False'
[0.452s] Level 5:colcon.colcon_core.verb:set package 'cr3_moveit' build argument 'cmake_force_configure' from command line to 'False'
[0.452s] Level 5:colcon.colcon_core.verb:set package 'cr3_moveit' build argument 'ament_cmake_args' from command line to 'None'
[0.452s] Level 5:colcon.colcon_core.verb:set package 'cr3_moveit' build argument 'catkin_cmake_args' from command line to 'None'
[0.452s] Level 5:colcon.colcon_core.verb:set package 'cr3_moveit' build argument 'catkin_skip_building_tests' from command line to 'False'
[0.452s] DEBUG:colcon.colcon_core.verb:Building package 'cr3_moveit' with the following arguments: {'ament_cmake_args': None, 'build_base': '/home/michael/dobot_ws/src/build/cr3_moveit', 'catkin_cmake_args': None, 'catkin_skip_building_tests': False, 'cmake_args': None, 'cmake_clean_cache': False, 'cmake_clean_first': False, 'cmake_force_configure': False, 'cmake_target': None, 'cmake_target_skip_unavailable': False, 'install_base': '/home/michael/dobot_ws/src/install/cr3_moveit', 'merge_install': False, 'path': '/home/michael/dobot_ws/src/DOBOT_6Axis_ROS2_V4/cr3_moveit', 'symlink_install': False, 'test_result_base': None}
[0.452s] Level 5:colcon.colcon_core.verb:set package 'cr5_moveit' build argument 'cmake_args' from command line to 'None'
[0.452s] Level 5:colcon.colcon_core.verb:set package 'cr5_moveit' build argument 'cmake_target' from command line to 'None'
[0.452s] Level 5:colcon.colcon_core.verb:set package 'cr5_moveit' build argument 'cmake_target_skip_unavailable' from command line to 'False'
[0.452s] Level 5:colcon.colcon_core.verb:set package 'cr5_moveit' build argument 'cmake_clean_cache' from command line to 'False'
[0.452s] Level 5:colcon.colcon_core.verb:set package 'cr5_moveit' build argument 'cmake_clean_first' from command line to 'False'
[0.452s] Level 5:colcon.colcon_core.verb:set package 'cr5_moveit' build argument 'cmake_force_configure' from command line to 'False'
[0.452s] Level 5:colcon.colcon_core.verb:set package 'cr5_moveit' build argument 'ament_cmake_args' from command line to 'None'
[0.452s] Level 5:colcon.colcon_core.verb:set package 'cr5_moveit' build argument 'catkin_cmake_args' from command line to 'None'
[0.452s] Level 5:colcon.colcon_core.verb:set package 'cr5_moveit' build argument 'catkin_skip_building_tests' from command line to 'False'
[0.452s] DEBUG:colcon.colcon_core.verb:Building package 'cr5_moveit' with the following arguments: {'ament_cmake_args': None, 'build_base': '/home/michael/dobot_ws/src/build/cr5_moveit', 'catkin_cmake_args': None, 'catkin_skip_building_tests': False, 'cmake_args': None, 'cmake_clean_cache': False, 'cmake_clean_first': False, 'cmake_force_configure': False, 'cmake_target': None, 'cmake_target_skip_unavailable': False, 'install_base': '/home/michael/dobot_ws/src/install/cr5_moveit', 'merge_install': False, 'path': '/home/michael/dobot_ws/src/DOBOT_6Axis_ROS2_V4/cr5_moveit', 'symlink_install': False, 'test_result_base': None}
[0.452s] Level 5:colcon.colcon_core.verb:set package 'cr7_moveit' build argument 'cmake_args' from command line to 'None'
[0.452s] Level 5:colcon.colcon_core.verb:set package 'cr7_moveit' build argument 'cmake_target' from command line to 'None'
[0.452s] Level 5:colcon.colcon_core.verb:set package 'cr7_moveit' build argument 'cmake_target_skip_unavailable' from command line to 'False'
[0.452s] Level 5:colcon.colcon_core.verb:set package 'cr7_moveit' build argument 'cmake_clean_cache' from command line to 'False'
[0.452s] Level 5:colcon.colcon_core.verb:set package 'cr7_moveit' build argument 'cmake_clean_first' from command line to 'False'
[0.452s] Level 5:colcon.colcon_core.verb:set package 'cr7_moveit' build argument 'cmake_force_configure' from command line to 'False'
[0.452s] Level 5:colcon.colcon_core.verb:set package 'cr7_moveit' build argument 'ament_cmake_args' from command line to 'None'
[0.452s] Level 5:colcon.colcon_core.verb:set package 'cr7_moveit' build argument 'catkin_cmake_args' from command line to 'None'
[0.452s] Level 5:colcon.colcon_core.verb:set package 'cr7_moveit' build argument 'catkin_skip_building_tests' from command line to 'False'
[0.452s] DEBUG:colcon.colcon_core.verb:Building package 'cr7_moveit' with the following arguments: {'ament_cmake_args': None, 'build_base': '/home/michael/dobot_ws/src/build/cr7_moveit', 'catkin_cmake_args': None, 'catkin_skip_building_tests': False, 'cmake_args': None, 'cmake_clean_cache': False, 'cmake_clean_first': False, 'cmake_force_configure': False, 'cmake_target': None, 'cmake_target_skip_unavailable': False, 'install_base': '/home/michael/dobot_ws/src/install/cr7_moveit', 'merge_install': False, 'path': '/home/michael/dobot_ws/src/DOBOT_6Axis_ROS2_V4/cr7_moveit', 'symlink_install': False, 'test_result_base': None}
[0.452s] Level 5:colcon.colcon_core.verb:set package 'cr_robot_ros2' build argument 'cmake_args' from command line to 'None'
[0.452s] Level 5:colcon.colcon_core.verb:set package 'cr_robot_ros2' build argument 'cmake_target' from command line to 'None'
[0.452s] Level 5:colcon.colcon_core.verb:set package 'cr_robot_ros2' build argument 'cmake_target_skip_unavailable' from command line to 'False'
[0.452s] Level 5:colcon.colcon_core.verb:set package 'cr_robot_ros2' build argument 'cmake_clean_cache' from command line to 'False'
[0.452s] Level 5:colcon.colcon_core.verb:set package 'cr_robot_ros2' build argument 'cmake_clean_first' from command line to 'False'
[0.452s] Level 5:colcon.colcon_core.verb:set package 'cr_robot_ros2' build argument 'cmake_force_configure' from command line to 'False'
[0.452s] Level 5:colcon.colcon_core.verb:set package 'cr_robot_ros2' build argument 'ament_cmake_args' from command line to 'None'
[0.452s] Level 5:colcon.colcon_core.verb:set package 'cr_robot_ros2' build argument 'catkin_cmake_args' from command line to 'None'
[0.452s] Level 5:colcon.colcon_core.verb:set package 'cr_robot_ros2' build argument 'catkin_skip_building_tests' from command line to 'False'
[0.452s] DEBUG:colcon.colcon_core.verb:Building package 'cr_robot_ros2' with the following arguments: {'ament_cmake_args': None, 'build_base': '/home/michael/dobot_ws/src/build/cr_robot_ros2', 'catkin_cmake_args': None, 'catkin_skip_building_tests': False, 'cmake_args': None, 'cmake_clean_cache': False, 'cmake_clean_first': False, 'cmake_force_configure': False, 'cmake_target': None, 'cmake_target_skip_unavailable': False, 'install_base': '/home/michael/dobot_ws/src/install/cr_robot_ros2', 'merge_install': False, 'path': '/home/michael/dobot_ws/src/DOBOT_6Axis_ROS2_V4/dobot_bringup_v4', 'symlink_install': False, 'test_result_base': None}
[0.452s] Level 5:colcon.colcon_core.verb:set package 'dobot_gazebo' build argument 'cmake_args' from command line to 'None'
[0.452s] Level 5:colcon.colcon_core.verb:set package 'dobot_gazebo' build argument 'cmake_target' from command line to 'None'
[0.452s] Level 5:colcon.colcon_core.verb:set package 'dobot_gazebo' build argument 'cmake_target_skip_unavailable' from command line to 'False'
[0.452s] Level 5:colcon.colcon_core.verb:set package 'dobot_gazebo' build argument 'cmake_clean_cache' from command line to 'False'
[0.452s] Level 5:colcon.colcon_core.verb:set package 'dobot_gazebo' build argument 'cmake_clean_first' from command line to 'False'
[0.452s] Level 5:colcon.colcon_core.verb:set package 'dobot_gazebo' build argument 'cmake_force_configure' from command line to 'False'
[0.452s] Level 5:colcon.colcon_core.verb:set package 'dobot_gazebo' build argument 'ament_cmake_args' from command line to 'None'
[0.452s] Level 5:colcon.colcon_core.verb:set package 'dobot_gazebo' build argument 'catkin_cmake_args' from command line to 'None'
[0.452s] Level 5:colcon.colcon_core.verb:set package 'dobot_gazebo' build argument 'catkin_skip_building_tests' from command line to 'False'
[0.452s] DEBUG:colcon.colcon_core.verb:Building package 'dobot_gazebo' with the following arguments: {'ament_cmake_args': None, 'build_base': '/home/michael/dobot_ws/src/build/dobot_gazebo', 'catkin_cmake_args': None, 'catkin_skip_building_tests': False, 'cmake_args': None, 'cmake_clean_cache': False, 'cmake_clean_first': False, 'cmake_force_configure': False, 'cmake_target': None, 'cmake_target_skip_unavailable': False, 'install_base': '/home/michael/dobot_ws/src/install/dobot_gazebo', 'merge_install': False, 'path': '/home/michael/dobot_ws/src/DOBOT_6Axis_ROS2_V4/dobot_gazebo', 'symlink_install': False, 'test_result_base': None}
[0.453s] Level 5:colcon.colcon_core.verb:set package 'me6_moveit' build argument 'cmake_args' from command line to 'None'
[0.453s] Level 5:colcon.colcon_core.verb:set package 'me6_moveit' build argument 'cmake_target' from command line to 'None'
[0.453s] Level 5:colcon.colcon_core.verb:set package 'me6_moveit' build argument 'cmake_target_skip_unavailable' from command line to 'False'
[0.453s] Level 5:colcon.colcon_core.verb:set package 'me6_moveit' build argument 'cmake_clean_cache' from command line to 'False'
[0.453s] Level 5:colcon.colcon_core.verb:set package 'me6_moveit' build argument 'cmake_clean_first' from command line to 'False'
[0.453s] Level 5:colcon.colcon_core.verb:set package 'me6_moveit' build argument 'cmake_force_configure' from command line to 'False'
[0.453s] Level 5:colcon.colcon_core.verb:set package 'me6_moveit' build argument 'ament_cmake_args' from command line to 'None'
[0.453s] Level 5:colcon.colcon_core.verb:set package 'me6_moveit' build argument 'catkin_cmake_args' from command line to 'None'
[0.453s] Level 5:colcon.colcon_core.verb:set package 'me6_moveit' build argument 'catkin_skip_building_tests' from command line to 'False'
[0.453s] DEBUG:colcon.colcon_core.verb:Building package 'me6_moveit' with the following arguments: {'ament_cmake_args': None, 'build_base': '/home/michael/dobot_ws/src/build/me6_moveit', 'catkin_cmake_args': None, 'catkin_skip_building_tests': False, 'cmake_args': None, 'cmake_clean_cache': False, 'cmake_clean_first': False, 'cmake_force_configure': False, 'cmake_target': None, 'cmake_target_skip_unavailable': False, 'install_base': '/home/michael/dobot_ws/src/install/me6_moveit', 'merge_install': False, 'path': '/home/michael/dobot_ws/src/DOBOT_6Axis_ROS2_V4/me6_moveit', 'symlink_install': False, 'test_result_base': None}
[0.453s] Level 5:colcon.colcon_core.verb:set package 'nova2_moveit' build argument 'cmake_args' from command line to 'None'
[0.453s] Level 5:colcon.colcon_core.verb:set package 'nova2_moveit' build argument 'cmake_target' from command line to 'None'
[0.453s] Level 5:colcon.colcon_core.verb:set package 'nova2_moveit' build argument 'cmake_target_skip_unavailable' from command line to 'False'
[0.453s] Level 5:colcon.colcon_core.verb:set package 'nova2_moveit' build argument 'cmake_clean_cache' from command line to 'False'
[0.453s] Level 5:colcon.colcon_core.verb:set package 'nova2_moveit' build argument 'cmake_clean_first' from command line to 'False'
[0.453s] Level 5:colcon.colcon_core.verb:set package 'nova2_moveit' build argument 'cmake_force_configure' from command line to 'False'
[0.453s] Level 5:colcon.colcon_core.verb:set package 'nova2_moveit' build argument 'ament_cmake_args' from command line to 'None'
[0.453s] Level 5:colcon.colcon_core.verb:set package 'nova2_moveit' build argument 'catkin_cmake_args' from command line to 'None'
[0.453s] Level 5:colcon.colcon_core.verb:set package 'nova2_moveit' build argument 'catkin_skip_building_tests' from command line to 'False'
[0.453s] DEBUG:colcon.colcon_core.verb:Building package 'nova2_moveit' with the following arguments: {'ament_cmake_args': None, 'build_base': '/home/michael/dobot_ws/src/build/nova2_moveit', 'catkin_cmake_args': None, 'catkin_skip_building_tests': False, 'cmake_args': None, 'cmake_clean_cache': False, 'cmake_clean_first': False, 'cmake_force_configure': False, 'cmake_target': None, 'cmake_target_skip_unavailable': False, 'install_base': '/home/michael/dobot_ws/src/install/nova2_moveit', 'merge_install': False, 'path': '/home/michael/dobot_ws/src/DOBOT_6Axis_ROS2_V4/nova2_moveit', 'symlink_install': False, 'test_result_base': None}
[0.453s] Level 5:colcon.colcon_core.verb:set package 'nova5_moveit' build argument 'cmake_args' from command line to 'None'
[0.453s] Level 5:colcon.colcon_core.verb:set package 'nova5_moveit' build argument 'cmake_target' from command line to 'None'
[0.453s] Level 5:colcon.colcon_core.verb:set package 'nova5_moveit' build argument 'cmake_target_skip_unavailable' from command line to 'False'
[0.453s] Level 5:colcon.colcon_core.verb:set package 'nova5_moveit' build argument 'cmake_clean_cache' from command line to 'False'
[0.453s] Level 5:colcon.colcon_core.verb:set package 'nova5_moveit' build argument 'cmake_clean_first' from command line to 'False'
[0.453s] Level 5:colcon.colcon_core.verb:set package 'nova5_moveit' build argument 'cmake_force_configure' from command line to 'False'
[0.453s] Level 5:colcon.colcon_core.verb:set package 'nova5_moveit' build argument 'ament_cmake_args' from command line to 'None'
[0.453s] Level 5:colcon.colcon_core.verb:set package 'nova5_moveit' build argument 'catkin_cmake_args' from command line to 'None'
[0.453s] Level 5:colcon.colcon_core.verb:set package 'nova5_moveit' build argument 'catkin_skip_building_tests' from command line to 'False'
[0.453s] DEBUG:colcon.colcon_core.verb:Building package 'nova5_moveit' with the following arguments: {'ament_cmake_args': None, 'build_base': '/home/michael/dobot_ws/src/build/nova5_moveit', 'catkin_cmake_args': None, 'catkin_skip_building_tests': False, 'cmake_args': None, 'cmake_clean_cache': False, 'cmake_clean_first': False, 'cmake_force_configure': False, 'cmake_target': None, 'cmake_target_skip_unavailable': False, 'install_base': '/home/michael/dobot_ws/src/install/nova5_moveit', 'merge_install': False, 'path': '/home/michael/dobot_ws/src/DOBOT_6Axis_ROS2_V4/nova5_moveit', 'symlink_install': False, 'test_result_base': None}
[0.453s] INFO:colcon.colcon_core.executor:Executing jobs using 'parallel' executor
[0.454s] DEBUG:colcon.colcon_parallel_executor.executor.parallel:run_until_complete
[0.455s] INFO:colcon.colcon_ros.task.ament_cmake.build:Building ROS package in '/home/michael/dobot_ws/src/DOBOT_6Axis_ROS2_V4/dobot_rviz' with build type 'ament_cmake'
[0.455s] INFO:colcon.colcon_cmake.task.cmake.build:Building CMake package in '/home/michael/dobot_ws/src/DOBOT_6Axis_ROS2_V4/dobot_rviz'
[0.459s] INFO:colcon.colcon_core.plugin_system:Skipping extension 'colcon_core.shell.bat': Not used on non-Windows systems
[0.459s] INFO:colcon.colcon_core.shell:Skip shell extension 'powershell' for command environment: Not usable outside of PowerShell
[0.459s] DEBUG:colcon.colcon_core.shell:Skip shell extension 'dsv' for command environment
[0.464s] INFO:colcon.colcon_ros.task.ament_cmake.build:Building ROS package in '/home/michael/dobot_ws/src/DOBOT_6Axis_ROS2_V4/cra_description' with build type 'ament_cmake'
[0.464s] INFO:colcon.colcon_cmake.task.cmake.build:Building CMake package in '/home/michael/dobot_ws/src/DOBOT_6Axis_ROS2_V4/cra_description'
[0.464s] INFO:colcon.colcon_core.shell:Skip shell extension 'powershell' for command environment: Not usable outside of PowerShell
[0.464s] DEBUG:colcon.colcon_core.shell:Skip shell extension 'dsv' for command environment
[0.472s] DEBUG:colcon.colcon_core.event_handler.log_command:Invoking command in '/home/michael/dobot_ws/src/build/dobot_rviz': CMAKE_PREFIX_PATH=${CMAKE_PREFIX_PATH}:/home/michael/dobot_ws/install/servo_action:/home/michael/dobot_ws/install/dobot_moveit:/home/michael/dobot_ws/install/dobot_demo:/opt/ros/humble /usr/bin/cmake /home/michael/dobot_ws/src/DOBOT_6Axis_ROS2_V4/dobot_rviz -DCMAKE_INSTALL_PREFIX=/home/michael/dobot_ws/src/install/dobot_rviz
[0.474s] DEBUG:colcon.colcon_core.event_handler.log_command:Invoking command in '/home/michael/dobot_ws/src/build/cra_description': CMAKE_PREFIX_PATH=${CMAKE_PREFIX_PATH}:/home/michael/dobot_ws/install/servo_action:/home/michael/dobot_ws/install/dobot_moveit:/home/michael/dobot_ws/install/dobot_demo:/opt/ros/humble /usr/bin/cmake /home/michael/dobot_ws/src/DOBOT_6Axis_ROS2_V4/cra_description -DCMAKE_INSTALL_PREFIX=/home/michael/dobot_ws/src/install/cra_description
[1.272s] DEBUG:colcon.colcon_core.event_handler.log_command:Invoked command in '/home/michael/dobot_ws/src/build/cra_description' returned '0': CMAKE_PREFIX_PATH=${CMAKE_PREFIX_PATH}:/home/michael/dobot_ws/install/servo_action:/home/michael/dobot_ws/install/dobot_moveit:/home/michael/dobot_ws/install/dobot_demo:/opt/ros/humble /usr/bin/cmake /home/michael/dobot_ws/src/DOBOT_6Axis_ROS2_V4/cra_description -DCMAKE_INSTALL_PREFIX=/home/michael/dobot_ws/src/install/cra_description
[1.275s] DEBUG:colcon.colcon_core.event_handler.log_command:Invoking command in '/home/michael/dobot_ws/src/build/cra_description': CMAKE_PREFIX_PATH=${CMAKE_PREFIX_PATH}:/home/michael/dobot_ws/install/servo_action:/home/michael/dobot_ws/install/dobot_moveit:/home/michael/dobot_ws/install/dobot_demo:/opt/ros/humble /usr/bin/cmake --build /home/michael/dobot_ws/src/build/cra_description -- -j2 -l2
[1.317s] DEBUG:colcon.colcon_core.event_handler.log_command:Invoked command in '/home/michael/dobot_ws/src/build/cra_description' returned '0': CMAKE_PREFIX_PATH=${CMAKE_PREFIX_PATH}:/home/michael/dobot_ws/install/servo_action:/home/michael/dobot_ws/install/dobot_moveit:/home/michael/dobot_ws/install/dobot_demo:/opt/ros/humble /usr/bin/cmake --build /home/michael/dobot_ws/src/build/cra_description -- -j2 -l2
[1.326s] DEBUG:colcon.colcon_core.event_handler.log_command:Invoking command in '/home/michael/dobot_ws/src/build/cra_description': CMAKE_PREFIX_PATH=${CMAKE_PREFIX_PATH}:/home/michael/dobot_ws/install/servo_action:/home/michael/dobot_ws/install/dobot_moveit:/home/michael/dobot_ws/install/dobot_demo:/opt/ros/humble /usr/bin/cmake --install /home/michael/dobot_ws/src/build/cra_description
[1.331s] DEBUG:colcon.colcon_core.event_handler.log_command:Invoked command in '/home/michael/dobot_ws/src/build/dobot_rviz' returned '0': CMAKE_PREFIX_PATH=${CMAKE_PREFIX_PATH}:/home/michael/dobot_ws/install/servo_action:/home/michael/dobot_ws/install/dobot_moveit:/home/michael/dobot_ws/install/dobot_demo:/opt/ros/humble /usr/bin/cmake /home/michael/dobot_ws/src/DOBOT_6Axis_ROS2_V4/dobot_rviz -DCMAKE_INSTALL_PREFIX=/home/michael/dobot_ws/src/install/dobot_rviz
[1.331s] DEBUG:colcon.colcon_core.event_handler.log_command:Invoking command in '/home/michael/dobot_ws/src/build/dobot_rviz': CMAKE_PREFIX_PATH=${CMAKE_PREFIX_PATH}:/home/michael/dobot_ws/install/servo_action:/home/michael/dobot_ws/install/dobot_moveit:/home/michael/dobot_ws/install/dobot_demo:/opt/ros/humble /usr/bin/cmake --build /home/michael/dobot_ws/src/build/dobot_rviz -- -j2 -l2
[1.373s] DEBUG:colcon.colcon_core.event_handler.log_command:Invoked command in '/home/michael/dobot_ws/src/build/dobot_rviz' returned '0': CMAKE_PREFIX_PATH=${CMAKE_PREFIX_PATH}:/home/michael/dobot_ws/install/servo_action:/home/michael/dobot_ws/install/dobot_moveit:/home/michael/dobot_ws/install/dobot_demo:/opt/ros/humble /usr/bin/cmake --build /home/michael/dobot_ws/src/build/dobot_rviz -- -j2 -l2
[1.374s] DEBUG:colcon.colcon_core.event_handler.log_command:Invoking command in '/home/michael/dobot_ws/src/build/dobot_rviz': CMAKE_PREFIX_PATH=${CMAKE_PREFIX_PATH}:/home/michael/dobot_ws/install/servo_action:/home/michael/dobot_ws/install/dobot_moveit:/home/michael/dobot_ws/install/dobot_demo:/opt/ros/humble /usr/bin/cmake --install /home/michael/dobot_ws/src/build/dobot_rviz
[1.722s] Level 1:colcon.colcon_core.environment:create_environment_scripts_only(dobot_rviz)
[1.722s] DEBUG:colcon.colcon_core.event_handler.log_command:Invoked command in '/home/michael/dobot_ws/src/build/dobot_rviz' returned '0': CMAKE_PREFIX_PATH=${CMAKE_PREFIX_PATH}:/home/michael/dobot_ws/install/servo_action:/home/michael/dobot_ws/install/dobot_moveit:/home/michael/dobot_ws/install/dobot_demo:/opt/ros/humble /usr/bin/cmake --install /home/michael/dobot_ws/src/build/dobot_rviz
[1.731s] Level 1:colcon.colcon_core.environment:checking '/home/michael/dobot_ws/src/install/dobot_rviz' for CMake module files
[1.731s] Level 1:colcon.colcon_core.environment:checking '/home/michael/dobot_ws/src/install/dobot_rviz' for CMake config files
[1.731s] Level 1:colcon.colcon_core.shell:create_environment_hook('dobot_rviz', 'cmake_prefix_path')
[1.731s] INFO:colcon.colcon_core.shell:Creating environment hook '/home/michael/dobot_ws/src/install/dobot_rviz/share/dobot_rviz/hook/cmake_prefix_path.ps1'
[1.733s] INFO:colcon.colcon_core.shell:Creating environment descriptor '/home/michael/dobot_ws/src/install/dobot_rviz/share/dobot_rviz/hook/cmake_prefix_path.dsv'
[1.734s] INFO:colcon.colcon_core.shell:Creating environment hook '/home/michael/dobot_ws/src/install/dobot_rviz/share/dobot_rviz/hook/cmake_prefix_path.sh'
[1.735s] Level 1:colcon.colcon_core.environment:checking '/home/michael/dobot_ws/src/install/dobot_rviz/bin'
[1.735s] Level 1:colcon.colcon_core.environment:checking '/home/michael/dobot_ws/src/install/dobot_rviz/lib/pkgconfig/dobot_rviz.pc'
[1.735s] Level 1:colcon.colcon_core.environment:checking '/home/michael/dobot_ws/src/install/dobot_rviz/lib/python3.10/site-packages'
[1.735s] Level 1:colcon.colcon_core.environment:checking '/home/michael/dobot_ws/src/install/dobot_rviz/bin'
[1.735s] INFO:colcon.colcon_core.shell:Creating package script '/home/michael/dobot_ws/src/install/dobot_rviz/share/dobot_rviz/package.ps1'
[1.736s] INFO:colcon.colcon_core.shell:Creating package descriptor '/home/michael/dobot_ws/src/install/dobot_rviz/share/dobot_rviz/package.dsv'
[1.737s] INFO:colcon.colcon_core.shell:Creating package script '/home/michael/dobot_ws/src/install/dobot_rviz/share/dobot_rviz/package.sh'
[1.737s] INFO:colcon.colcon_core.shell:Creating package script '/home/michael/dobot_ws/src/install/dobot_rviz/share/dobot_rviz/package.bash'
[1.738s] INFO:colcon.colcon_core.shell:Creating package script '/home/michael/dobot_ws/src/install/dobot_rviz/share/dobot_rviz/package.zsh'
[1.739s] Level 1:colcon.colcon_core.environment:create_file_with_runtime_dependencies(/home/michael/dobot_ws/src/install/dobot_rviz/share/colcon-core/packages/dobot_rviz)
[1.739s] Level 1:colcon.colcon_core.environment:create_environment_scripts_only(dobot_rviz)
[1.739s] Level 1:colcon.colcon_core.environment:checking '/home/michael/dobot_ws/src/install/dobot_rviz' for CMake module files
[1.740s] Level 1:colcon.colcon_core.environment:checking '/home/michael/dobot_ws/src/install/dobot_rviz' for CMake config files
[1.740s] Level 1:colcon.colcon_core.shell:create_environment_hook('dobot_rviz', 'cmake_prefix_path')
[1.740s] INFO:colcon.colcon_core.shell:Creating environment hook '/home/michael/dobot_ws/src/install/dobot_rviz/share/dobot_rviz/hook/cmake_prefix_path.ps1'
[1.740s] INFO:colcon.colcon_core.shell:Creating environment descriptor '/home/michael/dobot_ws/src/install/dobot_rviz/share/dobot_rviz/hook/cmake_prefix_path.dsv'
[1.741s] INFO:colcon.colcon_core.shell:Creating environment hook '/home/michael/dobot_ws/src/install/dobot_rviz/share/dobot_rviz/hook/cmake_prefix_path.sh'
[1.742s] Level 1:colcon.colcon_core.environment:checking '/home/michael/dobot_ws/src/install/dobot_rviz/bin'
[1.742s] Level 1:colcon.colcon_core.environment:checking '/home/michael/dobot_ws/src/install/dobot_rviz/lib/pkgconfig/dobot_rviz.pc'
[1.742s] Level 1:colcon.colcon_core.environment:checking '/home/michael/dobot_ws/src/install/dobot_rviz/lib/python3.10/site-packages'
[1.742s] Level 1:colcon.colcon_core.environment:checking '/home/michael/dobot_ws/src/install/dobot_rviz/bin'
[1.742s] INFO:colcon.colcon_core.shell:Creating package script '/home/michael/dobot_ws/src/install/dobot_rviz/share/dobot_rviz/package.ps1'
[1.743s] INFO:colcon.colcon_core.shell:Creating package descriptor '/home/michael/dobot_ws/src/install/dobot_rviz/share/dobot_rviz/package.dsv'
[1.744s] INFO:colcon.colcon_core.shell:Creating package script '/home/michael/dobot_ws/src/install/dobot_rviz/share/dobot_rviz/package.sh'
[1.745s] INFO:colcon.colcon_core.shell:Creating package script '/home/michael/dobot_ws/src/install/dobot_rviz/share/dobot_rviz/package.bash'
[1.745s] INFO:colcon.colcon_core.shell:Creating package script '/home/michael/dobot_ws/src/install/dobot_rviz/share/dobot_rviz/package.zsh'
[1.746s] Level 1:colcon.colcon_core.environment:create_file_with_runtime_dependencies(/home/michael/dobot_ws/src/install/dobot_rviz/share/colcon-core/packages/dobot_rviz)
[1.747s] INFO:colcon.colcon_ros.task.ament_cmake.build:Building ROS package in '/home/michael/dobot_ws/src/DOBOT_6Axis_ROS2_V4/dobot_msgs_v4' with build type 'ament_cmake'
[1.747s] INFO:colcon.colcon_cmake.task.cmake.build:Building CMake package in '/home/michael/dobot_ws/src/DOBOT_6Axis_ROS2_V4/dobot_msgs_v4'
[1.747s] INFO:colcon.colcon_core.shell:Skip shell extension 'powershell' for command environment: Not usable outside of PowerShell
[1.747s] DEBUG:colcon.colcon_core.shell:Skip shell extension 'dsv' for command environment
[1.750s] Level 1:colcon.colcon_core.environment:create_environment_scripts_only(cra_description)
[1.750s] Level 1:colcon.colcon_core.environment:checking '/home/michael/dobot_ws/src/install/cra_description' for CMake module files
[1.750s] Level 1:colcon.colcon_core.environment:checking '/home/michael/dobot_ws/src/install/cra_description' for CMake config files
[1.750s] DEBUG:colcon.colcon_core.event_handler.log_command:Invoked command in '/home/michael/dobot_ws/src/build/cra_description' returned '0': CMAKE_PREFIX_PATH=${CMAKE_PREFIX_PATH}:/home/michael/dobot_ws/install/servo_action:/home/michael/dobot_ws/install/dobot_moveit:/home/michael/dobot_ws/install/dobot_demo:/opt/ros/humble /usr/bin/cmake --install /home/michael/dobot_ws/src/build/cra_description
[1.751s] Level 1:colcon.colcon_core.shell:create_environment_hook('cra_description', 'cmake_prefix_path')
[1.751s] INFO:colcon.colcon_core.shell:Creating environment hook '/home/michael/dobot_ws/src/install/cra_description/share/cra_description/hook/cmake_prefix_path.ps1'
[1.752s] INFO:colcon.colcon_core.shell:Creating environment descriptor '/home/michael/dobot_ws/src/install/cra_description/share/cra_description/hook/cmake_prefix_path.dsv'
[1.752s] INFO:colcon.colcon_core.shell:Creating environment hook '/home/michael/dobot_ws/src/install/cra_description/share/cra_description/hook/cmake_prefix_path.sh'
[1.752s] Level 1:colcon.colcon_core.environment:checking '/home/michael/dobot_ws/src/install/cra_description/bin'
[1.752s] Level 1:colcon.colcon_core.environment:checking '/home/michael/dobot_ws/src/install/cra_description/lib/pkgconfig/cra_description.pc'
[1.752s] Level 1:colcon.colcon_core.environment:checking '/home/michael/dobot_ws/src/install/cra_description/lib/python3.10/site-packages'
[1.752s] Level 1:colcon.colcon_core.environment:checking '/home/michael/dobot_ws/src/install/cra_description/bin'
[1.752s] INFO:colcon.colcon_core.shell:Creating package script '/home/michael/dobot_ws/src/install/cra_description/share/cra_description/package.ps1'
[1.753s] INFO:colcon.colcon_core.shell:Creating package descriptor '/home/michael/dobot_ws/src/install/cra_description/share/cra_description/package.dsv'
[1.753s] INFO:colcon.colcon_core.shell:Creating package script '/home/michael/dobot_ws/src/install/cra_description/share/cra_description/package.sh'
[1.754s] INFO:colcon.colcon_core.shell:Creating package script '/home/michael/dobot_ws/src/install/cra_description/share/cra_description/package.bash'
[1.754s] INFO:colcon.colcon_core.shell:Creating package script '/home/michael/dobot_ws/src/install/cra_description/share/cra_description/package.zsh'
[1.754s] Level 1:colcon.colcon_core.environment:create_file_with_runtime_dependencies(/home/michael/dobot_ws/src/install/cra_description/share/colcon-core/packages/cra_description)
[1.754s] Level 1:colcon.colcon_core.environment:create_environment_scripts_only(cra_description)
[1.754s] Level 1:colcon.colcon_core.environment:checking '/home/michael/dobot_ws/src/install/cra_description' for CMake module files
[1.754s] Level 1:colcon.colcon_core.environment:checking '/home/michael/dobot_ws/src/install/cra_description' for CMake config files
[1.755s] Level 1:colcon.colcon_core.shell:create_environment_hook('cra_description', 'cmake_prefix_path')
[1.755s] INFO:colcon.colcon_core.shell:Creating environment hook '/home/michael/dobot_ws/src/install/cra_description/share/cra_description/hook/cmake_prefix_path.ps1'
[1.755s] INFO:colcon.colcon_core.shell:Creating environment descriptor '/home/michael/dobot_ws/src/install/cra_description/share/cra_description/hook/cmake_prefix_path.dsv'
[1.755s] INFO:colcon.colcon_core.shell:Creating environment hook '/home/michael/dobot_ws/src/install/cra_description/share/cra_description/hook/cmake_prefix_path.sh'
[1.756s] Level 1:colcon.colcon_core.environment:checking '/home/michael/dobot_ws/src/install/cra_description/bin'
[1.756s] Level 1:colcon.colcon_core.environment:checking '/home/michael/dobot_ws/src/install/cra_description/lib/pkgconfig/cra_description.pc'
[1.756s] Level 1:colcon.colcon_core.environment:checking '/home/michael/dobot_ws/src/install/cra_description/lib/python3.10/site-packages'
[1.756s] Level 1:colcon.colcon_core.environment:checking '/home/michael/dobot_ws/src/install/cra_description/bin'
[1.756s] INFO:colcon.colcon_core.shell:Creating package script '/home/michael/dobot_ws/src/install/cra_description/share/cra_description/package.ps1'
[1.757s] INFO:colcon.colcon_core.shell:Creating package descriptor '/home/michael/dobot_ws/src/install/cra_description/share/cra_description/package.dsv'
[1.758s] INFO:colcon.colcon_core.shell:Creating package script '/home/michael/dobot_ws/src/install/cra_description/share/cra_description/package.sh'
[1.759s] INFO:colcon.colcon_core.shell:Creating package script '/home/michael/dobot_ws/src/install/cra_description/share/cra_description/package.bash'
[1.759s] INFO:colcon.colcon_core.shell:Creating package script '/home/michael/dobot_ws/src/install/cra_description/share/cra_description/package.zsh'
[1.760s] Level 1:colcon.colcon_core.environment:create_file_with_runtime_dependencies(/home/michael/dobot_ws/src/install/cra_description/share/colcon-core/packages/cra_description)
[1.760s] INFO:colcon.colcon_ros.task.ament_python.build:Building ROS package in '/home/michael/dobot_ws/src/DOBOT_6Axis_ROS2_V4/dobot_demo' with build type 'ament_python'
[1.760s] Level 1:colcon.colcon_core.shell:create_environment_hook('dobot_demo', 'ament_prefix_path')
[1.761s] INFO:colcon.colcon_core.shell:Creating environment hook '/home/michael/dobot_ws/src/install/dobot_demo/share/dobot_demo/hook/ament_prefix_path.ps1'
[1.761s] INFO:colcon.colcon_core.shell:Creating environment descriptor '/home/michael/dobot_ws/src/install/dobot_demo/share/dobot_demo/hook/ament_prefix_path.dsv'
[1.761s] INFO:colcon.colcon_core.shell:Creating environment hook '/home/michael/dobot_ws/src/install/dobot_demo/share/dobot_demo/hook/ament_prefix_path.sh'
[1.761s] INFO:colcon.colcon_core.shell:Skip shell extension 'powershell' for command environment: Not usable outside of PowerShell
[1.761s] DEBUG:colcon.colcon_core.shell:Skip shell extension 'dsv' for command environment
[1.768s] DEBUG:colcon.colcon_core.event_handler.log_command:Invoking command in '/home/michael/dobot_ws/src/build/dobot_msgs_v4': CMAKE_PREFIX_PATH=${CMAKE_PREFIX_PATH}:/home/michael/dobot_ws/install/servo_action:/home/michael/dobot_ws/install/dobot_moveit:/home/michael/dobot_ws/install/dobot_demo:/opt/ros/humble /usr/bin/cmake /home/michael/dobot_ws/src/DOBOT_6Axis_ROS2_V4/dobot_msgs_v4 -DCMAKE_INSTALL_PREFIX=/home/michael/dobot_ws/src/install/dobot_msgs_v4
[1.969s] INFO:colcon.colcon_core.task.python.build:Building Python package in '/home/michael/dobot_ws/src/DOBOT_6Axis_ROS2_V4/dobot_demo'
[1.969s] INFO:colcon.colcon_core.shell:Skip shell extension 'powershell' for command environment: Not usable outside of PowerShell
[1.969s] DEBUG:colcon.colcon_core.shell:Skip shell extension 'dsv' for command environment
[2.369s] DEBUG:colcon.colcon_core.event_handler.log_command:Invoking command in '/home/michael/dobot_ws/src/DOBOT_6Axis_ROS2_V4/dobot_demo': PYTHONPATH=/home/michael/dobot_ws/src/build/dobot_demo/prefix_override:/usr/lib/python3/dist-packages/colcon_core/task/python/colcon_distutils_commands:/home/michael/dobot_ws/src/install/dobot_demo/lib/python3.10/site-packages:${PYTHONPATH} /usr/bin/python3 -W ignore:setup.py install is deprecated -W ignore:easy_install command is deprecated setup.py egg_info --egg-base ../../build/dobot_demo build --build-base /home/michael/dobot_ws/src/build/dobot_demo/build install --record /home/michael/dobot_ws/src/build/dobot_demo/install.log --single-version-externally-managed install_data
[2.525s] Level 1:colcon.colcon_core.environment:checking '/home/michael/dobot_ws/src/install/dobot_demo' for CMake module files
[2.526s] Level 1:colcon.colcon_core.environment:checking '/home/michael/dobot_ws/src/install/dobot_demo' for CMake config files
[2.525s] DEBUG:colcon.colcon_core.event_handler.log_command:Invoked command in '/home/michael/dobot_ws/src/DOBOT_6Axis_ROS2_V4/dobot_demo' returned '0': PYTHONPATH=/home/michael/dobot_ws/src/build/dobot_demo/prefix_override:/usr/lib/python3/dist-packages/colcon_core/task/python/colcon_distutils_commands:/home/michael/dobot_ws/src/install/dobot_demo/lib/python3.10/site-packages:${PYTHONPATH} /usr/bin/python3 -W ignore:setup.py install is deprecated -W ignore:easy_install command is deprecated setup.py egg_info --egg-base ../../build/dobot_demo build --build-base /home/michael/dobot_ws/src/build/dobot_demo/build install --record /home/michael/dobot_ws/src/build/dobot_demo/install.log --single-version-externally-managed install_data
[2.526s] Level 1:colcon.colcon_core.environment:checking '/home/michael/dobot_ws/src/install/dobot_demo/lib'
[2.526s] Level 1:colcon.colcon_core.environment:checking '/home/michael/dobot_ws/src/install/dobot_demo/bin'
[2.526s] Level 1:colcon.colcon_core.environment:checking '/home/michael/dobot_ws/src/install/dobot_demo/lib/pkgconfig/dobot_demo.pc'
[2.527s] Level 1:colcon.colcon_core.environment:checking '/home/michael/dobot_ws/src/install/dobot_demo/lib/python3.10/site-packages'
[2.527s] Level 1:colcon.colcon_core.shell:create_environment_hook('dobot_demo', 'pythonpath')
[2.528s] INFO:colcon.colcon_core.shell:Creating environment hook '/home/michael/dobot_ws/src/install/dobot_demo/share/dobot_demo/hook/pythonpath.ps1'
[2.529s] INFO:colcon.colcon_core.shell:Creating environment descriptor '/home/michael/dobot_ws/src/install/dobot_demo/share/dobot_demo/hook/pythonpath.dsv'
[2.529s] INFO:colcon.colcon_core.shell:Creating environment hook '/home/michael/dobot_ws/src/install/dobot_demo/share/dobot_demo/hook/pythonpath.sh'
[2.530s] Level 1:colcon.colcon_core.environment:checking '/home/michael/dobot_ws/src/install/dobot_demo/bin'
[2.530s] Level 1:colcon.colcon_core.environment:create_environment_scripts_only(dobot_demo)
[2.531s] INFO:colcon.colcon_core.shell:Creating package script '/home/michael/dobot_ws/src/install/dobot_demo/share/dobot_demo/package.ps1'
[2.531s] INFO:colcon.colcon_core.shell:Creating package descriptor '/home/michael/dobot_ws/src/install/dobot_demo/share/dobot_demo/package.dsv'
[2.532s] INFO:colcon.colcon_core.shell:Creating package script '/home/michael/dobot_ws/src/install/dobot_demo/share/dobot_demo/package.sh'
[2.532s] INFO:colcon.colcon_core.shell:Creating package script '/home/michael/dobot_ws/src/install/dobot_demo/share/dobot_demo/package.bash'
[2.532s] INFO:colcon.colcon_core.shell:Creating package script '/home/michael/dobot_ws/src/install/dobot_demo/share/dobot_demo/package.zsh'
[2.532s] Level 1:colcon.colcon_core.environment:create_file_with_runtime_dependencies(/home/michael/dobot_ws/src/install/dobot_demo/share/colcon-core/packages/dobot_demo)
[2.533s] INFO:colcon.colcon_ros.task.ament_python.build:Building ROS package in '/home/michael/dobot_ws/src/DOBOT_6Axis_ROS2_V4/dobot_moveit' with build type 'ament_python'
[2.533s] Level 1:colcon.colcon_core.shell:create_environment_hook('dobot_moveit', 'ament_prefix_path')
[2.533s] INFO:colcon.colcon_core.shell:Creating environment hook '/home/michael/dobot_ws/src/install/dobot_moveit/share/dobot_moveit/hook/ament_prefix_path.ps1'
[2.533s] INFO:colcon.colcon_core.shell:Creating environment descriptor '/home/michael/dobot_ws/src/install/dobot_moveit/share/dobot_moveit/hook/ament_prefix_path.dsv'
[2.533s] INFO:colcon.colcon_core.shell:Creating environment hook '/home/michael/dobot_ws/src/install/dobot_moveit/share/dobot_moveit/hook/ament_prefix_path.sh'
[2.533s] INFO:colcon.colcon_core.shell:Skip shell extension 'powershell' for command environment: Not usable outside of PowerShell
[2.533s] DEBUG:colcon.colcon_core.shell:Skip shell extension 'dsv' for command environment
[2.672s] INFO:colcon.colcon_core.task.python.build:Building Python package in '/home/michael/dobot_ws/src/DOBOT_6Axis_ROS2_V4/dobot_moveit'
[2.672s] INFO:colcon.colcon_core.shell:Skip shell extension 'powershell' for command environment: Not usable outside of PowerShell
[2.672s] DEBUG:colcon.colcon_core.shell:Skip shell extension 'dsv' for command environment
[2.909s] DEBUG:colcon.colcon_core.event_handler.log_command:Invoking command in '/home/michael/dobot_ws/src/DOBOT_6Axis_ROS2_V4/dobot_moveit': PYTHONPATH=/home/michael/dobot_ws/src/build/dobot_moveit/prefix_override:/usr/lib/python3/dist-packages/colcon_core/task/python/colcon_distutils_commands:/home/michael/dobot_ws/src/install/dobot_moveit/lib/python3.10/site-packages:${PYTHONPATH} /usr/bin/python3 -W ignore:setup.py install is deprecated -W ignore:easy_install command is deprecated setup.py egg_info --egg-base ../../build/dobot_moveit build --build-base /home/michael/dobot_ws/src/build/dobot_moveit/build install --record /home/michael/dobot_ws/src/build/dobot_moveit/install.log --single-version-externally-managed install_data
[3.133s] Level 1:colcon.colcon_core.environment:checking '/home/michael/dobot_ws/src/install/dobot_moveit' for CMake module files
[3.133s] Level 1:colcon.colcon_core.environment:checking '/home/michael/dobot_ws/src/install/dobot_moveit' for CMake config files
[3.133s] DEBUG:colcon.colcon_core.event_handler.log_command:Invoked command in '/home/michael/dobot_ws/src/DOBOT_6Axis_ROS2_V4/dobot_moveit' returned '0': PYTHONPATH=/home/michael/dobot_ws/src/build/dobot_moveit/prefix_override:/usr/lib/python3/dist-packages/colcon_core/task/python/colcon_distutils_commands:/home/michael/dobot_ws/src/install/dobot_moveit/lib/python3.10/site-packages:${PYTHONPATH} /usr/bin/python3 -W ignore:setup.py install is deprecated -W ignore:easy_install command is deprecated setup.py egg_info --egg-base ../../build/dobot_moveit build --build-base /home/michael/dobot_ws/src/build/dobot_moveit/build install --record /home/michael/dobot_ws/src/build/dobot_moveit/install.log --single-version-externally-managed install_data
[3.133s] Level 1:colcon.colcon_core.environment:checking '/home/michael/dobot_ws/src/install/dobot_moveit/lib'
[3.133s] Level 1:colcon.colcon_core.environment:checking '/home/michael/dobot_ws/src/install/dobot_moveit/bin'
[3.134s] Level 1:colcon.colcon_core.environment:checking '/home/michael/dobot_ws/src/install/dobot_moveit/lib/pkgconfig/dobot_moveit.pc'
[3.134s] Level 1:colcon.colcon_core.environment:checking '/home/michael/dobot_ws/src/install/dobot_moveit/lib/python3.10/site-packages'
[3.134s] Level 1:colcon.colcon_core.shell:create_environment_hook('dobot_moveit', 'pythonpath')
[3.134s] INFO:colcon.colcon_core.shell:Creating environment hook '/home/michael/dobot_ws/src/install/dobot_moveit/share/dobot_moveit/hook/pythonpath.ps1'
[3.134s] INFO:colcon.colcon_core.shell:Creating environment descriptor '/home/michael/dobot_ws/src/install/dobot_moveit/share/dobot_moveit/hook/pythonpath.dsv'
[3.134s] INFO:colcon.colcon_core.shell:Creating environment hook '/home/michael/dobot_ws/src/install/dobot_moveit/share/dobot_moveit/hook/pythonpath.sh'
[3.135s] Level 1:colcon.colcon_core.environment:checking '/home/michael/dobot_ws/src/install/dobot_moveit/bin'
[3.135s] Level 1:colcon.colcon_core.environment:create_environment_scripts_only(dobot_moveit)
[3.135s] INFO:colcon.colcon_core.shell:Creating package script '/home/michael/dobot_ws/src/install/dobot_moveit/share/dobot_moveit/package.ps1'
[3.135s] INFO:colcon.colcon_core.shell:Creating package descriptor '/home/michael/dobot_ws/src/install/dobot_moveit/share/dobot_moveit/package.dsv'
[3.135s] INFO:colcon.colcon_core.shell:Creating package script '/home/michael/dobot_ws/src/install/dobot_moveit/share/dobot_moveit/package.sh'
[3.135s] INFO:colcon.colcon_core.shell:Creating package script '/home/michael/dobot_ws/src/install/dobot_moveit/share/dobot_moveit/package.bash'
[3.136s] INFO:colcon.colcon_core.shell:Creating package script '/home/michael/dobot_ws/src/install/dobot_moveit/share/dobot_moveit/package.zsh'
[3.136s] Level 1:colcon.colcon_core.environment:create_file_with_runtime_dependencies(/home/michael/dobot_ws/src/install/dobot_moveit/share/colcon-core/packages/dobot_moveit)
[3.137s] INFO:colcon.colcon_ros.task.ament_python.build:Building ROS package in '/home/michael/dobot_ws/src/DOBOT_6Axis_ROS2_V4/servo_action' with build type 'ament_python'
[3.137s] Level 1:colcon.colcon_core.shell:create_environment_hook('servo_action', 'ament_prefix_path')
[3.137s] INFO:colcon.colcon_core.shell:Creating environment hook '/home/michael/dobot_ws/src/install/servo_action/share/servo_action/hook/ament_prefix_path.ps1'
[3.137s] INFO:colcon.colcon_core.shell:Creating environment descriptor '/home/michael/dobot_ws/src/install/servo_action/share/servo_action/hook/ament_prefix_path.dsv'
[3.137s] INFO:colcon.colcon_core.shell:Creating environment hook '/home/michael/dobot_ws/src/install/servo_action/share/servo_action/hook/ament_prefix_path.sh'
[3.138s] INFO:colcon.colcon_core.shell:Skip shell extension 'powershell' for command environment: Not usable outside of PowerShell
[3.138s] DEBUG:colcon.colcon_core.shell:Skip shell extension 'dsv' for command environment
[3.315s] INFO:colcon.colcon_core.task.python.build:Building Python package in '/home/michael/dobot_ws/src/DOBOT_6Axis_ROS2_V4/servo_action'
[3.316s] INFO:colcon.colcon_core.shell:Skip shell extension 'powershell' for command environment: Not usable outside of PowerShell
[3.316s] DEBUG:colcon.colcon_core.shell:Skip shell extension 'dsv' for command environment
[3.571s] DEBUG:colcon.colcon_core.event_handler.log_command:Invoking command in '/home/michael/dobot_ws/src/DOBOT_6Axis_ROS2_V4/servo_action': PYTHONPATH=/home/michael/dobot_ws/src/build/servo_action/prefix_override:/usr/lib/python3/dist-packages/colcon_core/task/python/colcon_distutils_commands:/home/michael/dobot_ws/src/install/servo_action/lib/python3.10/site-packages:${PYTHONPATH} /usr/bin/python3 -W ignore:setup.py install is deprecated -W ignore:easy_install command is deprecated setup.py egg_info --egg-base ../../build/servo_action build --build-base /home/michael/dobot_ws/src/build/servo_action/build install --record /home/michael/dobot_ws/src/build/servo_action/install.log --single-version-externally-managed install_data
[3.735s] Level 1:colcon.colcon_core.environment:checking '/home/michael/dobot_ws/src/install/servo_action' for CMake module files
[3.735s] Level 1:colcon.colcon_core.environment:checking '/home/michael/dobot_ws/src/install/servo_action' for CMake config files
[3.736s] Level 1:colcon.colcon_core.environment:checking '/home/michael/dobot_ws/src/install/servo_action/lib'
[3.735s] DEBUG:colcon.colcon_core.event_handler.log_command:Invoked command in '/home/michael/dobot_ws/src/DOBOT_6Axis_ROS2_V4/servo_action' returned '0': PYTHONPATH=/home/michael/dobot_ws/src/build/servo_action/prefix_override:/usr/lib/python3/dist-packages/colcon_core/task/python/colcon_distutils_commands:/home/michael/dobot_ws/src/install/servo_action/lib/python3.10/site-packages:${PYTHONPATH} /usr/bin/python3 -W ignore:setup.py install is deprecated -W ignore:easy_install command is deprecated setup.py egg_info --egg-base ../../build/servo_action build --build-base /home/michael/dobot_ws/src/build/servo_action/build install --record /home/michael/dobot_ws/src/build/servo_action/install.log --single-version-externally-managed install_data
[3.736s] Level 1:colcon.colcon_core.environment:checking '/home/michael/dobot_ws/src/install/servo_action/bin'
[3.736s] Level 1:colcon.colcon_core.environment:checking '/home/michael/dobot_ws/src/install/servo_action/lib/pkgconfig/servo_action.pc'
[3.736s] Level 1:colcon.colcon_core.environment:checking '/home/michael/dobot_ws/src/install/servo_action/lib/python3.10/site-packages'
[3.736s] Level 1:colcon.colcon_core.shell:create_environment_hook('servo_action', 'pythonpath')
[3.736s] INFO:colcon.colcon_core.shell:Creating environment hook '/home/michael/dobot_ws/src/install/servo_action/share/servo_action/hook/pythonpath.ps1'
[3.736s] INFO:colcon.colcon_core.shell:Creating environment descriptor '/home/michael/dobot_ws/src/install/servo_action/share/servo_action/hook/pythonpath.dsv'
[3.737s] INFO:colcon.colcon_core.shell:Creating environment hook '/home/michael/dobot_ws/src/install/servo_action/share/servo_action/hook/pythonpath.sh'
[3.737s] Level 1:colcon.colcon_core.environment:checking '/home/michael/dobot_ws/src/install/servo_action/bin'
[3.737s] Level 1:colcon.colcon_core.environment:create_environment_scripts_only(servo_action)
[3.737s] INFO:colcon.colcon_core.shell:Creating package script '/home/michael/dobot_ws/src/install/servo_action/share/servo_action/package.ps1'
[3.737s] INFO:colcon.colcon_core.shell:Creating package descriptor '/home/michael/dobot_ws/src/install/servo_action/share/servo_action/package.dsv'
[3.738s] INFO:colcon.colcon_core.shell:Creating package script '/home/michael/dobot_ws/src/install/servo_action/share/servo_action/package.sh'
[3.738s] INFO:colcon.colcon_core.shell:Creating package script '/home/michael/dobot_ws/src/install/servo_action/share/servo_action/package.bash'
[3.738s] INFO:colcon.colcon_core.shell:Creating package script '/home/michael/dobot_ws/src/install/servo_action/share/servo_action/package.zsh'
[3.738s] Level 1:colcon.colcon_core.environment:create_file_with_runtime_dependencies(/home/michael/dobot_ws/src/install/servo_action/share/colcon-core/packages/servo_action)
[3.738s] INFO:colcon.colcon_ros.task.ament_cmake.build:Building ROS package in '/home/michael/dobot_ws/src/DOBOT_6Axis_ROS2_V4/cr10_moveit' with build type 'ament_cmake'
[3.738s] INFO:colcon.colcon_cmake.task.cmake.build:Building CMake package in '/home/michael/dobot_ws/src/DOBOT_6Axis_ROS2_V4/cr10_moveit'
[3.738s] INFO:colcon.colcon_core.shell:Skip shell extension 'powershell' for command environment: Not usable outside of PowerShell
[3.738s] DEBUG:colcon.colcon_core.shell:Skip shell extension 'dsv' for command environment
[3.753s] DEBUG:colcon.colcon_core.event_handler.log_command:Invoking command in '/home/michael/dobot_ws/src/build/cr10_moveit': AMENT_PREFIX_PATH=/home/michael/dobot_ws/src/install/dobot_rviz:${AMENT_PREFIX_PATH} CMAKE_PREFIX_PATH=/home/michael/dobot_ws/src/install/dobot_rviz:/home/michael/dobot_ws/install/nova5_moveit:/home/michael/dobot_ws/install/nova2_moveit:/home/michael/dobot_ws/install/me6_moveit:/home/michael/dobot_ws/install/cr7_moveit:/home/michael/dobot_ws/install/cr5_moveit:/home/michael/dobot_ws/install/cr3_moveit:/home/michael/dobot_ws/install/cr30h_moveit:/home/michael/dobot_ws/install/cr20_moveit:/home/michael/dobot_ws/install/cr16_moveit:/home/michael/dobot_ws/install/cr12_moveit:/home/michael/dobot_ws/install/cr10af_moveit:/home/michael/dobot_ws/install/cr10_moveit:/home/michael/dobot_ws/install/dobot_rviz:/home/michael/dobot_ws/install/cr_robot_ros2:/home/michael/dobot_ws/install/dobot_msgs_v4:/home/michael/dobot_ws/install/dobot_gazebo:/home/michael/dobot_ws/install/cra_description:/home/michael/dobot_ws/install/servo_action:/home/michael/dobot_ws/install/dobot_moveit:/home/michael/dobot_ws/install/dobot_demo:/opt/ros/humble /usr/bin/cmake /home/michael/dobot_ws/src/DOBOT_6Axis_ROS2_V4/cr10_moveit -DCMAKE_INSTALL_PREFIX=/home/michael/dobot_ws/src/install/cr10_moveit
[4.225s] DEBUG:colcon.colcon_core.event_handler.log_command:Invoked command in '/home/michael/dobot_ws/src/build/cr10_moveit' returned '0': AMENT_PREFIX_PATH=/home/michael/dobot_ws/src/install/dobot_rviz:${AMENT_PREFIX_PATH} CMAKE_PREFIX_PATH=/home/michael/dobot_ws/src/install/dobot_rviz:/home/michael/dobot_ws/install/nova5_moveit:/home/michael/dobot_ws/install/nova2_moveit:/home/michael/dobot_ws/install/me6_moveit:/home/michael/dobot_ws/install/cr7_moveit:/home/michael/dobot_ws/install/cr5_moveit:/home/michael/dobot_ws/install/cr3_moveit:/home/michael/dobot_ws/install/cr30h_moveit:/home/michael/dobot_ws/install/cr20_moveit:/home/michael/dobot_ws/install/cr16_moveit:/home/michael/dobot_ws/install/cr12_moveit:/home/michael/dobot_ws/install/cr10af_moveit:/home/michael/dobot_ws/install/cr10_moveit:/home/michael/dobot_ws/install/dobot_rviz:/home/michael/dobot_ws/install/cr_robot_ros2:/home/michael/dobot_ws/install/dobot_msgs_v4:/home/michael/dobot_ws/install/dobot_gazebo:/home/michael/dobot_ws/install/cra_description:/home/michael/dobot_ws/install/servo_action:/home/michael/dobot_ws/install/dobot_moveit:/home/michael/dobot_ws/install/dobot_demo:/opt/ros/humble /usr/bin/cmake /home/michael/dobot_ws/src/DOBOT_6Axis_ROS2_V4/cr10_moveit -DCMAKE_INSTALL_PREFIX=/home/michael/dobot_ws/src/install/cr10_moveit
[4.226s] DEBUG:colcon.colcon_core.event_handler.log_command:Invoking command in '/home/michael/dobot_ws/src/build/cr10_moveit': AMENT_PREFIX_PATH=/home/michael/dobot_ws/src/install/dobot_rviz:${AMENT_PREFIX_PATH} CMAKE_PREFIX_PATH=/home/michael/dobot_ws/src/install/dobot_rviz:/home/michael/dobot_ws/install/nova5_moveit:/home/michael/dobot_ws/install/nova2_moveit:/home/michael/dobot_ws/install/me6_moveit:/home/michael/dobot_ws/install/cr7_moveit:/home/michael/dobot_ws/install/cr5_moveit:/home/michael/dobot_ws/install/cr3_moveit:/home/michael/dobot_ws/install/cr30h_moveit:/home/michael/dobot_ws/install/cr20_moveit:/home/michael/dobot_ws/install/cr16_moveit:/home/michael/dobot_ws/install/cr12_moveit:/home/michael/dobot_ws/install/cr10af_moveit:/home/michael/dobot_ws/install/cr10_moveit:/home/michael/dobot_ws/install/dobot_rviz:/home/michael/dobot_ws/install/cr_robot_ros2:/home/michael/dobot_ws/install/dobot_msgs_v4:/home/michael/dobot_ws/install/dobot_gazebo:/home/michael/dobot_ws/install/cra_description:/home/michael/dobot_ws/install/servo_action:/home/michael/dobot_ws/install/dobot_moveit:/home/michael/dobot_ws/install/dobot_demo:/opt/ros/humble /usr/bin/cmake --build /home/michael/dobot_ws/src/build/cr10_moveit -- -j2 -l2
[4.257s] DEBUG:colcon.colcon_core.event_handler.log_command:Invoked command in '/home/michael/dobot_ws/src/build/cr10_moveit' returned '0': AMENT_PREFIX_PATH=/home/michael/dobot_ws/src/install/dobot_rviz:${AMENT_PREFIX_PATH} CMAKE_PREFIX_PATH=/home/michael/dobot_ws/src/install/dobot_rviz:/home/michael/dobot_ws/install/nova5_moveit:/home/michael/dobot_ws/install/nova2_moveit:/home/michael/dobot_ws/install/me6_moveit:/home/michael/dobot_ws/install/cr7_moveit:/home/michael/dobot_ws/install/cr5_moveit:/home/michael/dobot_ws/install/cr3_moveit:/home/michael/dobot_ws/install/cr30h_moveit:/home/michael/dobot_ws/install/cr20_moveit:/home/michael/dobot_ws/install/cr16_moveit:/home/michael/dobot_ws/install/cr12_moveit:/home/michael/dobot_ws/install/cr10af_moveit:/home/michael/dobot_ws/install/cr10_moveit:/home/michael/dobot_ws/install/dobot_rviz:/home/michael/dobot_ws/install/cr_robot_ros2:/home/michael/dobot_ws/install/dobot_msgs_v4:/home/michael/dobot_ws/install/dobot_gazebo:/home/michael/dobot_ws/install/cra_description:/home/michael/dobot_ws/install/servo_action:/home/michael/dobot_ws/install/dobot_moveit:/home/michael/dobot_ws/install/dobot_demo:/opt/ros/humble /usr/bin/cmake --build /home/michael/dobot_ws/src/build/cr10_moveit -- -j2 -l2
[4.258s] DEBUG:colcon.colcon_core.event_handler.log_command:Invoking command in '/home/michael/dobot_ws/src/build/cr10_moveit': AMENT_PREFIX_PATH=/home/michael/dobot_ws/src/install/dobot_rviz:${AMENT_PREFIX_PATH} CMAKE_PREFIX_PATH=/home/michael/dobot_ws/src/install/dobot_rviz:/home/michael/dobot_ws/install/nova5_moveit:/home/michael/dobot_ws/install/nova2_moveit:/home/michael/dobot_ws/install/me6_moveit:/home/michael/dobot_ws/install/cr7_moveit:/home/michael/dobot_ws/install/cr5_moveit:/home/michael/dobot_ws/install/cr3_moveit:/home/michael/dobot_ws/install/cr30h_moveit:/home/michael/dobot_ws/install/cr20_moveit:/home/michael/dobot_ws/install/cr16_moveit:/home/michael/dobot_ws/install/cr12_moveit:/home/michael/dobot_ws/install/cr10af_moveit:/home/michael/dobot_ws/install/cr10_moveit:/home/michael/dobot_ws/install/dobot_rviz:/home/michael/dobot_ws/install/cr_robot_ros2:/home/michael/dobot_ws/install/dobot_msgs_v4:/home/michael/dobot_ws/install/dobot_gazebo:/home/michael/dobot_ws/install/cra_description:/home/michael/dobot_ws/install/servo_action:/home/michael/dobot_ws/install/dobot_moveit:/home/michael/dobot_ws/install/dobot_demo:/opt/ros/humble /usr/bin/cmake --install /home/michael/dobot_ws/src/build/cr10_moveit
[4.278s] Level 1:colcon.colcon_core.environment:create_environment_scripts_only(cr10_moveit)
[4.278s] Level 1:colcon.colcon_core.environment:checking '/home/michael/dobot_ws/src/install/cr10_moveit' for CMake module files
[4.279s] DEBUG:colcon.colcon_core.event_handler.log_command:Invoked command in '/home/michael/dobot_ws/src/build/cr10_moveit' returned '0': AMENT_PREFIX_PATH=/home/michael/dobot_ws/src/install/dobot_rviz:${AMENT_PREFIX_PATH} CMAKE_PREFIX_PATH=/home/michael/dobot_ws/src/install/dobot_rviz:/home/michael/dobot_ws/install/nova5_moveit:/home/michael/dobot_ws/install/nova2_moveit:/home/michael/dobot_ws/install/me6_moveit:/home/michael/dobot_ws/install/cr7_moveit:/home/michael/dobot_ws/install/cr5_moveit:/home/michael/dobot_ws/install/cr3_moveit:/home/michael/dobot_ws/install/cr30h_moveit:/home/michael/dobot_ws/install/cr20_moveit:/home/michael/dobot_ws/install/cr16_moveit:/home/michael/dobot_ws/install/cr12_moveit:/home/michael/dobot_ws/install/cr10af_moveit:/home/michael/dobot_ws/install/cr10_moveit:/home/michael/dobot_ws/install/dobot_rviz:/home/michael/dobot_ws/install/cr_robot_ros2:/home/michael/dobot_ws/install/dobot_msgs_v4:/home/michael/dobot_ws/install/dobot_gazebo:/home/michael/dobot_ws/install/cra_description:/home/michael/dobot_ws/install/servo_action:/home/michael/dobot_ws/install/dobot_moveit:/home/michael/dobot_ws/install/dobot_demo:/opt/ros/humble /usr/bin/cmake --install /home/michael/dobot_ws/src/build/cr10_moveit
[4.280s] Level 1:colcon.colcon_core.environment:checking '/home/michael/dobot_ws/src/install/cr10_moveit' for CMake config files
[4.280s] Level 1:colcon.colcon_core.shell:create_environment_hook('cr10_moveit', 'cmake_prefix_path')
[4.280s] INFO:colcon.colcon_core.shell:Creating environment hook '/home/michael/dobot_ws/src/install/cr10_moveit/share/cr10_moveit/hook/cmake_prefix_path.ps1'
[4.281s] INFO:colcon.colcon_core.shell:Creating environment descriptor '/home/michael/dobot_ws/src/install/cr10_moveit/share/cr10_moveit/hook/cmake_prefix_path.dsv'
[4.281s] INFO:colcon.colcon_core.shell:Creating environment hook '/home/michael/dobot_ws/src/install/cr10_moveit/share/cr10_moveit/hook/cmake_prefix_path.sh'
[4.281s] Level 1:colcon.colcon_core.environment:checking '/home/michael/dobot_ws/src/install/cr10_moveit/bin'
[4.281s] Level 1:colcon.colcon_core.environment:checking '/home/michael/dobot_ws/src/install/cr10_moveit/lib/pkgconfig/cr10_moveit.pc'
[4.281s] Level 1:colcon.colcon_core.environment:checking '/home/michael/dobot_ws/src/install/cr10_moveit/lib/python3.10/site-packages'
[4.282s] Level 1:colcon.colcon_core.environment:checking '/home/michael/dobot_ws/src/install/cr10_moveit/bin'
[4.282s] INFO:colcon.colcon_core.shell:Creating package script '/home/michael/dobot_ws/src/install/cr10_moveit/share/cr10_moveit/package.ps1'
[4.282s] INFO:colcon.colcon_core.shell:Creating package descriptor '/home/michael/dobot_ws/src/install/cr10_moveit/share/cr10_moveit/package.dsv'
[4.283s] INFO:colcon.colcon_core.shell:Creating package script '/home/michael/dobot_ws/src/install/cr10_moveit/share/cr10_moveit/package.sh'
[4.283s] INFO:colcon.colcon_core.shell:Creating package script '/home/michael/dobot_ws/src/install/cr10_moveit/share/cr10_moveit/package.bash'
[4.283s] INFO:colcon.colcon_core.shell:Creating package script '/home/michael/dobot_ws/src/install/cr10_moveit/share/cr10_moveit/package.zsh'
[4.284s] Level 1:colcon.colcon_core.environment:create_file_with_runtime_dependencies(/home/michael/dobot_ws/src/install/cr10_moveit/share/colcon-core/packages/cr10_moveit)
[4.284s] Level 1:colcon.colcon_core.environment:create_environment_scripts_only(cr10_moveit)
[4.284s] Level 1:colcon.colcon_core.environment:checking '/home/michael/dobot_ws/src/install/cr10_moveit' for CMake module files
[4.284s] Level 1:colcon.colcon_core.environment:checking '/home/michael/dobot_ws/src/install/cr10_moveit' for CMake config files
[4.284s] Level 1:colcon.colcon_core.shell:create_environment_hook('cr10_moveit', 'cmake_prefix_path')
[4.284s] INFO:colcon.colcon_core.shell:Creating environment hook '/home/michael/dobot_ws/src/install/cr10_moveit/share/cr10_moveit/hook/cmake_prefix_path.ps1'
[4.285s] INFO:colcon.colcon_core.shell:Creating environment descriptor '/home/michael/dobot_ws/src/install/cr10_moveit/share/cr10_moveit/hook/cmake_prefix_path.dsv'
[4.286s] INFO:colcon.colcon_core.shell:Creating environment hook '/home/michael/dobot_ws/src/install/cr10_moveit/share/cr10_moveit/hook/cmake_prefix_path.sh'
[4.287s] Level 1:colcon.colcon_core.environment:checking '/home/michael/dobot_ws/src/install/cr10_moveit/bin'
[4.287s] Level 1:colcon.colcon_core.environment:checking '/home/michael/dobot_ws/src/install/cr10_moveit/lib/pkgconfig/cr10_moveit.pc'
[4.287s] Level 1:colcon.colcon_core.environment:checking '/home/michael/dobot_ws/src/install/cr10_moveit/lib/python3.10/site-packages'
[4.287s] Level 1:colcon.colcon_core.environment:checking '/home/michael/dobot_ws/src/install/cr10_moveit/bin'
[4.288s] INFO:colcon.colcon_core.shell:Creating package script '/home/michael/dobot_ws/src/install/cr10_moveit/share/cr10_moveit/package.ps1'
[4.288s] INFO:colcon.colcon_core.shell:Creating package descriptor '/home/michael/dobot_ws/src/install/cr10_moveit/share/cr10_moveit/package.dsv'
[4.289s] INFO:colcon.colcon_core.shell:Creating package script '/home/michael/dobot_ws/src/install/cr10_moveit/share/cr10_moveit/package.sh'
[4.289s] INFO:colcon.colcon_core.shell:Creating package script '/home/michael/dobot_ws/src/install/cr10_moveit/share/cr10_moveit/package.bash'
[4.290s] INFO:colcon.colcon_core.shell:Creating package script '/home/michael/dobot_ws/src/install/cr10_moveit/share/cr10_moveit/package.zsh'
[4.290s] Level 1:colcon.colcon_core.environment:create_file_with_runtime_dependencies(/home/michael/dobot_ws/src/install/cr10_moveit/share/colcon-core/packages/cr10_moveit)
[4.291s] INFO:colcon.colcon_ros.task.ament_cmake.build:Building ROS package in '/home/michael/dobot_ws/src/DOBOT_6Axis_ROS2_V4/cr10af_moveit' with build type 'ament_cmake'
[4.291s] INFO:colcon.colcon_cmake.task.cmake.build:Building CMake package in '/home/michael/dobot_ws/src/DOBOT_6Axis_ROS2_V4/cr10af_moveit'
[4.291s] INFO:colcon.colcon_core.shell:Skip shell extension 'powershell' for command environment: Not usable outside of PowerShell
[4.292s] DEBUG:colcon.colcon_core.shell:Skip shell extension 'dsv' for command environment
[4.297s] DEBUG:colcon.colcon_core.event_handler.log_command:Invoking command in '/home/michael/dobot_ws/src/build/cr10af_moveit': AMENT_PREFIX_PATH=/home/michael/dobot_ws/src/install/dobot_rviz:${AMENT_PREFIX_PATH} CMAKE_PREFIX_PATH=/home/michael/dobot_ws/src/install/dobot_rviz:/home/michael/dobot_ws/install/nova5_moveit:/home/michael/dobot_ws/install/nova2_moveit:/home/michael/dobot_ws/install/me6_moveit:/home/michael/dobot_ws/install/cr7_moveit:/home/michael/dobot_ws/install/cr5_moveit:/home/michael/dobot_ws/install/cr3_moveit:/home/michael/dobot_ws/install/cr30h_moveit:/home/michael/dobot_ws/install/cr20_moveit:/home/michael/dobot_ws/install/cr16_moveit:/home/michael/dobot_ws/install/cr12_moveit:/home/michael/dobot_ws/install/cr10af_moveit:/home/michael/dobot_ws/install/cr10_moveit:/home/michael/dobot_ws/install/dobot_rviz:/home/michael/dobot_ws/install/cr_robot_ros2:/home/michael/dobot_ws/install/dobot_msgs_v4:/home/michael/dobot_ws/install/dobot_gazebo:/home/michael/dobot_ws/install/cra_description:/home/michael/dobot_ws/install/servo_action:/home/michael/dobot_ws/install/dobot_moveit:/home/michael/dobot_ws/install/dobot_demo:/opt/ros/humble /usr/bin/cmake /home/michael/dobot_ws/src/DOBOT_6Axis_ROS2_V4/cr10af_moveit -DCMAKE_INSTALL_PREFIX=/home/michael/dobot_ws/src/install/cr10af_moveit
[4.592s] DEBUG:colcon.colcon_core.event_handler.log_command:Invoked command in '/home/michael/dobot_ws/src/build/dobot_msgs_v4' returned '0': CMAKE_PREFIX_PATH=${CMAKE_PREFIX_PATH}:/home/michael/dobot_ws/install/servo_action:/home/michael/dobot_ws/install/dobot_moveit:/home/michael/dobot_ws/install/dobot_demo:/opt/ros/humble /usr/bin/cmake /home/michael/dobot_ws/src/DOBOT_6Axis_ROS2_V4/dobot_msgs_v4 -DCMAKE_INSTALL_PREFIX=/home/michael/dobot_ws/src/install/dobot_msgs_v4
[4.592s] DEBUG:colcon.colcon_core.event_handler.log_command:Invoking command in '/home/michael/dobot_ws/src/build/dobot_msgs_v4': CMAKE_PREFIX_PATH=${CMAKE_PREFIX_PATH}:/home/michael/dobot_ws/install/servo_action:/home/michael/dobot_ws/install/dobot_moveit:/home/michael/dobot_ws/install/dobot_demo:/opt/ros/humble /usr/bin/cmake --build /home/michael/dobot_ws/src/build/dobot_msgs_v4 -- -j2 -l2
[4.712s] DEBUG:colcon.colcon_core.event_handler.log_command:Invoked command in '/home/michael/dobot_ws/src/build/cr10af_moveit' returned '0': AMENT_PREFIX_PATH=/home/michael/dobot_ws/src/install/dobot_rviz:${AMENT_PREFIX_PATH} CMAKE_PREFIX_PATH=/home/michael/dobot_ws/src/install/dobot_rviz:/home/michael/dobot_ws/install/nova5_moveit:/home/michael/dobot_ws/install/nova2_moveit:/home/michael/dobot_ws/install/me6_moveit:/home/michael/dobot_ws/install/cr7_moveit:/home/michael/dobot_ws/install/cr5_moveit:/home/michael/dobot_ws/install/cr3_moveit:/home/michael/dobot_ws/install/cr30h_moveit:/home/michael/dobot_ws/install/cr20_moveit:/home/michael/dobot_ws/install/cr16_moveit:/home/michael/dobot_ws/install/cr12_moveit:/home/michael/dobot_ws/install/cr10af_moveit:/home/michael/dobot_ws/install/cr10_moveit:/home/michael/dobot_ws/install/dobot_rviz:/home/michael/dobot_ws/install/cr_robot_ros2:/home/michael/dobot_ws/install/dobot_msgs_v4:/home/michael/dobot_ws/install/dobot_gazebo:/home/michael/dobot_ws/install/cra_description:/home/michael/dobot_ws/install/servo_action:/home/michael/dobot_ws/install/dobot_moveit:/home/michael/dobot_ws/install/dobot_demo:/opt/ros/humble /usr/bin/cmake /home/michael/dobot_ws/src/DOBOT_6Axis_ROS2_V4/cr10af_moveit -DCMAKE_INSTALL_PREFIX=/home/michael/dobot_ws/src/install/cr10af_moveit
[4.713s] DEBUG:colcon.colcon_core.event_handler.log_command:Invoking command in '/home/michael/dobot_ws/src/build/cr10af_moveit': AMENT_PREFIX_PATH=/home/michael/dobot_ws/src/install/dobot_rviz:${AMENT_PREFIX_PATH} CMAKE_PREFIX_PATH=/home/michael/dobot_ws/src/install/dobot_rviz:/home/michael/dobot_ws/install/nova5_moveit:/home/michael/dobot_ws/install/nova2_moveit:/home/michael/dobot_ws/install/me6_moveit:/home/michael/dobot_ws/install/cr7_moveit:/home/michael/dobot_ws/install/cr5_moveit:/home/michael/dobot_ws/install/cr3_moveit:/home/michael/dobot_ws/install/cr30h_moveit:/home/michael/dobot_ws/install/cr20_moveit:/home/michael/dobot_ws/install/cr16_moveit:/home/michael/dobot_ws/install/cr12_moveit:/home/michael/dobot_ws/install/cr10af_moveit:/home/michael/dobot_ws/install/cr10_moveit:/home/michael/dobot_ws/install/dobot_rviz:/home/michael/dobot_ws/install/cr_robot_ros2:/home/michael/dobot_ws/install/dobot_msgs_v4:/home/michael/dobot_ws/install/dobot_gazebo:/home/michael/dobot_ws/install/cra_description:/home/michael/dobot_ws/install/servo_action:/home/michael/dobot_ws/install/dobot_moveit:/home/michael/dobot_ws/install/dobot_demo:/opt/ros/humble /usr/bin/cmake --build /home/michael/dobot_ws/src/build/cr10af_moveit -- -j2 -l2
[4.757s] DEBUG:colcon.colcon_core.event_handler.log_command:Invoked command in '/home/michael/dobot_ws/src/build/cr10af_moveit' returned '0': AMENT_PREFIX_PATH=/home/michael/dobot_ws/src/install/dobot_rviz:${AMENT_PREFIX_PATH} CMAKE_PREFIX_PATH=/home/michael/dobot_ws/src/install/dobot_rviz:/home/michael/dobot_ws/install/nova5_moveit:/home/michael/dobot_ws/install/nova2_moveit:/home/michael/dobot_ws/install/me6_moveit:/home/michael/dobot_ws/install/cr7_moveit:/home/michael/dobot_ws/install/cr5_moveit:/home/michael/dobot_ws/install/cr3_moveit:/home/michael/dobot_ws/install/cr30h_moveit:/home/michael/dobot_ws/install/cr20_moveit:/home/michael/dobot_ws/install/cr16_moveit:/home/michael/dobot_ws/install/cr12_moveit:/home/michael/dobot_ws/install/cr10af_moveit:/home/michael/dobot_ws/install/cr10_moveit:/home/michael/dobot_ws/install/dobot_rviz:/home/michael/dobot_ws/install/cr_robot_ros2:/home/michael/dobot_ws/install/dobot_msgs_v4:/home/michael/dobot_ws/install/dobot_gazebo:/home/michael/dobot_ws/install/cra_description:/home/michael/dobot_ws/install/servo_action:/home/michael/dobot_ws/install/dobot_moveit:/home/michael/dobot_ws/install/dobot_demo:/opt/ros/humble /usr/bin/cmake --build /home/michael/dobot_ws/src/build/cr10af_moveit -- -j2 -l2
[4.758s] DEBUG:colcon.colcon_core.event_handler.log_command:Invoking command in '/home/michael/dobot_ws/src/build/cr10af_moveit': AMENT_PREFIX_PATH=/home/michael/dobot_ws/src/install/dobot_rviz:${AMENT_PREFIX_PATH} CMAKE_PREFIX_PATH=/home/michael/dobot_ws/src/install/dobot_rviz:/home/michael/dobot_ws/install/nova5_moveit:/home/michael/dobot_ws/install/nova2_moveit:/home/michael/dobot_ws/install/me6_moveit:/home/michael/dobot_ws/install/cr7_moveit:/home/michael/dobot_ws/install/cr5_moveit:/home/michael/dobot_ws/install/cr3_moveit:/home/michael/dobot_ws/install/cr30h_moveit:/home/michael/dobot_ws/install/cr20_moveit:/home/michael/dobot_ws/install/cr16_moveit:/home/michael/dobot_ws/install/cr12_moveit:/home/michael/dobot_ws/install/cr10af_moveit:/home/michael/dobot_ws/install/cr10_moveit:/home/michael/dobot_ws/install/dobot_rviz:/home/michael/dobot_ws/install/cr_robot_ros2:/home/michael/dobot_ws/install/dobot_msgs_v4:/home/michael/dobot_ws/install/dobot_gazebo:/home/michael/dobot_ws/install/cra_description:/home/michael/dobot_ws/install/servo_action:/home/michael/dobot_ws/install/dobot_moveit:/home/michael/dobot_ws/install/dobot_demo:/opt/ros/humble /usr/bin/cmake --install /home/michael/dobot_ws/src/build/cr10af_moveit
[4.793s] Level 1:colcon.colcon_core.environment:create_environment_scripts_only(cr10af_moveit)
[4.793s] DEBUG:colcon.colcon_core.event_handler.log_command:Invoked command in '/home/michael/dobot_ws/src/build/cr10af_moveit' returned '0': AMENT_PREFIX_PATH=/home/michael/dobot_ws/src/install/dobot_rviz:${AMENT_PREFIX_PATH} CMAKE_PREFIX_PATH=/home/michael/dobot_ws/src/install/dobot_rviz:/home/michael/dobot_ws/install/nova5_moveit:/home/michael/dobot_ws/install/nova2_moveit:/home/michael/dobot_ws/install/me6_moveit:/home/michael/dobot_ws/install/cr7_moveit:/home/michael/dobot_ws/install/cr5_moveit:/home/michael/dobot_ws/install/cr3_moveit:/home/michael/dobot_ws/install/cr30h_moveit:/home/michael/dobot_ws/install/cr20_moveit:/home/michael/dobot_ws/install/cr16_moveit:/home/michael/dobot_ws/install/cr12_moveit:/home/michael/dobot_ws/install/cr10af_moveit:/home/michael/dobot_ws/install/cr10_moveit:/home/michael/dobot_ws/install/dobot_rviz:/home/michael/dobot_ws/install/cr_robot_ros2:/home/michael/dobot_ws/install/dobot_msgs_v4:/home/michael/dobot_ws/install/dobot_gazebo:/home/michael/dobot_ws/install/cra_description:/home/michael/dobot_ws/install/servo_action:/home/michael/dobot_ws/install/dobot_moveit:/home/michael/dobot_ws/install/dobot_demo:/opt/ros/humble /usr/bin/cmake --install /home/michael/dobot_ws/src/build/cr10af_moveit
[4.794s] Level 1:colcon.colcon_core.environment:checking '/home/michael/dobot_ws/src/install/cr10af_moveit' for CMake module files
[4.794s] Level 1:colcon.colcon_core.environment:checking '/home/michael/dobot_ws/src/install/cr10af_moveit' for CMake config files
[4.795s] Level 1:colcon.colcon_core.shell:create_environment_hook('cr10af_moveit', 'cmake_prefix_path')
[4.795s] INFO:colcon.colcon_core.shell:Creating environment hook '/home/michael/dobot_ws/src/install/cr10af_moveit/share/cr10af_moveit/hook/cmake_prefix_path.ps1'
[4.795s] INFO:colcon.colcon_core.shell:Creating environment descriptor '/home/michael/dobot_ws/src/install/cr10af_moveit/share/cr10af_moveit/hook/cmake_prefix_path.dsv'
[4.796s] INFO:colcon.colcon_core.shell:Creating environment hook '/home/michael/dobot_ws/src/install/cr10af_moveit/share/cr10af_moveit/hook/cmake_prefix_path.sh'
[4.796s] Level 1:colcon.colcon_core.environment:checking '/home/michael/dobot_ws/src/install/cr10af_moveit/bin'
[4.796s] Level 1:colcon.colcon_core.environment:checking '/home/michael/dobot_ws/src/install/cr10af_moveit/lib/pkgconfig/cr10af_moveit.pc'
[4.797s] Level 1:colcon.colcon_core.environment:checking '/home/michael/dobot_ws/src/install/cr10af_moveit/lib/python3.10/site-packages'
[4.797s] Level 1:colcon.colcon_core.environment:checking '/home/michael/dobot_ws/src/install/cr10af_moveit/bin'
[4.797s] INFO:colcon.colcon_core.shell:Creating package script '/home/michael/dobot_ws/src/install/cr10af_moveit/share/cr10af_moveit/package.ps1'
[4.800s] INFO:colcon.colcon_core.shell:Creating package descriptor '/home/michael/dobot_ws/src/install/cr10af_moveit/share/cr10af_moveit/package.dsv'
[4.801s] INFO:colcon.colcon_core.shell:Creating package script '/home/michael/dobot_ws/src/install/cr10af_moveit/share/cr10af_moveit/package.sh'
[4.801s] INFO:colcon.colcon_core.shell:Creating package script '/home/michael/dobot_ws/src/install/cr10af_moveit/share/cr10af_moveit/package.bash'
[4.801s] INFO:colcon.colcon_core.shell:Creating package script '/home/michael/dobot_ws/src/install/cr10af_moveit/share/cr10af_moveit/package.zsh'
[4.802s] Level 1:colcon.colcon_core.environment:create_file_with_runtime_dependencies(/home/michael/dobot_ws/src/install/cr10af_moveit/share/colcon-core/packages/cr10af_moveit)
[4.802s] Level 1:colcon.colcon_core.environment:create_environment_scripts_only(cr10af_moveit)
[4.802s] Level 1:colcon.colcon_core.environment:checking '/home/michael/dobot_ws/src/install/cr10af_moveit' for CMake module files
[4.807s] Level 1:colcon.colcon_core.environment:checking '/home/michael/dobot_ws/src/install/cr10af_moveit' for CMake config files
[4.807s] Level 1:colcon.colcon_core.shell:create_environment_hook('cr10af_moveit', 'cmake_prefix_path')
[4.809s] INFO:colcon.colcon_core.shell:Creating environment hook '/home/michael/dobot_ws/src/install/cr10af_moveit/share/cr10af_moveit/hook/cmake_prefix_path.ps1'
[4.816s] INFO:colcon.colcon_core.shell:Creating environment descriptor '/home/michael/dobot_ws/src/install/cr10af_moveit/share/cr10af_moveit/hook/cmake_prefix_path.dsv'
[4.818s] INFO:colcon.colcon_core.shell:Creating environment hook '/home/michael/dobot_ws/src/install/cr10af_moveit/share/cr10af_moveit/hook/cmake_prefix_path.sh'
[4.820s] Level 1:colcon.colcon_core.environment:checking '/home/michael/dobot_ws/src/install/cr10af_moveit/bin'
[4.820s] Level 1:colcon.colcon_core.environment:checking '/home/michael/dobot_ws/src/install/cr10af_moveit/lib/pkgconfig/cr10af_moveit.pc'
[4.821s] Level 1:colcon.colcon_core.environment:checking '/home/michael/dobot_ws/src/install/cr10af_moveit/lib/python3.10/site-packages'
[4.821s] Level 1:colcon.colcon_core.environment:checking '/home/michael/dobot_ws/src/install/cr10af_moveit/bin'
[4.821s] INFO:colcon.colcon_core.shell:Creating package script '/home/michael/dobot_ws/src/install/cr10af_moveit/share/cr10af_moveit/package.ps1'
[4.824s] INFO:colcon.colcon_core.shell:Creating package descriptor '/home/michael/dobot_ws/src/install/cr10af_moveit/share/cr10af_moveit/package.dsv'
[4.825s] INFO:colcon.colcon_core.shell:Creating package script '/home/michael/dobot_ws/src/install/cr10af_moveit/share/cr10af_moveit/package.sh'
[4.828s] INFO:colcon.colcon_core.shell:Creating package script '/home/michael/dobot_ws/src/install/cr10af_moveit/share/cr10af_moveit/package.bash'
[4.829s] INFO:colcon.colcon_core.shell:Creating package script '/home/michael/dobot_ws/src/install/cr10af_moveit/share/cr10af_moveit/package.zsh'
[4.830s] Level 1:colcon.colcon_core.environment:create_file_with_runtime_dependencies(/home/michael/dobot_ws/src/install/cr10af_moveit/share/colcon-core/packages/cr10af_moveit)
[4.832s] INFO:colcon.colcon_ros.task.ament_cmake.build:Building ROS package in '/home/michael/dobot_ws/src/DOBOT_6Axis_ROS2_V4/cr12_moveit' with build type 'ament_cmake'
[4.832s] INFO:colcon.colcon_cmake.task.cmake.build:Building CMake package in '/home/michael/dobot_ws/src/DOBOT_6Axis_ROS2_V4/cr12_moveit'
[4.833s] INFO:colcon.colcon_core.shell:Skip shell extension 'powershell' for command environment: Not usable outside of PowerShell
[4.833s] DEBUG:colcon.colcon_core.shell:Skip shell extension 'dsv' for command environment
[4.852s] DEBUG:colcon.colcon_core.event_handler.log_command:Invoking command in '/home/michael/dobot_ws/src/build/cr12_moveit': AMENT_PREFIX_PATH=/home/michael/dobot_ws/src/install/dobot_rviz:${AMENT_PREFIX_PATH} CMAKE_PREFIX_PATH=/home/michael/dobot_ws/src/install/dobot_rviz:/home/michael/dobot_ws/install/nova5_moveit:/home/michael/dobot_ws/install/nova2_moveit:/home/michael/dobot_ws/install/me6_moveit:/home/michael/dobot_ws/install/cr7_moveit:/home/michael/dobot_ws/install/cr5_moveit:/home/michael/dobot_ws/install/cr3_moveit:/home/michael/dobot_ws/install/cr30h_moveit:/home/michael/dobot_ws/install/cr20_moveit:/home/michael/dobot_ws/install/cr16_moveit:/home/michael/dobot_ws/install/cr12_moveit:/home/michael/dobot_ws/install/cr10af_moveit:/home/michael/dobot_ws/install/cr10_moveit:/home/michael/dobot_ws/install/dobot_rviz:/home/michael/dobot_ws/install/cr_robot_ros2:/home/michael/dobot_ws/install/dobot_msgs_v4:/home/michael/dobot_ws/install/dobot_gazebo:/home/michael/dobot_ws/install/cra_description:/home/michael/dobot_ws/install/servo_action:/home/michael/dobot_ws/install/dobot_moveit:/home/michael/dobot_ws/install/dobot_demo:/opt/ros/humble /usr/bin/cmake /home/michael/dobot_ws/src/DOBOT_6Axis_ROS2_V4/cr12_moveit -DCMAKE_INSTALL_PREFIX=/home/michael/dobot_ws/src/install/cr12_moveit
[5.918s] DEBUG:colcon.colcon_core.event_handler.log_command:Invoked command in '/home/michael/dobot_ws/src/build/cr12_moveit' returned '0': AMENT_PREFIX_PATH=/home/michael/dobot_ws/src/install/dobot_rviz:${AMENT_PREFIX_PATH} CMAKE_PREFIX_PATH=/home/michael/dobot_ws/src/install/dobot_rviz:/home/michael/dobot_ws/install/nova5_moveit:/home/michael/dobot_ws/install/nova2_moveit:/home/michael/dobot_ws/install/me6_moveit:/home/michael/dobot_ws/install/cr7_moveit:/home/michael/dobot_ws/install/cr5_moveit:/home/michael/dobot_ws/install/cr3_moveit:/home/michael/dobot_ws/install/cr30h_moveit:/home/michael/dobot_ws/install/cr20_moveit:/home/michael/dobot_ws/install/cr16_moveit:/home/michael/dobot_ws/install/cr12_moveit:/home/michael/dobot_ws/install/cr10af_moveit:/home/michael/dobot_ws/install/cr10_moveit:/home/michael/dobot_ws/install/dobot_rviz:/home/michael/dobot_ws/install/cr_robot_ros2:/home/michael/dobot_ws/install/dobot_msgs_v4:/home/michael/dobot_ws/install/dobot_gazebo:/home/michael/dobot_ws/install/cra_description:/home/michael/dobot_ws/install/servo_action:/home/michael/dobot_ws/install/dobot_moveit:/home/michael/dobot_ws/install/dobot_demo:/opt/ros/humble /usr/bin/cmake /home/michael/dobot_ws/src/DOBOT_6Axis_ROS2_V4/cr12_moveit -DCMAKE_INSTALL_PREFIX=/home/michael/dobot_ws/src/install/cr12_moveit
[5.919s] DEBUG:colcon.colcon_core.event_handler.log_command:Invoking command in '/home/michael/dobot_ws/src/build/cr12_moveit': AMENT_PREFIX_PATH=/home/michael/dobot_ws/src/install/dobot_rviz:${AMENT_PREFIX_PATH} CMAKE_PREFIX_PATH=/home/michael/dobot_ws/src/install/dobot_rviz:/home/michael/dobot_ws/install/nova5_moveit:/home/michael/dobot_ws/install/nova2_moveit:/home/michael/dobot_ws/install/me6_moveit:/home/michael/dobot_ws/install/cr7_moveit:/home/michael/dobot_ws/install/cr5_moveit:/home/michael/dobot_ws/install/cr3_moveit:/home/michael/dobot_ws/install/cr30h_moveit:/home/michael/dobot_ws/install/cr20_moveit:/home/michael/dobot_ws/install/cr16_moveit:/home/michael/dobot_ws/install/cr12_moveit:/home/michael/dobot_ws/install/cr10af_moveit:/home/michael/dobot_ws/install/cr10_moveit:/home/michael/dobot_ws/install/dobot_rviz:/home/michael/dobot_ws/install/cr_robot_ros2:/home/michael/dobot_ws/install/dobot_msgs_v4:/home/michael/dobot_ws/install/dobot_gazebo:/home/michael/dobot_ws/install/cra_description:/home/michael/dobot_ws/install/servo_action:/home/michael/dobot_ws/install/dobot_moveit:/home/michael/dobot_ws/install/dobot_demo:/opt/ros/humble /usr/bin/cmake --build /home/michael/dobot_ws/src/build/cr12_moveit -- -j2 -l2
[5.988s] DEBUG:colcon.colcon_core.event_handler.log_command:Invoked command in '/home/michael/dobot_ws/src/build/cr12_moveit' returned '0': AMENT_PREFIX_PATH=/home/michael/dobot_ws/src/install/dobot_rviz:${AMENT_PREFIX_PATH} CMAKE_PREFIX_PATH=/home/michael/dobot_ws/src/install/dobot_rviz:/home/michael/dobot_ws/install/nova5_moveit:/home/michael/dobot_ws/install/nova2_moveit:/home/michael/dobot_ws/install/me6_moveit:/home/michael/dobot_ws/install/cr7_moveit:/home/michael/dobot_ws/install/cr5_moveit:/home/michael/dobot_ws/install/cr3_moveit:/home/michael/dobot_ws/install/cr30h_moveit:/home/michael/dobot_ws/install/cr20_moveit:/home/michael/dobot_ws/install/cr16_moveit:/home/michael/dobot_ws/install/cr12_moveit:/home/michael/dobot_ws/install/cr10af_moveit:/home/michael/dobot_ws/install/cr10_moveit:/home/michael/dobot_ws/install/dobot_rviz:/home/michael/dobot_ws/install/cr_robot_ros2:/home/michael/dobot_ws/install/dobot_msgs_v4:/home/michael/dobot_ws/install/dobot_gazebo:/home/michael/dobot_ws/install/cra_description:/home/michael/dobot_ws/install/servo_action:/home/michael/dobot_ws/install/dobot_moveit:/home/michael/dobot_ws/install/dobot_demo:/opt/ros/humble /usr/bin/cmake --build /home/michael/dobot_ws/src/build/cr12_moveit -- -j2 -l2
[5.988s] DEBUG:colcon.colcon_core.event_handler.log_command:Invoking command in '/home/michael/dobot_ws/src/build/cr12_moveit': AMENT_PREFIX_PATH=/home/michael/dobot_ws/src/install/dobot_rviz:${AMENT_PREFIX_PATH} CMAKE_PREFIX_PATH=/home/michael/dobot_ws/src/install/dobot_rviz:/home/michael/dobot_ws/install/nova5_moveit:/home/michael/dobot_ws/install/nova2_moveit:/home/michael/dobot_ws/install/me6_moveit:/home/michael/dobot_ws/install/cr7_moveit:/home/michael/dobot_ws/install/cr5_moveit:/home/michael/dobot_ws/install/cr3_moveit:/home/michael/dobot_ws/install/cr30h_moveit:/home/michael/dobot_ws/install/cr20_moveit:/home/michael/dobot_ws/install/cr16_moveit:/home/michael/dobot_ws/install/cr12_moveit:/home/michael/dobot_ws/install/cr10af_moveit:/home/michael/dobot_ws/install/cr10_moveit:/home/michael/dobot_ws/install/dobot_rviz:/home/michael/dobot_ws/install/cr_robot_ros2:/home/michael/dobot_ws/install/dobot_msgs_v4:/home/michael/dobot_ws/install/dobot_gazebo:/home/michael/dobot_ws/install/cra_description:/home/michael/dobot_ws/install/servo_action:/home/michael/dobot_ws/install/dobot_moveit:/home/michael/dobot_ws/install/dobot_demo:/opt/ros/humble /usr/bin/cmake --install /home/michael/dobot_ws/src/build/cr12_moveit
[6.021s] Level 1:colcon.colcon_core.environment:create_environment_scripts_only(cr12_moveit)
[6.021s] Level 1:colcon.colcon_core.environment:checking '/home/michael/dobot_ws/src/install/cr12_moveit' for CMake module files
[6.022s] Level 1:colcon.colcon_core.environment:checking '/home/michael/dobot_ws/src/install/cr12_moveit' for CMake config files
[6.023s] Level 1:colcon.colcon_core.shell:create_environment_hook('cr12_moveit', 'cmake_prefix_path')
[6.023s] INFO:colcon.colcon_core.shell:Creating environment hook '/home/michael/dobot_ws/src/install/cr12_moveit/share/cr12_moveit/hook/cmake_prefix_path.ps1'
[6.023s] INFO:colcon.colcon_core.shell:Creating environment descriptor '/home/michael/dobot_ws/src/install/cr12_moveit/share/cr12_moveit/hook/cmake_prefix_path.dsv'
[6.023s] INFO:colcon.colcon_core.shell:Creating environment hook '/home/michael/dobot_ws/src/install/cr12_moveit/share/cr12_moveit/hook/cmake_prefix_path.sh'
[6.024s] Level 1:colcon.colcon_core.environment:checking '/home/michael/dobot_ws/src/install/cr12_moveit/bin'
[6.024s] Level 1:colcon.colcon_core.environment:checking '/home/michael/dobot_ws/src/install/cr12_moveit/lib/pkgconfig/cr12_moveit.pc'
[6.024s] Level 1:colcon.colcon_core.environment:checking '/home/michael/dobot_ws/src/install/cr12_moveit/lib/python3.10/site-packages'
[6.026s] Level 1:colcon.colcon_core.environment:checking '/home/michael/dobot_ws/src/install/cr12_moveit/bin'
[6.026s] INFO:colcon.colcon_core.shell:Creating package script '/home/michael/dobot_ws/src/install/cr12_moveit/share/cr12_moveit/package.ps1'
[6.027s] INFO:colcon.colcon_core.shell:Creating package descriptor '/home/michael/dobot_ws/src/install/cr12_moveit/share/cr12_moveit/package.dsv'
[6.028s] DEBUG:colcon.colcon_core.event_handler.log_command:Invoked command in '/home/michael/dobot_ws/src/build/cr12_moveit' returned '0': AMENT_PREFIX_PATH=/home/michael/dobot_ws/src/install/dobot_rviz:${AMENT_PREFIX_PATH} CMAKE_PREFIX_PATH=/home/michael/dobot_ws/src/install/dobot_rviz:/home/michael/dobot_ws/install/nova5_moveit:/home/michael/dobot_ws/install/nova2_moveit:/home/michael/dobot_ws/install/me6_moveit:/home/michael/dobot_ws/install/cr7_moveit:/home/michael/dobot_ws/install/cr5_moveit:/home/michael/dobot_ws/install/cr3_moveit:/home/michael/dobot_ws/install/cr30h_moveit:/home/michael/dobot_ws/install/cr20_moveit:/home/michael/dobot_ws/install/cr16_moveit:/home/michael/dobot_ws/install/cr12_moveit:/home/michael/dobot_ws/install/cr10af_moveit:/home/michael/dobot_ws/install/cr10_moveit:/home/michael/dobot_ws/install/dobot_rviz:/home/michael/dobot_ws/install/cr_robot_ros2:/home/michael/dobot_ws/install/dobot_msgs_v4:/home/michael/dobot_ws/install/dobot_gazebo:/home/michael/dobot_ws/install/cra_description:/home/michael/dobot_ws/install/servo_action:/home/michael/dobot_ws/install/dobot_moveit:/home/michael/dobot_ws/install/dobot_demo:/opt/ros/humble /usr/bin/cmake --install /home/michael/dobot_ws/src/build/cr12_moveit
[6.029s] INFO:colcon.colcon_core.shell:Creating package script '/home/michael/dobot_ws/src/install/cr12_moveit/share/cr12_moveit/package.sh'
[6.030s] INFO:colcon.colcon_core.shell:Creating package script '/home/michael/dobot_ws/src/install/cr12_moveit/share/cr12_moveit/package.bash'
[6.030s] INFO:colcon.colcon_core.shell:Creating package script '/home/michael/dobot_ws/src/install/cr12_moveit/share/cr12_moveit/package.zsh'
[6.031s] Level 1:colcon.colcon_core.environment:create_file_with_runtime_dependencies(/home/michael/dobot_ws/src/install/cr12_moveit/share/colcon-core/packages/cr12_moveit)
[6.032s] Level 1:colcon.colcon_core.environment:create_environment_scripts_only(cr12_moveit)
[6.032s] Level 1:colcon.colcon_core.environment:checking '/home/michael/dobot_ws/src/install/cr12_moveit' for CMake module files
[6.032s] Level 1:colcon.colcon_core.environment:checking '/home/michael/dobot_ws/src/install/cr12_moveit' for CMake config files
[6.033s] Level 1:colcon.colcon_core.shell:create_environment_hook('cr12_moveit', 'cmake_prefix_path')
[6.033s] INFO:colcon.colcon_core.shell:Creating environment hook '/home/michael/dobot_ws/src/install/cr12_moveit/share/cr12_moveit/hook/cmake_prefix_path.ps1'
[6.035s] INFO:colcon.colcon_core.shell:Creating environment descriptor '/home/michael/dobot_ws/src/install/cr12_moveit/share/cr12_moveit/hook/cmake_prefix_path.dsv'
[6.036s] INFO:colcon.colcon_core.shell:Creating environment hook '/home/michael/dobot_ws/src/install/cr12_moveit/share/cr12_moveit/hook/cmake_prefix_path.sh'
[6.038s] Level 1:colcon.colcon_core.environment:checking '/home/michael/dobot_ws/src/install/cr12_moveit/bin'
[6.039s] Level 1:colcon.colcon_core.environment:checking '/home/michael/dobot_ws/src/install/cr12_moveit/lib/pkgconfig/cr12_moveit.pc'
[6.039s] Level 1:colcon.colcon_core.environment:checking '/home/michael/dobot_ws/src/install/cr12_moveit/lib/python3.10/site-packages'
[6.039s] Level 1:colcon.colcon_core.environment:checking '/home/michael/dobot_ws/src/install/cr12_moveit/bin'
[6.039s] INFO:colcon.colcon_core.shell:Creating package script '/home/michael/dobot_ws/src/install/cr12_moveit/share/cr12_moveit/package.ps1'
[6.041s] INFO:colcon.colcon_core.shell:Creating package descriptor '/home/michael/dobot_ws/src/install/cr12_moveit/share/cr12_moveit/package.dsv'
[6.043s] INFO:colcon.colcon_core.shell:Creating package script '/home/michael/dobot_ws/src/install/cr12_moveit/share/cr12_moveit/package.sh'
[6.045s] INFO:colcon.colcon_core.shell:Creating package script '/home/michael/dobot_ws/src/install/cr12_moveit/share/cr12_moveit/package.bash'
[6.046s] INFO:colcon.colcon_core.shell:Creating package script '/home/michael/dobot_ws/src/install/cr12_moveit/share/cr12_moveit/package.zsh'
[6.048s] Level 1:colcon.colcon_core.environment:create_file_with_runtime_dependencies(/home/michael/dobot_ws/src/install/cr12_moveit/share/colcon-core/packages/cr12_moveit)
[6.050s] INFO:colcon.colcon_ros.task.ament_cmake.build:Building ROS package in '/home/michael/dobot_ws/src/DOBOT_6Axis_ROS2_V4/cr16_moveit' with build type 'ament_cmake'
[6.050s] INFO:colcon.colcon_cmake.task.cmake.build:Building CMake package in '/home/michael/dobot_ws/src/DOBOT_6Axis_ROS2_V4/cr16_moveit'
[6.050s] INFO:colcon.colcon_core.shell:Skip shell extension 'powershell' for command environment: Not usable outside of PowerShell
[6.050s] DEBUG:colcon.colcon_core.shell:Skip shell extension 'dsv' for command environment
[6.064s] DEBUG:colcon.colcon_core.event_handler.log_command:Invoking command in '/home/michael/dobot_ws/src/build/cr16_moveit': AMENT_PREFIX_PATH=/home/michael/dobot_ws/src/install/dobot_rviz:${AMENT_PREFIX_PATH} CMAKE_PREFIX_PATH=/home/michael/dobot_ws/src/install/dobot_rviz:/home/michael/dobot_ws/install/nova5_moveit:/home/michael/dobot_ws/install/nova2_moveit:/home/michael/dobot_ws/install/me6_moveit:/home/michael/dobot_ws/install/cr7_moveit:/home/michael/dobot_ws/install/cr5_moveit:/home/michael/dobot_ws/install/cr3_moveit:/home/michael/dobot_ws/install/cr30h_moveit:/home/michael/dobot_ws/install/cr20_moveit:/home/michael/dobot_ws/install/cr16_moveit:/home/michael/dobot_ws/install/cr12_moveit:/home/michael/dobot_ws/install/cr10af_moveit:/home/michael/dobot_ws/install/cr10_moveit:/home/michael/dobot_ws/install/dobot_rviz:/home/michael/dobot_ws/install/cr_robot_ros2:/home/michael/dobot_ws/install/dobot_msgs_v4:/home/michael/dobot_ws/install/dobot_gazebo:/home/michael/dobot_ws/install/cra_description:/home/michael/dobot_ws/install/servo_action:/home/michael/dobot_ws/install/dobot_moveit:/home/michael/dobot_ws/install/dobot_demo:/opt/ros/humble /usr/bin/cmake /home/michael/dobot_ws/src/DOBOT_6Axis_ROS2_V4/cr16_moveit -DCMAKE_INSTALL_PREFIX=/home/michael/dobot_ws/src/install/cr16_moveit
[6.951s] DEBUG:colcon.colcon_core.event_handler.log_command:Invoked command in '/home/michael/dobot_ws/src/build/cr16_moveit' returned '0': AMENT_PREFIX_PATH=/home/michael/dobot_ws/src/install/dobot_rviz:${AMENT_PREFIX_PATH} CMAKE_PREFIX_PATH=/home/michael/dobot_ws/src/install/dobot_rviz:/home/michael/dobot_ws/install/nova5_moveit:/home/michael/dobot_ws/install/nova2_moveit:/home/michael/dobot_ws/install/me6_moveit:/home/michael/dobot_ws/install/cr7_moveit:/home/michael/dobot_ws/install/cr5_moveit:/home/michael/dobot_ws/install/cr3_moveit:/home/michael/dobot_ws/install/cr30h_moveit:/home/michael/dobot_ws/install/cr20_moveit:/home/michael/dobot_ws/install/cr16_moveit:/home/michael/dobot_ws/install/cr12_moveit:/home/michael/dobot_ws/install/cr10af_moveit:/home/michael/dobot_ws/install/cr10_moveit:/home/michael/dobot_ws/install/dobot_rviz:/home/michael/dobot_ws/install/cr_robot_ros2:/home/michael/dobot_ws/install/dobot_msgs_v4:/home/michael/dobot_ws/install/dobot_gazebo:/home/michael/dobot_ws/install/cra_description:/home/michael/dobot_ws/install/servo_action:/home/michael/dobot_ws/install/dobot_moveit:/home/michael/dobot_ws/install/dobot_demo:/opt/ros/humble /usr/bin/cmake /home/michael/dobot_ws/src/DOBOT_6Axis_ROS2_V4/cr16_moveit -DCMAKE_INSTALL_PREFIX=/home/michael/dobot_ws/src/install/cr16_moveit
[6.956s] DEBUG:colcon.colcon_core.event_handler.log_command:Invoking command in '/home/michael/dobot_ws/src/build/cr16_moveit': AMENT_PREFIX_PATH=/home/michael/dobot_ws/src/install/dobot_rviz:${AMENT_PREFIX_PATH} CMAKE_PREFIX_PATH=/home/michael/dobot_ws/src/install/dobot_rviz:/home/michael/dobot_ws/install/nova5_moveit:/home/michael/dobot_ws/install/nova2_moveit:/home/michael/dobot_ws/install/me6_moveit:/home/michael/dobot_ws/install/cr7_moveit:/home/michael/dobot_ws/install/cr5_moveit:/home/michael/dobot_ws/install/cr3_moveit:/home/michael/dobot_ws/install/cr30h_moveit:/home/michael/dobot_ws/install/cr20_moveit:/home/michael/dobot_ws/install/cr16_moveit:/home/michael/dobot_ws/install/cr12_moveit:/home/michael/dobot_ws/install/cr10af_moveit:/home/michael/dobot_ws/install/cr10_moveit:/home/michael/dobot_ws/install/dobot_rviz:/home/michael/dobot_ws/install/cr_robot_ros2:/home/michael/dobot_ws/install/dobot_msgs_v4:/home/michael/dobot_ws/install/dobot_gazebo:/home/michael/dobot_ws/install/cra_description:/home/michael/dobot_ws/install/servo_action:/home/michael/dobot_ws/install/dobot_moveit:/home/michael/dobot_ws/install/dobot_demo:/opt/ros/humble /usr/bin/cmake --build /home/michael/dobot_ws/src/build/cr16_moveit -- -j2 -l2
[7.018s] DEBUG:colcon.colcon_core.event_handler.log_command:Invoked command in '/home/michael/dobot_ws/src/build/cr16_moveit' returned '0': AMENT_PREFIX_PATH=/home/michael/dobot_ws/src/install/dobot_rviz:${AMENT_PREFIX_PATH} CMAKE_PREFIX_PATH=/home/michael/dobot_ws/src/install/dobot_rviz:/home/michael/dobot_ws/install/nova5_moveit:/home/michael/dobot_ws/install/nova2_moveit:/home/michael/dobot_ws/install/me6_moveit:/home/michael/dobot_ws/install/cr7_moveit:/home/michael/dobot_ws/install/cr5_moveit:/home/michael/dobot_ws/install/cr3_moveit:/home/michael/dobot_ws/install/cr30h_moveit:/home/michael/dobot_ws/install/cr20_moveit:/home/michael/dobot_ws/install/cr16_moveit:/home/michael/dobot_ws/install/cr12_moveit:/home/michael/dobot_ws/install/cr10af_moveit:/home/michael/dobot_ws/install/cr10_moveit:/home/michael/dobot_ws/install/dobot_rviz:/home/michael/dobot_ws/install/cr_robot_ros2:/home/michael/dobot_ws/install/dobot_msgs_v4:/home/michael/dobot_ws/install/dobot_gazebo:/home/michael/dobot_ws/install/cra_description:/home/michael/dobot_ws/install/servo_action:/home/michael/dobot_ws/install/dobot_moveit:/home/michael/dobot_ws/install/dobot_demo:/opt/ros/humble /usr/bin/cmake --build /home/michael/dobot_ws/src/build/cr16_moveit -- -j2 -l2
[7.020s] DEBUG:colcon.colcon_core.event_handler.log_command:Invoking command in '/home/michael/dobot_ws/src/build/cr16_moveit': AMENT_PREFIX_PATH=/home/michael/dobot_ws/src/install/dobot_rviz:${AMENT_PREFIX_PATH} CMAKE_PREFIX_PATH=/home/michael/dobot_ws/src/install/dobot_rviz:/home/michael/dobot_ws/install/nova5_moveit:/home/michael/dobot_ws/install/nova2_moveit:/home/michael/dobot_ws/install/me6_moveit:/home/michael/dobot_ws/install/cr7_moveit:/home/michael/dobot_ws/install/cr5_moveit:/home/michael/dobot_ws/install/cr3_moveit:/home/michael/dobot_ws/install/cr30h_moveit:/home/michael/dobot_ws/install/cr20_moveit:/home/michael/dobot_ws/install/cr16_moveit:/home/michael/dobot_ws/install/cr12_moveit:/home/michael/dobot_ws/install/cr10af_moveit:/home/michael/dobot_ws/install/cr10_moveit:/home/michael/dobot_ws/install/dobot_rviz:/home/michael/dobot_ws/install/cr_robot_ros2:/home/michael/dobot_ws/install/dobot_msgs_v4:/home/michael/dobot_ws/install/dobot_gazebo:/home/michael/dobot_ws/install/cra_description:/home/michael/dobot_ws/install/servo_action:/home/michael/dobot_ws/install/dobot_moveit:/home/michael/dobot_ws/install/dobot_demo:/opt/ros/humble /usr/bin/cmake --install /home/michael/dobot_ws/src/build/cr16_moveit
[7.065s] Level 1:colcon.colcon_core.environment:create_environment_scripts_only(cr16_moveit)
[7.065s] Level 1:colcon.colcon_core.environment:checking '/home/michael/dobot_ws/src/install/cr16_moveit' for CMake module files
[7.065s] DEBUG:colcon.colcon_core.event_handler.log_command:Invoked command in '/home/michael/dobot_ws/src/build/cr16_moveit' returned '0': AMENT_PREFIX_PATH=/home/michael/dobot_ws/src/install/dobot_rviz:${AMENT_PREFIX_PATH} CMAKE_PREFIX_PATH=/home/michael/dobot_ws/src/install/dobot_rviz:/home/michael/dobot_ws/install/nova5_moveit:/home/michael/dobot_ws/install/nova2_moveit:/home/michael/dobot_ws/install/me6_moveit:/home/michael/dobot_ws/install/cr7_moveit:/home/michael/dobot_ws/install/cr5_moveit:/home/michael/dobot_ws/install/cr3_moveit:/home/michael/dobot_ws/install/cr30h_moveit:/home/michael/dobot_ws/install/cr20_moveit:/home/michael/dobot_ws/install/cr16_moveit:/home/michael/dobot_ws/install/cr12_moveit:/home/michael/dobot_ws/install/cr10af_moveit:/home/michael/dobot_ws/install/cr10_moveit:/home/michael/dobot_ws/install/dobot_rviz:/home/michael/dobot_ws/install/cr_robot_ros2:/home/michael/dobot_ws/install/dobot_msgs_v4:/home/michael/dobot_ws/install/dobot_gazebo:/home/michael/dobot_ws/install/cra_description:/home/michael/dobot_ws/install/servo_action:/home/michael/dobot_ws/install/dobot_moveit:/home/michael/dobot_ws/install/dobot_demo:/opt/ros/humble /usr/bin/cmake --install /home/michael/dobot_ws/src/build/cr16_moveit
[7.066s] Level 1:colcon.colcon_core.environment:checking '/home/michael/dobot_ws/src/install/cr16_moveit' for CMake config files
[7.066s] Level 1:colcon.colcon_core.shell:create_environment_hook('cr16_moveit', 'cmake_prefix_path')
[7.066s] INFO:colcon.colcon_core.shell:Creating environment hook '/home/michael/dobot_ws/src/install/cr16_moveit/share/cr16_moveit/hook/cmake_prefix_path.ps1'
[7.066s] INFO:colcon.colcon_core.shell:Creating environment descriptor '/home/michael/dobot_ws/src/install/cr16_moveit/share/cr16_moveit/hook/cmake_prefix_path.dsv'
[7.066s] INFO:colcon.colcon_core.shell:Creating environment hook '/home/michael/dobot_ws/src/install/cr16_moveit/share/cr16_moveit/hook/cmake_prefix_path.sh'
[7.067s] Level 1:colcon.colcon_core.environment:checking '/home/michael/dobot_ws/src/install/cr16_moveit/bin'
[7.068s] Level 1:colcon.colcon_core.environment:checking '/home/michael/dobot_ws/src/install/cr16_moveit/lib/pkgconfig/cr16_moveit.pc'
[7.068s] Level 1:colcon.colcon_core.environment:checking '/home/michael/dobot_ws/src/install/cr16_moveit/lib/python3.10/site-packages'
[7.068s] Level 1:colcon.colcon_core.environment:checking '/home/michael/dobot_ws/src/install/cr16_moveit/bin'
[7.068s] INFO:colcon.colcon_core.shell:Creating package script '/home/michael/dobot_ws/src/install/cr16_moveit/share/cr16_moveit/package.ps1'
[7.069s] INFO:colcon.colcon_core.shell:Creating package descriptor '/home/michael/dobot_ws/src/install/cr16_moveit/share/cr16_moveit/package.dsv'
[7.070s] INFO:colcon.colcon_core.shell:Creating package script '/home/michael/dobot_ws/src/install/cr16_moveit/share/cr16_moveit/package.sh'
[7.071s] INFO:colcon.colcon_core.shell:Creating package script '/home/michael/dobot_ws/src/install/cr16_moveit/share/cr16_moveit/package.bash'
[7.071s] INFO:colcon.colcon_core.shell:Creating package script '/home/michael/dobot_ws/src/install/cr16_moveit/share/cr16_moveit/package.zsh'
[7.071s] Level 1:colcon.colcon_core.environment:create_file_with_runtime_dependencies(/home/michael/dobot_ws/src/install/cr16_moveit/share/colcon-core/packages/cr16_moveit)
[7.073s] Level 1:colcon.colcon_core.environment:create_environment_scripts_only(cr16_moveit)
[7.073s] Level 1:colcon.colcon_core.environment:checking '/home/michael/dobot_ws/src/install/cr16_moveit' for CMake module files
[7.073s] Level 1:colcon.colcon_core.environment:checking '/home/michael/dobot_ws/src/install/cr16_moveit' for CMake config files
[7.073s] Level 1:colcon.colcon_core.shell:create_environment_hook('cr16_moveit', 'cmake_prefix_path')
[7.073s] INFO:colcon.colcon_core.shell:Creating environment hook '/home/michael/dobot_ws/src/install/cr16_moveit/share/cr16_moveit/hook/cmake_prefix_path.ps1'
[7.074s] INFO:colcon.colcon_core.shell:Creating environment descriptor '/home/michael/dobot_ws/src/install/cr16_moveit/share/cr16_moveit/hook/cmake_prefix_path.dsv'
[7.076s] INFO:colcon.colcon_core.shell:Creating environment hook '/home/michael/dobot_ws/src/install/cr16_moveit/share/cr16_moveit/hook/cmake_prefix_path.sh'
[7.077s] Level 1:colcon.colcon_core.environment:checking '/home/michael/dobot_ws/src/install/cr16_moveit/bin'
[7.077s] Level 1:colcon.colcon_core.environment:checking '/home/michael/dobot_ws/src/install/cr16_moveit/lib/pkgconfig/cr16_moveit.pc'
[7.077s] Level 1:colcon.colcon_core.environment:checking '/home/michael/dobot_ws/src/install/cr16_moveit/lib/python3.10/site-packages'
[7.077s] Level 1:colcon.colcon_core.environment:checking '/home/michael/dobot_ws/src/install/cr16_moveit/bin'
[7.078s] INFO:colcon.colcon_core.shell:Creating package script '/home/michael/dobot_ws/src/install/cr16_moveit/share/cr16_moveit/package.ps1'
[7.080s] INFO:colcon.colcon_core.shell:Creating package descriptor '/home/michael/dobot_ws/src/install/cr16_moveit/share/cr16_moveit/package.dsv'
[7.082s] INFO:colcon.colcon_core.shell:Creating package script '/home/michael/dobot_ws/src/install/cr16_moveit/share/cr16_moveit/package.sh'
[7.083s] INFO:colcon.colcon_core.shell:Creating package script '/home/michael/dobot_ws/src/install/cr16_moveit/share/cr16_moveit/package.bash'
[7.084s] INFO:colcon.colcon_core.shell:Creating package script '/home/michael/dobot_ws/src/install/cr16_moveit/share/cr16_moveit/package.zsh'
[7.084s] Level 1:colcon.colcon_core.environment:create_file_with_runtime_dependencies(/home/michael/dobot_ws/src/install/cr16_moveit/share/colcon-core/packages/cr16_moveit)
[7.085s] INFO:colcon.colcon_ros.task.ament_cmake.build:Building ROS package in '/home/michael/dobot_ws/src/DOBOT_6Axis_ROS2_V4/cr20_moveit' with build type 'ament_cmake'
[7.086s] INFO:colcon.colcon_cmake.task.cmake.build:Building CMake package in '/home/michael/dobot_ws/src/DOBOT_6Axis_ROS2_V4/cr20_moveit'
[7.086s] INFO:colcon.colcon_core.shell:Skip shell extension 'powershell' for command environment: Not usable outside of PowerShell
[7.086s] DEBUG:colcon.colcon_core.shell:Skip shell extension 'dsv' for command environment
[7.105s] DEBUG:colcon.colcon_core.event_handler.log_command:Invoking command in '/home/michael/dobot_ws/src/build/cr20_moveit': AMENT_PREFIX_PATH=/home/michael/dobot_ws/src/install/dobot_rviz:${AMENT_PREFIX_PATH} CMAKE_PREFIX_PATH=/home/michael/dobot_ws/src/install/dobot_rviz:/home/michael/dobot_ws/install/nova5_moveit:/home/michael/dobot_ws/install/nova2_moveit:/home/michael/dobot_ws/install/me6_moveit:/home/michael/dobot_ws/install/cr7_moveit:/home/michael/dobot_ws/install/cr5_moveit:/home/michael/dobot_ws/install/cr3_moveit:/home/michael/dobot_ws/install/cr30h_moveit:/home/michael/dobot_ws/install/cr20_moveit:/home/michael/dobot_ws/install/cr16_moveit:/home/michael/dobot_ws/install/cr12_moveit:/home/michael/dobot_ws/install/cr10af_moveit:/home/michael/dobot_ws/install/cr10_moveit:/home/michael/dobot_ws/install/dobot_rviz:/home/michael/dobot_ws/install/cr_robot_ros2:/home/michael/dobot_ws/install/dobot_msgs_v4:/home/michael/dobot_ws/install/dobot_gazebo:/home/michael/dobot_ws/install/cra_description:/home/michael/dobot_ws/install/servo_action:/home/michael/dobot_ws/install/dobot_moveit:/home/michael/dobot_ws/install/dobot_demo:/opt/ros/humble /usr/bin/cmake /home/michael/dobot_ws/src/DOBOT_6Axis_ROS2_V4/cr20_moveit -DCMAKE_INSTALL_PREFIX=/home/michael/dobot_ws/src/install/cr20_moveit
[7.757s] DEBUG:colcon.colcon_core.event_handler.log_command:Invoked command in '/home/michael/dobot_ws/src/build/cr20_moveit' returned '0': AMENT_PREFIX_PATH=/home/michael/dobot_ws/src/install/dobot_rviz:${AMENT_PREFIX_PATH} CMAKE_PREFIX_PATH=/home/michael/dobot_ws/src/install/dobot_rviz:/home/michael/dobot_ws/install/nova5_moveit:/home/michael/dobot_ws/install/nova2_moveit:/home/michael/dobot_ws/install/me6_moveit:/home/michael/dobot_ws/install/cr7_moveit:/home/michael/dobot_ws/install/cr5_moveit:/home/michael/dobot_ws/install/cr3_moveit:/home/michael/dobot_ws/install/cr30h_moveit:/home/michael/dobot_ws/install/cr20_moveit:/home/michael/dobot_ws/install/cr16_moveit:/home/michael/dobot_ws/install/cr12_moveit:/home/michael/dobot_ws/install/cr10af_moveit:/home/michael/dobot_ws/install/cr10_moveit:/home/michael/dobot_ws/install/dobot_rviz:/home/michael/dobot_ws/install/cr_robot_ros2:/home/michael/dobot_ws/install/dobot_msgs_v4:/home/michael/dobot_ws/install/dobot_gazebo:/home/michael/dobot_ws/install/cra_description:/home/michael/dobot_ws/install/servo_action:/home/michael/dobot_ws/install/dobot_moveit:/home/michael/dobot_ws/install/dobot_demo:/opt/ros/humble /usr/bin/cmake /home/michael/dobot_ws/src/DOBOT_6Axis_ROS2_V4/cr20_moveit -DCMAKE_INSTALL_PREFIX=/home/michael/dobot_ws/src/install/cr20_moveit
[7.761s] DEBUG:colcon.colcon_core.event_handler.log_command:Invoking command in '/home/michael/dobot_ws/src/build/cr20_moveit': AMENT_PREFIX_PATH=/home/michael/dobot_ws/src/install/dobot_rviz:${AMENT_PREFIX_PATH} CMAKE_PREFIX_PATH=/home/michael/dobot_ws/src/install/dobot_rviz:/home/michael/dobot_ws/install/nova5_moveit:/home/michael/dobot_ws/install/nova2_moveit:/home/michael/dobot_ws/install/me6_moveit:/home/michael/dobot_ws/install/cr7_moveit:/home/michael/dobot_ws/install/cr5_moveit:/home/michael/dobot_ws/install/cr3_moveit:/home/michael/dobot_ws/install/cr30h_moveit:/home/michael/dobot_ws/install/cr20_moveit:/home/michael/dobot_ws/install/cr16_moveit:/home/michael/dobot_ws/install/cr12_moveit:/home/michael/dobot_ws/install/cr10af_moveit:/home/michael/dobot_ws/install/cr10_moveit:/home/michael/dobot_ws/install/dobot_rviz:/home/michael/dobot_ws/install/cr_robot_ros2:/home/michael/dobot_ws/install/dobot_msgs_v4:/home/michael/dobot_ws/install/dobot_gazebo:/home/michael/dobot_ws/install/cra_description:/home/michael/dobot_ws/install/servo_action:/home/michael/dobot_ws/install/dobot_moveit:/home/michael/dobot_ws/install/dobot_demo:/opt/ros/humble /usr/bin/cmake --build /home/michael/dobot_ws/src/build/cr20_moveit -- -j2 -l2
[7.830s] DEBUG:colcon.colcon_core.event_handler.log_command:Invoked command in '/home/michael/dobot_ws/src/build/cr20_moveit' returned '0': AMENT_PREFIX_PATH=/home/michael/dobot_ws/src/install/dobot_rviz:${AMENT_PREFIX_PATH} CMAKE_PREFIX_PATH=/home/michael/dobot_ws/src/install/dobot_rviz:/home/michael/dobot_ws/install/nova5_moveit:/home/michael/dobot_ws/install/nova2_moveit:/home/michael/dobot_ws/install/me6_moveit:/home/michael/dobot_ws/install/cr7_moveit:/home/michael/dobot_ws/install/cr5_moveit:/home/michael/dobot_ws/install/cr3_moveit:/home/michael/dobot_ws/install/cr30h_moveit:/home/michael/dobot_ws/install/cr20_moveit:/home/michael/dobot_ws/install/cr16_moveit:/home/michael/dobot_ws/install/cr12_moveit:/home/michael/dobot_ws/install/cr10af_moveit:/home/michael/dobot_ws/install/cr10_moveit:/home/michael/dobot_ws/install/dobot_rviz:/home/michael/dobot_ws/install/cr_robot_ros2:/home/michael/dobot_ws/install/dobot_msgs_v4:/home/michael/dobot_ws/install/dobot_gazebo:/home/michael/dobot_ws/install/cra_description:/home/michael/dobot_ws/install/servo_action:/home/michael/dobot_ws/install/dobot_moveit:/home/michael/dobot_ws/install/dobot_demo:/opt/ros/humble /usr/bin/cmake --build /home/michael/dobot_ws/src/build/cr20_moveit -- -j2 -l2
[7.832s] DEBUG:colcon.colcon_core.event_handler.log_command:Invoking command in '/home/michael/dobot_ws/src/build/cr20_moveit': AMENT_PREFIX_PATH=/home/michael/dobot_ws/src/install/dobot_rviz:${AMENT_PREFIX_PATH} CMAKE_PREFIX_PATH=/home/michael/dobot_ws/src/install/dobot_rviz:/home/michael/dobot_ws/install/nova5_moveit:/home/michael/dobot_ws/install/nova2_moveit:/home/michael/dobot_ws/install/me6_moveit:/home/michael/dobot_ws/install/cr7_moveit:/home/michael/dobot_ws/install/cr5_moveit:/home/michael/dobot_ws/install/cr3_moveit:/home/michael/dobot_ws/install/cr30h_moveit:/home/michael/dobot_ws/install/cr20_moveit:/home/michael/dobot_ws/install/cr16_moveit:/home/michael/dobot_ws/install/cr12_moveit:/home/michael/dobot_ws/install/cr10af_moveit:/home/michael/dobot_ws/install/cr10_moveit:/home/michael/dobot_ws/install/dobot_rviz:/home/michael/dobot_ws/install/cr_robot_ros2:/home/michael/dobot_ws/install/dobot_msgs_v4:/home/michael/dobot_ws/install/dobot_gazebo:/home/michael/dobot_ws/install/cra_description:/home/michael/dobot_ws/install/servo_action:/home/michael/dobot_ws/install/dobot_moveit:/home/michael/dobot_ws/install/dobot_demo:/opt/ros/humble /usr/bin/cmake --install /home/michael/dobot_ws/src/build/cr20_moveit
[7.874s] Level 1:colcon.colcon_core.environment:create_environment_scripts_only(cr20_moveit)
[7.874s] DEBUG:colcon.colcon_core.event_handler.log_command:Invoked command in '/home/michael/dobot_ws/src/build/cr20_moveit' returned '0': AMENT_PREFIX_PATH=/home/michael/dobot_ws/src/install/dobot_rviz:${AMENT_PREFIX_PATH} CMAKE_PREFIX_PATH=/home/michael/dobot_ws/src/install/dobot_rviz:/home/michael/dobot_ws/install/nova5_moveit:/home/michael/dobot_ws/install/nova2_moveit:/home/michael/dobot_ws/install/me6_moveit:/home/michael/dobot_ws/install/cr7_moveit:/home/michael/dobot_ws/install/cr5_moveit:/home/michael/dobot_ws/install/cr3_moveit:/home/michael/dobot_ws/install/cr30h_moveit:/home/michael/dobot_ws/install/cr20_moveit:/home/michael/dobot_ws/install/cr16_moveit:/home/michael/dobot_ws/install/cr12_moveit:/home/michael/dobot_ws/install/cr10af_moveit:/home/michael/dobot_ws/install/cr10_moveit:/home/michael/dobot_ws/install/dobot_rviz:/home/michael/dobot_ws/install/cr_robot_ros2:/home/michael/dobot_ws/install/dobot_msgs_v4:/home/michael/dobot_ws/install/dobot_gazebo:/home/michael/dobot_ws/install/cra_description:/home/michael/dobot_ws/install/servo_action:/home/michael/dobot_ws/install/dobot_moveit:/home/michael/dobot_ws/install/dobot_demo:/opt/ros/humble /usr/bin/cmake --install /home/michael/dobot_ws/src/build/cr20_moveit
[7.875s] Level 1:colcon.colcon_core.environment:checking '/home/michael/dobot_ws/src/install/cr20_moveit' for CMake module files
[7.876s] Level 1:colcon.colcon_core.environment:checking '/home/michael/dobot_ws/src/install/cr20_moveit' for CMake config files
[7.876s] Level 1:colcon.colcon_core.shell:create_environment_hook('cr20_moveit', 'cmake_prefix_path')
[7.876s] INFO:colcon.colcon_core.shell:Creating environment hook '/home/michael/dobot_ws/src/install/cr20_moveit/share/cr20_moveit/hook/cmake_prefix_path.ps1'
[7.878s] INFO:colcon.colcon_core.shell:Creating environment descriptor '/home/michael/dobot_ws/src/install/cr20_moveit/share/cr20_moveit/hook/cmake_prefix_path.dsv'
[7.878s] INFO:colcon.colcon_core.shell:Creating environment hook '/home/michael/dobot_ws/src/install/cr20_moveit/share/cr20_moveit/hook/cmake_prefix_path.sh'
[7.878s] Level 1:colcon.colcon_core.environment:checking '/home/michael/dobot_ws/src/install/cr20_moveit/bin'
[7.878s] Level 1:colcon.colcon_core.environment:checking '/home/michael/dobot_ws/src/install/cr20_moveit/lib/pkgconfig/cr20_moveit.pc'
[7.878s] Level 1:colcon.colcon_core.environment:checking '/home/michael/dobot_ws/src/install/cr20_moveit/lib/python3.10/site-packages'
[7.879s] Level 1:colcon.colcon_core.environment:checking '/home/michael/dobot_ws/src/install/cr20_moveit/bin'
[7.879s] INFO:colcon.colcon_core.shell:Creating package script '/home/michael/dobot_ws/src/install/cr20_moveit/share/cr20_moveit/package.ps1'
[7.879s] INFO:colcon.colcon_core.shell:Creating package descriptor '/home/michael/dobot_ws/src/install/cr20_moveit/share/cr20_moveit/package.dsv'
[7.880s] INFO:colcon.colcon_core.shell:Creating package script '/home/michael/dobot_ws/src/install/cr20_moveit/share/cr20_moveit/package.sh'
[7.882s] INFO:colcon.colcon_core.shell:Creating package script '/home/michael/dobot_ws/src/install/cr20_moveit/share/cr20_moveit/package.bash'
[7.882s] INFO:colcon.colcon_core.shell:Creating package script '/home/michael/dobot_ws/src/install/cr20_moveit/share/cr20_moveit/package.zsh'
[7.883s] Level 1:colcon.colcon_core.environment:create_file_with_runtime_dependencies(/home/michael/dobot_ws/src/install/cr20_moveit/share/colcon-core/packages/cr20_moveit)
[7.883s] Level 1:colcon.colcon_core.environment:create_environment_scripts_only(cr20_moveit)
[7.883s] Level 1:colcon.colcon_core.environment:checking '/home/michael/dobot_ws/src/install/cr20_moveit' for CMake module files
[7.883s] Level 1:colcon.colcon_core.environment:checking '/home/michael/dobot_ws/src/install/cr20_moveit' for CMake config files
[7.884s] Level 1:colcon.colcon_core.shell:create_environment_hook('cr20_moveit', 'cmake_prefix_path')
[7.884s] INFO:colcon.colcon_core.shell:Creating environment hook '/home/michael/dobot_ws/src/install/cr20_moveit/share/cr20_moveit/hook/cmake_prefix_path.ps1'
[7.887s] INFO:colcon.colcon_core.shell:Creating environment descriptor '/home/michael/dobot_ws/src/install/cr20_moveit/share/cr20_moveit/hook/cmake_prefix_path.dsv'
[7.888s] INFO:colcon.colcon_core.shell:Creating environment hook '/home/michael/dobot_ws/src/install/cr20_moveit/share/cr20_moveit/hook/cmake_prefix_path.sh'
[7.888s] Level 1:colcon.colcon_core.environment:checking '/home/michael/dobot_ws/src/install/cr20_moveit/bin'
[7.888s] Level 1:colcon.colcon_core.environment:checking '/home/michael/dobot_ws/src/install/cr20_moveit/lib/pkgconfig/cr20_moveit.pc'
[7.888s] Level 1:colcon.colcon_core.environment:checking '/home/michael/dobot_ws/src/install/cr20_moveit/lib/python3.10/site-packages'
[7.889s] Level 1:colcon.colcon_core.environment:checking '/home/michael/dobot_ws/src/install/cr20_moveit/bin'
[7.889s] INFO:colcon.colcon_core.shell:Creating package script '/home/michael/dobot_ws/src/install/cr20_moveit/share/cr20_moveit/package.ps1'
[7.890s] INFO:colcon.colcon_core.shell:Creating package descriptor '/home/michael/dobot_ws/src/install/cr20_moveit/share/cr20_moveit/package.dsv'
[7.892s] INFO:colcon.colcon_core.shell:Creating package script '/home/michael/dobot_ws/src/install/cr20_moveit/share/cr20_moveit/package.sh'
[7.894s] INFO:colcon.colcon_core.shell:Creating package script '/home/michael/dobot_ws/src/install/cr20_moveit/share/cr20_moveit/package.bash'
[7.894s] INFO:colcon.colcon_core.shell:Creating package script '/home/michael/dobot_ws/src/install/cr20_moveit/share/cr20_moveit/package.zsh'
[7.895s] Level 1:colcon.colcon_core.environment:create_file_with_runtime_dependencies(/home/michael/dobot_ws/src/install/cr20_moveit/share/colcon-core/packages/cr20_moveit)
[7.898s] INFO:colcon.colcon_ros.task.ament_cmake.build:Building ROS package in '/home/michael/dobot_ws/src/DOBOT_6Axis_ROS2_V4/cr30h_moveit' with build type 'ament_cmake'
[7.898s] INFO:colcon.colcon_cmake.task.cmake.build:Building CMake package in '/home/michael/dobot_ws/src/DOBOT_6Axis_ROS2_V4/cr30h_moveit'
[7.898s] INFO:colcon.colcon_core.shell:Skip shell extension 'powershell' for command environment: Not usable outside of PowerShell
[7.898s] DEBUG:colcon.colcon_core.shell:Skip shell extension 'dsv' for command environment
[7.914s] DEBUG:colcon.colcon_core.event_handler.log_command:Invoking command in '/home/michael/dobot_ws/src/build/cr30h_moveit': AMENT_PREFIX_PATH=/home/michael/dobot_ws/src/install/dobot_rviz:${AMENT_PREFIX_PATH} CMAKE_PREFIX_PATH=/home/michael/dobot_ws/src/install/dobot_rviz:/home/michael/dobot_ws/install/nova5_moveit:/home/michael/dobot_ws/install/nova2_moveit:/home/michael/dobot_ws/install/me6_moveit:/home/michael/dobot_ws/install/cr7_moveit:/home/michael/dobot_ws/install/cr5_moveit:/home/michael/dobot_ws/install/cr3_moveit:/home/michael/dobot_ws/install/cr30h_moveit:/home/michael/dobot_ws/install/cr20_moveit:/home/michael/dobot_ws/install/cr16_moveit:/home/michael/dobot_ws/install/cr12_moveit:/home/michael/dobot_ws/install/cr10af_moveit:/home/michael/dobot_ws/install/cr10_moveit:/home/michael/dobot_ws/install/dobot_rviz:/home/michael/dobot_ws/install/cr_robot_ros2:/home/michael/dobot_ws/install/dobot_msgs_v4:/home/michael/dobot_ws/install/dobot_gazebo:/home/michael/dobot_ws/install/cra_description:/home/michael/dobot_ws/install/servo_action:/home/michael/dobot_ws/install/dobot_moveit:/home/michael/dobot_ws/install/dobot_demo:/opt/ros/humble /usr/bin/cmake /home/michael/dobot_ws/src/DOBOT_6Axis_ROS2_V4/cr30h_moveit -DCMAKE_INSTALL_PREFIX=/home/michael/dobot_ws/src/install/cr30h_moveit
[8.857s] DEBUG:colcon.colcon_core.event_handler.log_command:Invoked command in '/home/michael/dobot_ws/src/build/cr30h_moveit' returned '0': AMENT_PREFIX_PATH=/home/michael/dobot_ws/src/install/dobot_rviz:${AMENT_PREFIX_PATH} CMAKE_PREFIX_PATH=/home/michael/dobot_ws/src/install/dobot_rviz:/home/michael/dobot_ws/install/nova5_moveit:/home/michael/dobot_ws/install/nova2_moveit:/home/michael/dobot_ws/install/me6_moveit:/home/michael/dobot_ws/install/cr7_moveit:/home/michael/dobot_ws/install/cr5_moveit:/home/michael/dobot_ws/install/cr3_moveit:/home/michael/dobot_ws/install/cr30h_moveit:/home/michael/dobot_ws/install/cr20_moveit:/home/michael/dobot_ws/install/cr16_moveit:/home/michael/dobot_ws/install/cr12_moveit:/home/michael/dobot_ws/install/cr10af_moveit:/home/michael/dobot_ws/install/cr10_moveit:/home/michael/dobot_ws/install/dobot_rviz:/home/michael/dobot_ws/install/cr_robot_ros2:/home/michael/dobot_ws/install/dobot_msgs_v4:/home/michael/dobot_ws/install/dobot_gazebo:/home/michael/dobot_ws/install/cra_description:/home/michael/dobot_ws/install/servo_action:/home/michael/dobot_ws/install/dobot_moveit:/home/michael/dobot_ws/install/dobot_demo:/opt/ros/humble /usr/bin/cmake /home/michael/dobot_ws/src/DOBOT_6Axis_ROS2_V4/cr30h_moveit -DCMAKE_INSTALL_PREFIX=/home/michael/dobot_ws/src/install/cr30h_moveit
[8.858s] DEBUG:colcon.colcon_core.event_handler.log_command:Invoking command in '/home/michael/dobot_ws/src/build/cr30h_moveit': AMENT_PREFIX_PATH=/home/michael/dobot_ws/src/install/dobot_rviz:${AMENT_PREFIX_PATH} CMAKE_PREFIX_PATH=/home/michael/dobot_ws/src/install/dobot_rviz:/home/michael/dobot_ws/install/nova5_moveit:/home/michael/dobot_ws/install/nova2_moveit:/home/michael/dobot_ws/install/me6_moveit:/home/michael/dobot_ws/install/cr7_moveit:/home/michael/dobot_ws/install/cr5_moveit:/home/michael/dobot_ws/install/cr3_moveit:/home/michael/dobot_ws/install/cr30h_moveit:/home/michael/dobot_ws/install/cr20_moveit:/home/michael/dobot_ws/install/cr16_moveit:/home/michael/dobot_ws/install/cr12_moveit:/home/michael/dobot_ws/install/cr10af_moveit:/home/michael/dobot_ws/install/cr10_moveit:/home/michael/dobot_ws/install/dobot_rviz:/home/michael/dobot_ws/install/cr_robot_ros2:/home/michael/dobot_ws/install/dobot_msgs_v4:/home/michael/dobot_ws/install/dobot_gazebo:/home/michael/dobot_ws/install/cra_description:/home/michael/dobot_ws/install/servo_action:/home/michael/dobot_ws/install/dobot_moveit:/home/michael/dobot_ws/install/dobot_demo:/opt/ros/humble /usr/bin/cmake --build /home/michael/dobot_ws/src/build/cr30h_moveit -- -j2 -l2
[8.919s] DEBUG:colcon.colcon_core.event_handler.log_command:Invoked command in '/home/michael/dobot_ws/src/build/cr30h_moveit' returned '0': AMENT_PREFIX_PATH=/home/michael/dobot_ws/src/install/dobot_rviz:${AMENT_PREFIX_PATH} CMAKE_PREFIX_PATH=/home/michael/dobot_ws/src/install/dobot_rviz:/home/michael/dobot_ws/install/nova5_moveit:/home/michael/dobot_ws/install/nova2_moveit:/home/michael/dobot_ws/install/me6_moveit:/home/michael/dobot_ws/install/cr7_moveit:/home/michael/dobot_ws/install/cr5_moveit:/home/michael/dobot_ws/install/cr3_moveit:/home/michael/dobot_ws/install/cr30h_moveit:/home/michael/dobot_ws/install/cr20_moveit:/home/michael/dobot_ws/install/cr16_moveit:/home/michael/dobot_ws/install/cr12_moveit:/home/michael/dobot_ws/install/cr10af_moveit:/home/michael/dobot_ws/install/cr10_moveit:/home/michael/dobot_ws/install/dobot_rviz:/home/michael/dobot_ws/install/cr_robot_ros2:/home/michael/dobot_ws/install/dobot_msgs_v4:/home/michael/dobot_ws/install/dobot_gazebo:/home/michael/dobot_ws/install/cra_description:/home/michael/dobot_ws/install/servo_action:/home/michael/dobot_ws/install/dobot_moveit:/home/michael/dobot_ws/install/dobot_demo:/opt/ros/humble /usr/bin/cmake --build /home/michael/dobot_ws/src/build/cr30h_moveit -- -j2 -l2
[8.920s] DEBUG:colcon.colcon_core.event_handler.log_command:Invoking command in '/home/michael/dobot_ws/src/build/cr30h_moveit': AMENT_PREFIX_PATH=/home/michael/dobot_ws/src/install/dobot_rviz:${AMENT_PREFIX_PATH} CMAKE_PREFIX_PATH=/home/michael/dobot_ws/src/install/dobot_rviz:/home/michael/dobot_ws/install/nova5_moveit:/home/michael/dobot_ws/install/nova2_moveit:/home/michael/dobot_ws/install/me6_moveit:/home/michael/dobot_ws/install/cr7_moveit:/home/michael/dobot_ws/install/cr5_moveit:/home/michael/dobot_ws/install/cr3_moveit:/home/michael/dobot_ws/install/cr30h_moveit:/home/michael/dobot_ws/install/cr20_moveit:/home/michael/dobot_ws/install/cr16_moveit:/home/michael/dobot_ws/install/cr12_moveit:/home/michael/dobot_ws/install/cr10af_moveit:/home/michael/dobot_ws/install/cr10_moveit:/home/michael/dobot_ws/install/dobot_rviz:/home/michael/dobot_ws/install/cr_robot_ros2:/home/michael/dobot_ws/install/dobot_msgs_v4:/home/michael/dobot_ws/install/dobot_gazebo:/home/michael/dobot_ws/install/cra_description:/home/michael/dobot_ws/install/servo_action:/home/michael/dobot_ws/install/dobot_moveit:/home/michael/dobot_ws/install/dobot_demo:/opt/ros/humble /usr/bin/cmake --install /home/michael/dobot_ws/src/build/cr30h_moveit
[8.962s] Level 1:colcon.colcon_core.environment:create_environment_scripts_only(cr30h_moveit)
[8.962s] Level 1:colcon.colcon_core.environment:checking '/home/michael/dobot_ws/src/install/cr30h_moveit' for CMake module files
[8.962s] Level 1:colcon.colcon_core.environment:checking '/home/michael/dobot_ws/src/install/cr30h_moveit' for CMake config files
[8.963s] Level 1:colcon.colcon_core.shell:create_environment_hook('cr30h_moveit', 'cmake_prefix_path')
[8.964s] INFO:colcon.colcon_core.shell:Creating environment hook '/home/michael/dobot_ws/src/install/cr30h_moveit/share/cr30h_moveit/hook/cmake_prefix_path.ps1'
[8.964s] DEBUG:colcon.colcon_core.event_handler.log_command:Invoked command in '/home/michael/dobot_ws/src/build/cr30h_moveit' returned '0': AMENT_PREFIX_PATH=/home/michael/dobot_ws/src/install/dobot_rviz:${AMENT_PREFIX_PATH} CMAKE_PREFIX_PATH=/home/michael/dobot_ws/src/install/dobot_rviz:/home/michael/dobot_ws/install/nova5_moveit:/home/michael/dobot_ws/install/nova2_moveit:/home/michael/dobot_ws/install/me6_moveit:/home/michael/dobot_ws/install/cr7_moveit:/home/michael/dobot_ws/install/cr5_moveit:/home/michael/dobot_ws/install/cr3_moveit:/home/michael/dobot_ws/install/cr30h_moveit:/home/michael/dobot_ws/install/cr20_moveit:/home/michael/dobot_ws/install/cr16_moveit:/home/michael/dobot_ws/install/cr12_moveit:/home/michael/dobot_ws/install/cr10af_moveit:/home/michael/dobot_ws/install/cr10_moveit:/home/michael/dobot_ws/install/dobot_rviz:/home/michael/dobot_ws/install/cr_robot_ros2:/home/michael/dobot_ws/install/dobot_msgs_v4:/home/michael/dobot_ws/install/dobot_gazebo:/home/michael/dobot_ws/install/cra_description:/home/michael/dobot_ws/install/servo_action:/home/michael/dobot_ws/install/dobot_moveit:/home/michael/dobot_ws/install/dobot_demo:/opt/ros/humble /usr/bin/cmake --install /home/michael/dobot_ws/src/build/cr30h_moveit
[8.965s] INFO:colcon.colcon_core.shell:Creating environment descriptor '/home/michael/dobot_ws/src/install/cr30h_moveit/share/cr30h_moveit/hook/cmake_prefix_path.dsv'
[8.966s] INFO:colcon.colcon_core.shell:Creating environment hook '/home/michael/dobot_ws/src/install/cr30h_moveit/share/cr30h_moveit/hook/cmake_prefix_path.sh'
[8.967s] Level 1:colcon.colcon_core.environment:checking '/home/michael/dobot_ws/src/install/cr30h_moveit/bin'
[8.967s] Level 1:colcon.colcon_core.environment:checking '/home/michael/dobot_ws/src/install/cr30h_moveit/lib/pkgconfig/cr30h_moveit.pc'
[8.968s] Level 1:colcon.colcon_core.environment:checking '/home/michael/dobot_ws/src/install/cr30h_moveit/lib/python3.10/site-packages'
[8.968s] Level 1:colcon.colcon_core.environment:checking '/home/michael/dobot_ws/src/install/cr30h_moveit/bin'
[8.968s] INFO:colcon.colcon_core.shell:Creating package script '/home/michael/dobot_ws/src/install/cr30h_moveit/share/cr30h_moveit/package.ps1'
[8.968s] INFO:colcon.colcon_core.shell:Creating package descriptor '/home/michael/dobot_ws/src/install/cr30h_moveit/share/cr30h_moveit/package.dsv'
[8.970s] INFO:colcon.colcon_core.shell:Creating package script '/home/michael/dobot_ws/src/install/cr30h_moveit/share/cr30h_moveit/package.sh'
[8.971s] INFO:colcon.colcon_core.shell:Creating package script '/home/michael/dobot_ws/src/install/cr30h_moveit/share/cr30h_moveit/package.bash'
[8.971s] INFO:colcon.colcon_core.shell:Creating package script '/home/michael/dobot_ws/src/install/cr30h_moveit/share/cr30h_moveit/package.zsh'
[8.971s] Level 1:colcon.colcon_core.environment:create_file_with_runtime_dependencies(/home/michael/dobot_ws/src/install/cr30h_moveit/share/colcon-core/packages/cr30h_moveit)
[8.972s] Level 1:colcon.colcon_core.environment:create_environment_scripts_only(cr30h_moveit)
[8.972s] Level 1:colcon.colcon_core.environment:checking '/home/michael/dobot_ws/src/install/cr30h_moveit' for CMake module files
[8.973s] Level 1:colcon.colcon_core.environment:checking '/home/michael/dobot_ws/src/install/cr30h_moveit' for CMake config files
[8.973s] Level 1:colcon.colcon_core.shell:create_environment_hook('cr30h_moveit', 'cmake_prefix_path')
[8.973s] INFO:colcon.colcon_core.shell:Creating environment hook '/home/michael/dobot_ws/src/install/cr30h_moveit/share/cr30h_moveit/hook/cmake_prefix_path.ps1'
[8.974s] INFO:colcon.colcon_core.shell:Creating environment descriptor '/home/michael/dobot_ws/src/install/cr30h_moveit/share/cr30h_moveit/hook/cmake_prefix_path.dsv'
[8.975s] INFO:colcon.colcon_core.shell:Creating environment hook '/home/michael/dobot_ws/src/install/cr30h_moveit/share/cr30h_moveit/hook/cmake_prefix_path.sh'
[8.976s] Level 1:colcon.colcon_core.environment:checking '/home/michael/dobot_ws/src/install/cr30h_moveit/bin'
[8.976s] Level 1:colcon.colcon_core.environment:checking '/home/michael/dobot_ws/src/install/cr30h_moveit/lib/pkgconfig/cr30h_moveit.pc'
[8.977s] Level 1:colcon.colcon_core.environment:checking '/home/michael/dobot_ws/src/install/cr30h_moveit/lib/python3.10/site-packages'
[8.978s] Level 1:colcon.colcon_core.environment:checking '/home/michael/dobot_ws/src/install/cr30h_moveit/bin'
[8.978s] INFO:colcon.colcon_core.shell:Creating package script '/home/michael/dobot_ws/src/install/cr30h_moveit/share/cr30h_moveit/package.ps1'
[8.978s] INFO:colcon.colcon_core.shell:Creating package descriptor '/home/michael/dobot_ws/src/install/cr30h_moveit/share/cr30h_moveit/package.dsv'
[8.980s] INFO:colcon.colcon_core.shell:Creating package script '/home/michael/dobot_ws/src/install/cr30h_moveit/share/cr30h_moveit/package.sh'
[8.981s] INFO:colcon.colcon_core.shell:Creating package script '/home/michael/dobot_ws/src/install/cr30h_moveit/share/cr30h_moveit/package.bash'
[8.983s] INFO:colcon.colcon_core.shell:Creating package script '/home/michael/dobot_ws/src/install/cr30h_moveit/share/cr30h_moveit/package.zsh'
[8.984s] Level 1:colcon.colcon_core.environment:create_file_with_runtime_dependencies(/home/michael/dobot_ws/src/install/cr30h_moveit/share/colcon-core/packages/cr30h_moveit)
[8.985s] INFO:colcon.colcon_ros.task.ament_cmake.build:Building ROS package in '/home/michael/dobot_ws/src/DOBOT_6Axis_ROS2_V4/cr3_moveit' with build type 'ament_cmake'
[8.985s] INFO:colcon.colcon_cmake.task.cmake.build:Building CMake package in '/home/michael/dobot_ws/src/DOBOT_6Axis_ROS2_V4/cr3_moveit'
[8.985s] INFO:colcon.colcon_core.shell:Skip shell extension 'powershell' for command environment: Not usable outside of PowerShell
[8.985s] DEBUG:colcon.colcon_core.shell:Skip shell extension 'dsv' for command environment
[9.002s] DEBUG:colcon.colcon_core.event_handler.log_command:Invoking command in '/home/michael/dobot_ws/src/build/cr3_moveit': AMENT_PREFIX_PATH=/home/michael/dobot_ws/src/install/dobot_rviz:${AMENT_PREFIX_PATH} CMAKE_PREFIX_PATH=/home/michael/dobot_ws/src/install/dobot_rviz:/home/michael/dobot_ws/install/nova5_moveit:/home/michael/dobot_ws/install/nova2_moveit:/home/michael/dobot_ws/install/me6_moveit:/home/michael/dobot_ws/install/cr7_moveit:/home/michael/dobot_ws/install/cr5_moveit:/home/michael/dobot_ws/install/cr3_moveit:/home/michael/dobot_ws/install/cr30h_moveit:/home/michael/dobot_ws/install/cr20_moveit:/home/michael/dobot_ws/install/cr16_moveit:/home/michael/dobot_ws/install/cr12_moveit:/home/michael/dobot_ws/install/cr10af_moveit:/home/michael/dobot_ws/install/cr10_moveit:/home/michael/dobot_ws/install/dobot_rviz:/home/michael/dobot_ws/install/cr_robot_ros2:/home/michael/dobot_ws/install/dobot_msgs_v4:/home/michael/dobot_ws/install/dobot_gazebo:/home/michael/dobot_ws/install/cra_description:/home/michael/dobot_ws/install/servo_action:/home/michael/dobot_ws/install/dobot_moveit:/home/michael/dobot_ws/install/dobot_demo:/opt/ros/humble /usr/bin/cmake /home/michael/dobot_ws/src/DOBOT_6Axis_ROS2_V4/cr3_moveit -DCMAKE_INSTALL_PREFIX=/home/michael/dobot_ws/src/install/cr3_moveit
[9.570s] DEBUG:colcon.colcon_core.event_handler.log_command:Invoked command in '/home/michael/dobot_ws/src/build/cr3_moveit' returned '0': AMENT_PREFIX_PATH=/home/michael/dobot_ws/src/install/dobot_rviz:${AMENT_PREFIX_PATH} CMAKE_PREFIX_PATH=/home/michael/dobot_ws/src/install/dobot_rviz:/home/michael/dobot_ws/install/nova5_moveit:/home/michael/dobot_ws/install/nova2_moveit:/home/michael/dobot_ws/install/me6_moveit:/home/michael/dobot_ws/install/cr7_moveit:/home/michael/dobot_ws/install/cr5_moveit:/home/michael/dobot_ws/install/cr3_moveit:/home/michael/dobot_ws/install/cr30h_moveit:/home/michael/dobot_ws/install/cr20_moveit:/home/michael/dobot_ws/install/cr16_moveit:/home/michael/dobot_ws/install/cr12_moveit:/home/michael/dobot_ws/install/cr10af_moveit:/home/michael/dobot_ws/install/cr10_moveit:/home/michael/dobot_ws/install/dobot_rviz:/home/michael/dobot_ws/install/cr_robot_ros2:/home/michael/dobot_ws/install/dobot_msgs_v4:/home/michael/dobot_ws/install/dobot_gazebo:/home/michael/dobot_ws/install/cra_description:/home/michael/dobot_ws/install/servo_action:/home/michael/dobot_ws/install/dobot_moveit:/home/michael/dobot_ws/install/dobot_demo:/opt/ros/humble /usr/bin/cmake /home/michael/dobot_ws/src/DOBOT_6Axis_ROS2_V4/cr3_moveit -DCMAKE_INSTALL_PREFIX=/home/michael/dobot_ws/src/install/cr3_moveit
[9.573s] DEBUG:colcon.colcon_core.event_handler.log_command:Invoking command in '/home/michael/dobot_ws/src/build/cr3_moveit': AMENT_PREFIX_PATH=/home/michael/dobot_ws/src/install/dobot_rviz:${AMENT_PREFIX_PATH} CMAKE_PREFIX_PATH=/home/michael/dobot_ws/src/install/dobot_rviz:/home/michael/dobot_ws/install/nova5_moveit:/home/michael/dobot_ws/install/nova2_moveit:/home/michael/dobot_ws/install/me6_moveit:/home/michael/dobot_ws/install/cr7_moveit:/home/michael/dobot_ws/install/cr5_moveit:/home/michael/dobot_ws/install/cr3_moveit:/home/michael/dobot_ws/install/cr30h_moveit:/home/michael/dobot_ws/install/cr20_moveit:/home/michael/dobot_ws/install/cr16_moveit:/home/michael/dobot_ws/install/cr12_moveit:/home/michael/dobot_ws/install/cr10af_moveit:/home/michael/dobot_ws/install/cr10_moveit:/home/michael/dobot_ws/install/dobot_rviz:/home/michael/dobot_ws/install/cr_robot_ros2:/home/michael/dobot_ws/install/dobot_msgs_v4:/home/michael/dobot_ws/install/dobot_gazebo:/home/michael/dobot_ws/install/cra_description:/home/michael/dobot_ws/install/servo_action:/home/michael/dobot_ws/install/dobot_moveit:/home/michael/dobot_ws/install/dobot_demo:/opt/ros/humble /usr/bin/cmake --build /home/michael/dobot_ws/src/build/cr3_moveit -- -j2 -l2
[9.641s] DEBUG:colcon.colcon_core.event_handler.log_command:Invoked command in '/home/michael/dobot_ws/src/build/cr3_moveit' returned '0': AMENT_PREFIX_PATH=/home/michael/dobot_ws/src/install/dobot_rviz:${AMENT_PREFIX_PATH} CMAKE_PREFIX_PATH=/home/michael/dobot_ws/src/install/dobot_rviz:/home/michael/dobot_ws/install/nova5_moveit:/home/michael/dobot_ws/install/nova2_moveit:/home/michael/dobot_ws/install/me6_moveit:/home/michael/dobot_ws/install/cr7_moveit:/home/michael/dobot_ws/install/cr5_moveit:/home/michael/dobot_ws/install/cr3_moveit:/home/michael/dobot_ws/install/cr30h_moveit:/home/michael/dobot_ws/install/cr20_moveit:/home/michael/dobot_ws/install/cr16_moveit:/home/michael/dobot_ws/install/cr12_moveit:/home/michael/dobot_ws/install/cr10af_moveit:/home/michael/dobot_ws/install/cr10_moveit:/home/michael/dobot_ws/install/dobot_rviz:/home/michael/dobot_ws/install/cr_robot_ros2:/home/michael/dobot_ws/install/dobot_msgs_v4:/home/michael/dobot_ws/install/dobot_gazebo:/home/michael/dobot_ws/install/cra_description:/home/michael/dobot_ws/install/servo_action:/home/michael/dobot_ws/install/dobot_moveit:/home/michael/dobot_ws/install/dobot_demo:/opt/ros/humble /usr/bin/cmake --build /home/michael/dobot_ws/src/build/cr3_moveit -- -j2 -l2
[9.644s] DEBUG:colcon.colcon_core.event_handler.log_command:Invoking command in '/home/michael/dobot_ws/src/build/cr3_moveit': AMENT_PREFIX_PATH=/home/michael/dobot_ws/src/install/dobot_rviz:${AMENT_PREFIX_PATH} CMAKE_PREFIX_PATH=/home/michael/dobot_ws/src/install/dobot_rviz:/home/michael/dobot_ws/install/nova5_moveit:/home/michael/dobot_ws/install/nova2_moveit:/home/michael/dobot_ws/install/me6_moveit:/home/michael/dobot_ws/install/cr7_moveit:/home/michael/dobot_ws/install/cr5_moveit:/home/michael/dobot_ws/install/cr3_moveit:/home/michael/dobot_ws/install/cr30h_moveit:/home/michael/dobot_ws/install/cr20_moveit:/home/michael/dobot_ws/install/cr16_moveit:/home/michael/dobot_ws/install/cr12_moveit:/home/michael/dobot_ws/install/cr10af_moveit:/home/michael/dobot_ws/install/cr10_moveit:/home/michael/dobot_ws/install/dobot_rviz:/home/michael/dobot_ws/install/cr_robot_ros2:/home/michael/dobot_ws/install/dobot_msgs_v4:/home/michael/dobot_ws/install/dobot_gazebo:/home/michael/dobot_ws/install/cra_description:/home/michael/dobot_ws/install/servo_action:/home/michael/dobot_ws/install/dobot_moveit:/home/michael/dobot_ws/install/dobot_demo:/opt/ros/humble /usr/bin/cmake --install /home/michael/dobot_ws/src/build/cr3_moveit
[9.691s] Level 1:colcon.colcon_core.environment:create_environment_scripts_only(cr3_moveit)
[9.691s] Level 1:colcon.colcon_core.environment:checking '/home/michael/dobot_ws/src/install/cr3_moveit' for CMake module files
[9.691s] DEBUG:colcon.colcon_core.event_handler.log_command:Invoked command in '/home/michael/dobot_ws/src/build/cr3_moveit' returned '0': AMENT_PREFIX_PATH=/home/michael/dobot_ws/src/install/dobot_rviz:${AMENT_PREFIX_PATH} CMAKE_PREFIX_PATH=/home/michael/dobot_ws/src/install/dobot_rviz:/home/michael/dobot_ws/install/nova5_moveit:/home/michael/dobot_ws/install/nova2_moveit:/home/michael/dobot_ws/install/me6_moveit:/home/michael/dobot_ws/install/cr7_moveit:/home/michael/dobot_ws/install/cr5_moveit:/home/michael/dobot_ws/install/cr3_moveit:/home/michael/dobot_ws/install/cr30h_moveit:/home/michael/dobot_ws/install/cr20_moveit:/home/michael/dobot_ws/install/cr16_moveit:/home/michael/dobot_ws/install/cr12_moveit:/home/michael/dobot_ws/install/cr10af_moveit:/home/michael/dobot_ws/install/cr10_moveit:/home/michael/dobot_ws/install/dobot_rviz:/home/michael/dobot_ws/install/cr_robot_ros2:/home/michael/dobot_ws/install/dobot_msgs_v4:/home/michael/dobot_ws/install/dobot_gazebo:/home/michael/dobot_ws/install/cra_description:/home/michael/dobot_ws/install/servo_action:/home/michael/dobot_ws/install/dobot_moveit:/home/michael/dobot_ws/install/dobot_demo:/opt/ros/humble /usr/bin/cmake --install /home/michael/dobot_ws/src/build/cr3_moveit
[9.693s] Level 1:colcon.colcon_core.environment:checking '/home/michael/dobot_ws/src/install/cr3_moveit' for CMake config files
[9.693s] Level 1:colcon.colcon_core.shell:create_environment_hook('cr3_moveit', 'cmake_prefix_path')
[9.693s] INFO:colcon.colcon_core.shell:Creating environment hook '/home/michael/dobot_ws/src/install/cr3_moveit/share/cr3_moveit/hook/cmake_prefix_path.ps1'
[9.693s] INFO:colcon.colcon_core.shell:Creating environment descriptor '/home/michael/dobot_ws/src/install/cr3_moveit/share/cr3_moveit/hook/cmake_prefix_path.dsv'
[9.693s] INFO:colcon.colcon_core.shell:Creating environment hook '/home/michael/dobot_ws/src/install/cr3_moveit/share/cr3_moveit/hook/cmake_prefix_path.sh'
[9.694s] Level 1:colcon.colcon_core.environment:checking '/home/michael/dobot_ws/src/install/cr3_moveit/bin'
[9.694s] Level 1:colcon.colcon_core.environment:checking '/home/michael/dobot_ws/src/install/cr3_moveit/lib/pkgconfig/cr3_moveit.pc'
[9.694s] Level 1:colcon.colcon_core.environment:checking '/home/michael/dobot_ws/src/install/cr3_moveit/lib/python3.10/site-packages'
[9.694s] Level 1:colcon.colcon_core.environment:checking '/home/michael/dobot_ws/src/install/cr3_moveit/bin'
[9.696s] INFO:colcon.colcon_core.shell:Creating package script '/home/michael/dobot_ws/src/install/cr3_moveit/share/cr3_moveit/package.ps1'
[9.697s] INFO:colcon.colcon_core.shell:Creating package descriptor '/home/michael/dobot_ws/src/install/cr3_moveit/share/cr3_moveit/package.dsv'
[9.699s] INFO:colcon.colcon_core.shell:Creating package script '/home/michael/dobot_ws/src/install/cr3_moveit/share/cr3_moveit/package.sh'
[9.699s] INFO:colcon.colcon_core.shell:Creating package script '/home/michael/dobot_ws/src/install/cr3_moveit/share/cr3_moveit/package.bash'
[9.699s] INFO:colcon.colcon_core.shell:Creating package script '/home/michael/dobot_ws/src/install/cr3_moveit/share/cr3_moveit/package.zsh'
[9.700s] Level 1:colcon.colcon_core.environment:create_file_with_runtime_dependencies(/home/michael/dobot_ws/src/install/cr3_moveit/share/colcon-core/packages/cr3_moveit)
[9.700s] Level 1:colcon.colcon_core.environment:create_environment_scripts_only(cr3_moveit)
[9.700s] Level 1:colcon.colcon_core.environment:checking '/home/michael/dobot_ws/src/install/cr3_moveit' for CMake module files
[9.700s] Level 1:colcon.colcon_core.environment:checking '/home/michael/dobot_ws/src/install/cr3_moveit' for CMake config files
[9.701s] Level 1:colcon.colcon_core.shell:create_environment_hook('cr3_moveit', 'cmake_prefix_path')
[9.701s] INFO:colcon.colcon_core.shell:Creating environment hook '/home/michael/dobot_ws/src/install/cr3_moveit/share/cr3_moveit/hook/cmake_prefix_path.ps1'
[9.703s] INFO:colcon.colcon_core.shell:Creating environment descriptor '/home/michael/dobot_ws/src/install/cr3_moveit/share/cr3_moveit/hook/cmake_prefix_path.dsv'
[9.704s] INFO:colcon.colcon_core.shell:Creating environment hook '/home/michael/dobot_ws/src/install/cr3_moveit/share/cr3_moveit/hook/cmake_prefix_path.sh'
[9.705s] Level 1:colcon.colcon_core.environment:checking '/home/michael/dobot_ws/src/install/cr3_moveit/bin'
[9.705s] Level 1:colcon.colcon_core.environment:checking '/home/michael/dobot_ws/src/install/cr3_moveit/lib/pkgconfig/cr3_moveit.pc'
[9.705s] Level 1:colcon.colcon_core.environment:checking '/home/michael/dobot_ws/src/install/cr3_moveit/lib/python3.10/site-packages'
[9.705s] Level 1:colcon.colcon_core.environment:checking '/home/michael/dobot_ws/src/install/cr3_moveit/bin'
[9.705s] INFO:colcon.colcon_core.shell:Creating package script '/home/michael/dobot_ws/src/install/cr3_moveit/share/cr3_moveit/package.ps1'
[9.707s] INFO:colcon.colcon_core.shell:Creating package descriptor '/home/michael/dobot_ws/src/install/cr3_moveit/share/cr3_moveit/package.dsv'
[9.709s] INFO:colcon.colcon_core.shell:Creating package script '/home/michael/dobot_ws/src/install/cr3_moveit/share/cr3_moveit/package.sh'
[9.710s] INFO:colcon.colcon_core.shell:Creating package script '/home/michael/dobot_ws/src/install/cr3_moveit/share/cr3_moveit/package.bash'
[9.711s] INFO:colcon.colcon_core.shell:Creating package script '/home/michael/dobot_ws/src/install/cr3_moveit/share/cr3_moveit/package.zsh'
[9.713s] Level 1:colcon.colcon_core.environment:create_file_with_runtime_dependencies(/home/michael/dobot_ws/src/install/cr3_moveit/share/colcon-core/packages/cr3_moveit)
[9.714s] INFO:colcon.colcon_ros.task.ament_cmake.build:Building ROS package in '/home/michael/dobot_ws/src/DOBOT_6Axis_ROS2_V4/cr5_moveit' with build type 'ament_cmake'
[9.714s] INFO:colcon.colcon_cmake.task.cmake.build:Building CMake package in '/home/michael/dobot_ws/src/DOBOT_6Axis_ROS2_V4/cr5_moveit'
[9.715s] INFO:colcon.colcon_core.shell:Skip shell extension 'powershell' for command environment: Not usable outside of PowerShell
[9.715s] DEBUG:colcon.colcon_core.shell:Skip shell extension 'dsv' for command environment
[9.730s] DEBUG:colcon.colcon_core.event_handler.log_command:Invoking command in '/home/michael/dobot_ws/src/build/cr5_moveit': AMENT_PREFIX_PATH=/home/michael/dobot_ws/src/install/dobot_rviz:${AMENT_PREFIX_PATH} CMAKE_PREFIX_PATH=/home/michael/dobot_ws/src/install/dobot_rviz:/home/michael/dobot_ws/install/nova5_moveit:/home/michael/dobot_ws/install/nova2_moveit:/home/michael/dobot_ws/install/me6_moveit:/home/michael/dobot_ws/install/cr7_moveit:/home/michael/dobot_ws/install/cr5_moveit:/home/michael/dobot_ws/install/cr3_moveit:/home/michael/dobot_ws/install/cr30h_moveit:/home/michael/dobot_ws/install/cr20_moveit:/home/michael/dobot_ws/install/cr16_moveit:/home/michael/dobot_ws/install/cr12_moveit:/home/michael/dobot_ws/install/cr10af_moveit:/home/michael/dobot_ws/install/cr10_moveit:/home/michael/dobot_ws/install/dobot_rviz:/home/michael/dobot_ws/install/cr_robot_ros2:/home/michael/dobot_ws/install/dobot_msgs_v4:/home/michael/dobot_ws/install/dobot_gazebo:/home/michael/dobot_ws/install/cra_description:/home/michael/dobot_ws/install/servo_action:/home/michael/dobot_ws/install/dobot_moveit:/home/michael/dobot_ws/install/dobot_demo:/opt/ros/humble /usr/bin/cmake /home/michael/dobot_ws/src/DOBOT_6Axis_ROS2_V4/cr5_moveit -DCMAKE_INSTALL_PREFIX=/home/michael/dobot_ws/src/install/cr5_moveit
[10.726s] DEBUG:colcon.colcon_core.event_handler.log_command:Invoked command in '/home/michael/dobot_ws/src/build/cr5_moveit' returned '0': AMENT_PREFIX_PATH=/home/michael/dobot_ws/src/install/dobot_rviz:${AMENT_PREFIX_PATH} CMAKE_PREFIX_PATH=/home/michael/dobot_ws/src/install/dobot_rviz:/home/michael/dobot_ws/install/nova5_moveit:/home/michael/dobot_ws/install/nova2_moveit:/home/michael/dobot_ws/install/me6_moveit:/home/michael/dobot_ws/install/cr7_moveit:/home/michael/dobot_ws/install/cr5_moveit:/home/michael/dobot_ws/install/cr3_moveit:/home/michael/dobot_ws/install/cr30h_moveit:/home/michael/dobot_ws/install/cr20_moveit:/home/michael/dobot_ws/install/cr16_moveit:/home/michael/dobot_ws/install/cr12_moveit:/home/michael/dobot_ws/install/cr10af_moveit:/home/michael/dobot_ws/install/cr10_moveit:/home/michael/dobot_ws/install/dobot_rviz:/home/michael/dobot_ws/install/cr_robot_ros2:/home/michael/dobot_ws/install/dobot_msgs_v4:/home/michael/dobot_ws/install/dobot_gazebo:/home/michael/dobot_ws/install/cra_description:/home/michael/dobot_ws/install/servo_action:/home/michael/dobot_ws/install/dobot_moveit:/home/michael/dobot_ws/install/dobot_demo:/opt/ros/humble /usr/bin/cmake /home/michael/dobot_ws/src/DOBOT_6Axis_ROS2_V4/cr5_moveit -DCMAKE_INSTALL_PREFIX=/home/michael/dobot_ws/src/install/cr5_moveit
[10.727s] DEBUG:colcon.colcon_core.event_handler.log_command:Invoking command in '/home/michael/dobot_ws/src/build/cr5_moveit': AMENT_PREFIX_PATH=/home/michael/dobot_ws/src/install/dobot_rviz:${AMENT_PREFIX_PATH} CMAKE_PREFIX_PATH=/home/michael/dobot_ws/src/install/dobot_rviz:/home/michael/dobot_ws/install/nova5_moveit:/home/michael/dobot_ws/install/nova2_moveit:/home/michael/dobot_ws/install/me6_moveit:/home/michael/dobot_ws/install/cr7_moveit:/home/michael/dobot_ws/install/cr5_moveit:/home/michael/dobot_ws/install/cr3_moveit:/home/michael/dobot_ws/install/cr30h_moveit:/home/michael/dobot_ws/install/cr20_moveit:/home/michael/dobot_ws/install/cr16_moveit:/home/michael/dobot_ws/install/cr12_moveit:/home/michael/dobot_ws/install/cr10af_moveit:/home/michael/dobot_ws/install/cr10_moveit:/home/michael/dobot_ws/install/dobot_rviz:/home/michael/dobot_ws/install/cr_robot_ros2:/home/michael/dobot_ws/install/dobot_msgs_v4:/home/michael/dobot_ws/install/dobot_gazebo:/home/michael/dobot_ws/install/cra_description:/home/michael/dobot_ws/install/servo_action:/home/michael/dobot_ws/install/dobot_moveit:/home/michael/dobot_ws/install/dobot_demo:/opt/ros/humble /usr/bin/cmake --build /home/michael/dobot_ws/src/build/cr5_moveit -- -j2 -l2
[10.759s] DEBUG:colcon.colcon_core.event_handler.log_command:Invoked command in '/home/michael/dobot_ws/src/build/cr5_moveit' returned '0': AMENT_PREFIX_PATH=/home/michael/dobot_ws/src/install/dobot_rviz:${AMENT_PREFIX_PATH} CMAKE_PREFIX_PATH=/home/michael/dobot_ws/src/install/dobot_rviz:/home/michael/dobot_ws/install/nova5_moveit:/home/michael/dobot_ws/install/nova2_moveit:/home/michael/dobot_ws/install/me6_moveit:/home/michael/dobot_ws/install/cr7_moveit:/home/michael/dobot_ws/install/cr5_moveit:/home/michael/dobot_ws/install/cr3_moveit:/home/michael/dobot_ws/install/cr30h_moveit:/home/michael/dobot_ws/install/cr20_moveit:/home/michael/dobot_ws/install/cr16_moveit:/home/michael/dobot_ws/install/cr12_moveit:/home/michael/dobot_ws/install/cr10af_moveit:/home/michael/dobot_ws/install/cr10_moveit:/home/michael/dobot_ws/install/dobot_rviz:/home/michael/dobot_ws/install/cr_robot_ros2:/home/michael/dobot_ws/install/dobot_msgs_v4:/home/michael/dobot_ws/install/dobot_gazebo:/home/michael/dobot_ws/install/cra_description:/home/michael/dobot_ws/install/servo_action:/home/michael/dobot_ws/install/dobot_moveit:/home/michael/dobot_ws/install/dobot_demo:/opt/ros/humble /usr/bin/cmake --build /home/michael/dobot_ws/src/build/cr5_moveit -- -j2 -l2
[10.760s] DEBUG:colcon.colcon_core.event_handler.log_command:Invoking command in '/home/michael/dobot_ws/src/build/cr5_moveit': AMENT_PREFIX_PATH=/home/michael/dobot_ws/src/install/dobot_rviz:${AMENT_PREFIX_PATH} CMAKE_PREFIX_PATH=/home/michael/dobot_ws/src/install/dobot_rviz:/home/michael/dobot_ws/install/nova5_moveit:/home/michael/dobot_ws/install/nova2_moveit:/home/michael/dobot_ws/install/me6_moveit:/home/michael/dobot_ws/install/cr7_moveit:/home/michael/dobot_ws/install/cr5_moveit:/home/michael/dobot_ws/install/cr3_moveit:/home/michael/dobot_ws/install/cr30h_moveit:/home/michael/dobot_ws/install/cr20_moveit:/home/michael/dobot_ws/install/cr16_moveit:/home/michael/dobot_ws/install/cr12_moveit:/home/michael/dobot_ws/install/cr10af_moveit:/home/michael/dobot_ws/install/cr10_moveit:/home/michael/dobot_ws/install/dobot_rviz:/home/michael/dobot_ws/install/cr_robot_ros2:/home/michael/dobot_ws/install/dobot_msgs_v4:/home/michael/dobot_ws/install/dobot_gazebo:/home/michael/dobot_ws/install/cra_description:/home/michael/dobot_ws/install/servo_action:/home/michael/dobot_ws/install/dobot_moveit:/home/michael/dobot_ws/install/dobot_demo:/opt/ros/humble /usr/bin/cmake --install /home/michael/dobot_ws/src/build/cr5_moveit
[10.781s] Level 1:colcon.colcon_core.environment:create_environment_scripts_only(cr5_moveit)
[10.781s] Level 1:colcon.colcon_core.environment:checking '/home/michael/dobot_ws/src/install/cr5_moveit' for CMake module files
[10.782s] DEBUG:colcon.colcon_core.event_handler.log_command:Invoked command in '/home/michael/dobot_ws/src/build/cr5_moveit' returned '0': AMENT_PREFIX_PATH=/home/michael/dobot_ws/src/install/dobot_rviz:${AMENT_PREFIX_PATH} CMAKE_PREFIX_PATH=/home/michael/dobot_ws/src/install/dobot_rviz:/home/michael/dobot_ws/install/nova5_moveit:/home/michael/dobot_ws/install/nova2_moveit:/home/michael/dobot_ws/install/me6_moveit:/home/michael/dobot_ws/install/cr7_moveit:/home/michael/dobot_ws/install/cr5_moveit:/home/michael/dobot_ws/install/cr3_moveit:/home/michael/dobot_ws/install/cr30h_moveit:/home/michael/dobot_ws/install/cr20_moveit:/home/michael/dobot_ws/install/cr16_moveit:/home/michael/dobot_ws/install/cr12_moveit:/home/michael/dobot_ws/install/cr10af_moveit:/home/michael/dobot_ws/install/cr10_moveit:/home/michael/dobot_ws/install/dobot_rviz:/home/michael/dobot_ws/install/cr_robot_ros2:/home/michael/dobot_ws/install/dobot_msgs_v4:/home/michael/dobot_ws/install/dobot_gazebo:/home/michael/dobot_ws/install/cra_description:/home/michael/dobot_ws/install/servo_action:/home/michael/dobot_ws/install/dobot_moveit:/home/michael/dobot_ws/install/dobot_demo:/opt/ros/humble /usr/bin/cmake --install /home/michael/dobot_ws/src/build/cr5_moveit
[10.783s] Level 1:colcon.colcon_core.environment:checking '/home/michael/dobot_ws/src/install/cr5_moveit' for CMake config files
[10.783s] Level 1:colcon.colcon_core.shell:create_environment_hook('cr5_moveit', 'cmake_prefix_path')
[10.783s] INFO:colcon.colcon_core.shell:Creating environment hook '/home/michael/dobot_ws/src/install/cr5_moveit/share/cr5_moveit/hook/cmake_prefix_path.ps1'
[10.783s] INFO:colcon.colcon_core.shell:Creating environment descriptor '/home/michael/dobot_ws/src/install/cr5_moveit/share/cr5_moveit/hook/cmake_prefix_path.dsv'
[10.783s] INFO:colcon.colcon_core.shell:Creating environment hook '/home/michael/dobot_ws/src/install/cr5_moveit/share/cr5_moveit/hook/cmake_prefix_path.sh'
[10.784s] Level 1:colcon.colcon_core.environment:checking '/home/michael/dobot_ws/src/install/cr5_moveit/bin'
[10.784s] Level 1:colcon.colcon_core.environment:checking '/home/michael/dobot_ws/src/install/cr5_moveit/lib/pkgconfig/cr5_moveit.pc'
[10.784s] Level 1:colcon.colcon_core.environment:checking '/home/michael/dobot_ws/src/install/cr5_moveit/lib/python3.10/site-packages'
[10.784s] Level 1:colcon.colcon_core.environment:checking '/home/michael/dobot_ws/src/install/cr5_moveit/bin'
[10.785s] INFO:colcon.colcon_core.shell:Creating package script '/home/michael/dobot_ws/src/install/cr5_moveit/share/cr5_moveit/package.ps1'
[10.785s] INFO:colcon.colcon_core.shell:Creating package descriptor '/home/michael/dobot_ws/src/install/cr5_moveit/share/cr5_moveit/package.dsv'
[10.786s] INFO:colcon.colcon_core.shell:Creating package script '/home/michael/dobot_ws/src/install/cr5_moveit/share/cr5_moveit/package.sh'
[10.786s] INFO:colcon.colcon_core.shell:Creating package script '/home/michael/dobot_ws/src/install/cr5_moveit/share/cr5_moveit/package.bash'
[10.786s] INFO:colcon.colcon_core.shell:Creating package script '/home/michael/dobot_ws/src/install/cr5_moveit/share/cr5_moveit/package.zsh'
[10.786s] Level 1:colcon.colcon_core.environment:create_file_with_runtime_dependencies(/home/michael/dobot_ws/src/install/cr5_moveit/share/colcon-core/packages/cr5_moveit)
[10.787s] Level 1:colcon.colcon_core.environment:create_environment_scripts_only(cr5_moveit)
[10.787s] Level 1:colcon.colcon_core.environment:checking '/home/michael/dobot_ws/src/install/cr5_moveit' for CMake module files
[10.787s] Level 1:colcon.colcon_core.environment:checking '/home/michael/dobot_ws/src/install/cr5_moveit' for CMake config files
[10.787s] Level 1:colcon.colcon_core.shell:create_environment_hook('cr5_moveit', 'cmake_prefix_path')
[10.787s] INFO:colcon.colcon_core.shell:Creating environment hook '/home/michael/dobot_ws/src/install/cr5_moveit/share/cr5_moveit/hook/cmake_prefix_path.ps1'
[10.788s] INFO:colcon.colcon_core.shell:Creating environment descriptor '/home/michael/dobot_ws/src/install/cr5_moveit/share/cr5_moveit/hook/cmake_prefix_path.dsv'
[10.788s] INFO:colcon.colcon_core.shell:Creating environment hook '/home/michael/dobot_ws/src/install/cr5_moveit/share/cr5_moveit/hook/cmake_prefix_path.sh'
[10.789s] Level 1:colcon.colcon_core.environment:checking '/home/michael/dobot_ws/src/install/cr5_moveit/bin'
[10.789s] Level 1:colcon.colcon_core.environment:checking '/home/michael/dobot_ws/src/install/cr5_moveit/lib/pkgconfig/cr5_moveit.pc'
[10.789s] Level 1:colcon.colcon_core.environment:checking '/home/michael/dobot_ws/src/install/cr5_moveit/lib/python3.10/site-packages'
[10.789s] Level 1:colcon.colcon_core.environment:checking '/home/michael/dobot_ws/src/install/cr5_moveit/bin'
[10.789s] INFO:colcon.colcon_core.shell:Creating package script '/home/michael/dobot_ws/src/install/cr5_moveit/share/cr5_moveit/package.ps1'
[10.790s] INFO:colcon.colcon_core.shell:Creating package descriptor '/home/michael/dobot_ws/src/install/cr5_moveit/share/cr5_moveit/package.dsv'
[10.790s] INFO:colcon.colcon_core.shell:Creating package script '/home/michael/dobot_ws/src/install/cr5_moveit/share/cr5_moveit/package.sh'
[10.791s] INFO:colcon.colcon_core.shell:Creating package script '/home/michael/dobot_ws/src/install/cr5_moveit/share/cr5_moveit/package.bash'
[10.791s] INFO:colcon.colcon_core.shell:Creating package script '/home/michael/dobot_ws/src/install/cr5_moveit/share/cr5_moveit/package.zsh'
[10.792s] Level 1:colcon.colcon_core.environment:create_file_with_runtime_dependencies(/home/michael/dobot_ws/src/install/cr5_moveit/share/colcon-core/packages/cr5_moveit)
[10.792s] INFO:colcon.colcon_ros.task.ament_cmake.build:Building ROS package in '/home/michael/dobot_ws/src/DOBOT_6Axis_ROS2_V4/cr7_moveit' with build type 'ament_cmake'
[10.792s] INFO:colcon.colcon_cmake.task.cmake.build:Building CMake package in '/home/michael/dobot_ws/src/DOBOT_6Axis_ROS2_V4/cr7_moveit'
[10.793s] INFO:colcon.colcon_core.shell:Skip shell extension 'powershell' for command environment: Not usable outside of PowerShell
[10.793s] DEBUG:colcon.colcon_core.shell:Skip shell extension 'dsv' for command environment
[10.803s] DEBUG:colcon.colcon_core.event_handler.log_command:Invoking command in '/home/michael/dobot_ws/src/build/cr7_moveit': AMENT_PREFIX_PATH=/home/michael/dobot_ws/src/install/dobot_rviz:${AMENT_PREFIX_PATH} CMAKE_PREFIX_PATH=/home/michael/dobot_ws/src/install/dobot_rviz:/home/michael/dobot_ws/install/nova5_moveit:/home/michael/dobot_ws/install/nova2_moveit:/home/michael/dobot_ws/install/me6_moveit:/home/michael/dobot_ws/install/cr7_moveit:/home/michael/dobot_ws/install/cr5_moveit:/home/michael/dobot_ws/install/cr3_moveit:/home/michael/dobot_ws/install/cr30h_moveit:/home/michael/dobot_ws/install/cr20_moveit:/home/michael/dobot_ws/install/cr16_moveit:/home/michael/dobot_ws/install/cr12_moveit:/home/michael/dobot_ws/install/cr10af_moveit:/home/michael/dobot_ws/install/cr10_moveit:/home/michael/dobot_ws/install/dobot_rviz:/home/michael/dobot_ws/install/cr_robot_ros2:/home/michael/dobot_ws/install/dobot_msgs_v4:/home/michael/dobot_ws/install/dobot_gazebo:/home/michael/dobot_ws/install/cra_description:/home/michael/dobot_ws/install/servo_action:/home/michael/dobot_ws/install/dobot_moveit:/home/michael/dobot_ws/install/dobot_demo:/opt/ros/humble /usr/bin/cmake /home/michael/dobot_ws/src/DOBOT_6Axis_ROS2_V4/cr7_moveit -DCMAKE_INSTALL_PREFIX=/home/michael/dobot_ws/src/install/cr7_moveit
[11.287s] DEBUG:colcon.colcon_core.event_handler.log_command:Invoked command in '/home/michael/dobot_ws/src/build/cr7_moveit' returned '0': AMENT_PREFIX_PATH=/home/michael/dobot_ws/src/install/dobot_rviz:${AMENT_PREFIX_PATH} CMAKE_PREFIX_PATH=/home/michael/dobot_ws/src/install/dobot_rviz:/home/michael/dobot_ws/install/nova5_moveit:/home/michael/dobot_ws/install/nova2_moveit:/home/michael/dobot_ws/install/me6_moveit:/home/michael/dobot_ws/install/cr7_moveit:/home/michael/dobot_ws/install/cr5_moveit:/home/michael/dobot_ws/install/cr3_moveit:/home/michael/dobot_ws/install/cr30h_moveit:/home/michael/dobot_ws/install/cr20_moveit:/home/michael/dobot_ws/install/cr16_moveit:/home/michael/dobot_ws/install/cr12_moveit:/home/michael/dobot_ws/install/cr10af_moveit:/home/michael/dobot_ws/install/cr10_moveit:/home/michael/dobot_ws/install/dobot_rviz:/home/michael/dobot_ws/install/cr_robot_ros2:/home/michael/dobot_ws/install/dobot_msgs_v4:/home/michael/dobot_ws/install/dobot_gazebo:/home/michael/dobot_ws/install/cra_description:/home/michael/dobot_ws/install/servo_action:/home/michael/dobot_ws/install/dobot_moveit:/home/michael/dobot_ws/install/dobot_demo:/opt/ros/humble /usr/bin/cmake /home/michael/dobot_ws/src/DOBOT_6Axis_ROS2_V4/cr7_moveit -DCMAKE_INSTALL_PREFIX=/home/michael/dobot_ws/src/install/cr7_moveit
[11.289s] DEBUG:colcon.colcon_core.event_handler.log_command:Invoking command in '/home/michael/dobot_ws/src/build/cr7_moveit': AMENT_PREFIX_PATH=/home/michael/dobot_ws/src/install/dobot_rviz:${AMENT_PREFIX_PATH} CMAKE_PREFIX_PATH=/home/michael/dobot_ws/src/install/dobot_rviz:/home/michael/dobot_ws/install/nova5_moveit:/home/michael/dobot_ws/install/nova2_moveit:/home/michael/dobot_ws/install/me6_moveit:/home/michael/dobot_ws/install/cr7_moveit:/home/michael/dobot_ws/install/cr5_moveit:/home/michael/dobot_ws/install/cr3_moveit:/home/michael/dobot_ws/install/cr30h_moveit:/home/michael/dobot_ws/install/cr20_moveit:/home/michael/dobot_ws/install/cr16_moveit:/home/michael/dobot_ws/install/cr12_moveit:/home/michael/dobot_ws/install/cr10af_moveit:/home/michael/dobot_ws/install/cr10_moveit:/home/michael/dobot_ws/install/dobot_rviz:/home/michael/dobot_ws/install/cr_robot_ros2:/home/michael/dobot_ws/install/dobot_msgs_v4:/home/michael/dobot_ws/install/dobot_gazebo:/home/michael/dobot_ws/install/cra_description:/home/michael/dobot_ws/install/servo_action:/home/michael/dobot_ws/install/dobot_moveit:/home/michael/dobot_ws/install/dobot_demo:/opt/ros/humble /usr/bin/cmake --build /home/michael/dobot_ws/src/build/cr7_moveit -- -j2 -l2
[11.321s] DEBUG:colcon.colcon_core.event_handler.log_command:Invoked command in '/home/michael/dobot_ws/src/build/cr7_moveit' returned '0': AMENT_PREFIX_PATH=/home/michael/dobot_ws/src/install/dobot_rviz:${AMENT_PREFIX_PATH} CMAKE_PREFIX_PATH=/home/michael/dobot_ws/src/install/dobot_rviz:/home/michael/dobot_ws/install/nova5_moveit:/home/michael/dobot_ws/install/nova2_moveit:/home/michael/dobot_ws/install/me6_moveit:/home/michael/dobot_ws/install/cr7_moveit:/home/michael/dobot_ws/install/cr5_moveit:/home/michael/dobot_ws/install/cr3_moveit:/home/michael/dobot_ws/install/cr30h_moveit:/home/michael/dobot_ws/install/cr20_moveit:/home/michael/dobot_ws/install/cr16_moveit:/home/michael/dobot_ws/install/cr12_moveit:/home/michael/dobot_ws/install/cr10af_moveit:/home/michael/dobot_ws/install/cr10_moveit:/home/michael/dobot_ws/install/dobot_rviz:/home/michael/dobot_ws/install/cr_robot_ros2:/home/michael/dobot_ws/install/dobot_msgs_v4:/home/michael/dobot_ws/install/dobot_gazebo:/home/michael/dobot_ws/install/cra_description:/home/michael/dobot_ws/install/servo_action:/home/michael/dobot_ws/install/dobot_moveit:/home/michael/dobot_ws/install/dobot_demo:/opt/ros/humble /usr/bin/cmake --build /home/michael/dobot_ws/src/build/cr7_moveit -- -j2 -l2
[11.322s] DEBUG:colcon.colcon_core.event_handler.log_command:Invoking command in '/home/michael/dobot_ws/src/build/cr7_moveit': AMENT_PREFIX_PATH=/home/michael/dobot_ws/src/install/dobot_rviz:${AMENT_PREFIX_PATH} CMAKE_PREFIX_PATH=/home/michael/dobot_ws/src/install/dobot_rviz:/home/michael/dobot_ws/install/nova5_moveit:/home/michael/dobot_ws/install/nova2_moveit:/home/michael/dobot_ws/install/me6_moveit:/home/michael/dobot_ws/install/cr7_moveit:/home/michael/dobot_ws/install/cr5_moveit:/home/michael/dobot_ws/install/cr3_moveit:/home/michael/dobot_ws/install/cr30h_moveit:/home/michael/dobot_ws/install/cr20_moveit:/home/michael/dobot_ws/install/cr16_moveit:/home/michael/dobot_ws/install/cr12_moveit:/home/michael/dobot_ws/install/cr10af_moveit:/home/michael/dobot_ws/install/cr10_moveit:/home/michael/dobot_ws/install/dobot_rviz:/home/michael/dobot_ws/install/cr_robot_ros2:/home/michael/dobot_ws/install/dobot_msgs_v4:/home/michael/dobot_ws/install/dobot_gazebo:/home/michael/dobot_ws/install/cra_description:/home/michael/dobot_ws/install/servo_action:/home/michael/dobot_ws/install/dobot_moveit:/home/michael/dobot_ws/install/dobot_demo:/opt/ros/humble /usr/bin/cmake --install /home/michael/dobot_ws/src/build/cr7_moveit
[11.347s] Level 1:colcon.colcon_core.environment:create_environment_scripts_only(cr7_moveit)
[11.348s] Level 1:colcon.colcon_core.environment:checking '/home/michael/dobot_ws/src/install/cr7_moveit' for CMake module files
[11.348s] Level 1:colcon.colcon_core.environment:checking '/home/michael/dobot_ws/src/install/cr7_moveit' for CMake config files
[11.348s] Level 1:colcon.colcon_core.shell:create_environment_hook('cr7_moveit', 'cmake_prefix_path')
[11.348s] INFO:colcon.colcon_core.shell:Creating environment hook '/home/michael/dobot_ws/src/install/cr7_moveit/share/cr7_moveit/hook/cmake_prefix_path.ps1'
[11.348s] DEBUG:colcon.colcon_core.event_handler.log_command:Invoked command in '/home/michael/dobot_ws/src/build/cr7_moveit' returned '0': AMENT_PREFIX_PATH=/home/michael/dobot_ws/src/install/dobot_rviz:${AMENT_PREFIX_PATH} CMAKE_PREFIX_PATH=/home/michael/dobot_ws/src/install/dobot_rviz:/home/michael/dobot_ws/install/nova5_moveit:/home/michael/dobot_ws/install/nova2_moveit:/home/michael/dobot_ws/install/me6_moveit:/home/michael/dobot_ws/install/cr7_moveit:/home/michael/dobot_ws/install/cr5_moveit:/home/michael/dobot_ws/install/cr3_moveit:/home/michael/dobot_ws/install/cr30h_moveit:/home/michael/dobot_ws/install/cr20_moveit:/home/michael/dobot_ws/install/cr16_moveit:/home/michael/dobot_ws/install/cr12_moveit:/home/michael/dobot_ws/install/cr10af_moveit:/home/michael/dobot_ws/install/cr10_moveit:/home/michael/dobot_ws/install/dobot_rviz:/home/michael/dobot_ws/install/cr_robot_ros2:/home/michael/dobot_ws/install/dobot_msgs_v4:/home/michael/dobot_ws/install/dobot_gazebo:/home/michael/dobot_ws/install/cra_description:/home/michael/dobot_ws/install/servo_action:/home/michael/dobot_ws/install/dobot_moveit:/home/michael/dobot_ws/install/dobot_demo:/opt/ros/humble /usr/bin/cmake --install /home/michael/dobot_ws/src/build/cr7_moveit
[11.351s] INFO:colcon.colcon_core.shell:Creating environment descriptor '/home/michael/dobot_ws/src/install/cr7_moveit/share/cr7_moveit/hook/cmake_prefix_path.dsv'
[11.351s] INFO:colcon.colcon_core.shell:Creating environment hook '/home/michael/dobot_ws/src/install/cr7_moveit/share/cr7_moveit/hook/cmake_prefix_path.sh'
[11.351s] Level 1:colcon.colcon_core.environment:checking '/home/michael/dobot_ws/src/install/cr7_moveit/bin'
[11.351s] Level 1:colcon.colcon_core.environment:checking '/home/michael/dobot_ws/src/install/cr7_moveit/lib/pkgconfig/cr7_moveit.pc'
[11.352s] Level 1:colcon.colcon_core.environment:checking '/home/michael/dobot_ws/src/install/cr7_moveit/lib/python3.10/site-packages'
[11.352s] Level 1:colcon.colcon_core.environment:checking '/home/michael/dobot_ws/src/install/cr7_moveit/bin'
[11.352s] INFO:colcon.colcon_core.shell:Creating package script '/home/michael/dobot_ws/src/install/cr7_moveit/share/cr7_moveit/package.ps1'
[11.352s] INFO:colcon.colcon_core.shell:Creating package descriptor '/home/michael/dobot_ws/src/install/cr7_moveit/share/cr7_moveit/package.dsv'
[11.354s] INFO:colcon.colcon_core.shell:Creating package script '/home/michael/dobot_ws/src/install/cr7_moveit/share/cr7_moveit/package.sh'
[11.354s] INFO:colcon.colcon_core.shell:Creating package script '/home/michael/dobot_ws/src/install/cr7_moveit/share/cr7_moveit/package.bash'
[11.354s] INFO:colcon.colcon_core.shell:Creating package script '/home/michael/dobot_ws/src/install/cr7_moveit/share/cr7_moveit/package.zsh'
[11.354s] Level 1:colcon.colcon_core.environment:create_file_with_runtime_dependencies(/home/michael/dobot_ws/src/install/cr7_moveit/share/colcon-core/packages/cr7_moveit)
[11.355s] Level 1:colcon.colcon_core.environment:create_environment_scripts_only(cr7_moveit)
[11.355s] Level 1:colcon.colcon_core.environment:checking '/home/michael/dobot_ws/src/install/cr7_moveit' for CMake module files
[11.355s] Level 1:colcon.colcon_core.environment:checking '/home/michael/dobot_ws/src/install/cr7_moveit' for CMake config files
[11.355s] Level 1:colcon.colcon_core.shell:create_environment_hook('cr7_moveit', 'cmake_prefix_path')
[11.355s] INFO:colcon.colcon_core.shell:Creating environment hook '/home/michael/dobot_ws/src/install/cr7_moveit/share/cr7_moveit/hook/cmake_prefix_path.ps1'
[11.356s] INFO:colcon.colcon_core.shell:Creating environment descriptor '/home/michael/dobot_ws/src/install/cr7_moveit/share/cr7_moveit/hook/cmake_prefix_path.dsv'
[11.356s] INFO:colcon.colcon_core.shell:Creating environment hook '/home/michael/dobot_ws/src/install/cr7_moveit/share/cr7_moveit/hook/cmake_prefix_path.sh'
[11.357s] Level 1:colcon.colcon_core.environment:checking '/home/michael/dobot_ws/src/install/cr7_moveit/bin'
[11.357s] Level 1:colcon.colcon_core.environment:checking '/home/michael/dobot_ws/src/install/cr7_moveit/lib/pkgconfig/cr7_moveit.pc'
[11.358s] Level 1:colcon.colcon_core.environment:checking '/home/michael/dobot_ws/src/install/cr7_moveit/lib/python3.10/site-packages'
[11.358s] Level 1:colcon.colcon_core.environment:checking '/home/michael/dobot_ws/src/install/cr7_moveit/bin'
[11.358s] INFO:colcon.colcon_core.shell:Creating package script '/home/michael/dobot_ws/src/install/cr7_moveit/share/cr7_moveit/package.ps1'
[11.358s] INFO:colcon.colcon_core.shell:Creating package descriptor '/home/michael/dobot_ws/src/install/cr7_moveit/share/cr7_moveit/package.dsv'
[11.360s] INFO:colcon.colcon_core.shell:Creating package script '/home/michael/dobot_ws/src/install/cr7_moveit/share/cr7_moveit/package.sh'
[11.361s] INFO:colcon.colcon_core.shell:Creating package script '/home/michael/dobot_ws/src/install/cr7_moveit/share/cr7_moveit/package.bash'
[11.363s] INFO:colcon.colcon_core.shell:Creating package script '/home/michael/dobot_ws/src/install/cr7_moveit/share/cr7_moveit/package.zsh'
[11.363s] Level 1:colcon.colcon_core.environment:create_file_with_runtime_dependencies(/home/michael/dobot_ws/src/install/cr7_moveit/share/colcon-core/packages/cr7_moveit)
[11.364s] INFO:colcon.colcon_ros.task.ament_cmake.build:Building ROS package in '/home/michael/dobot_ws/src/DOBOT_6Axis_ROS2_V4/dobot_gazebo' with build type 'ament_cmake'
[11.365s] INFO:colcon.colcon_cmake.task.cmake.build:Building CMake package in '/home/michael/dobot_ws/src/DOBOT_6Axis_ROS2_V4/dobot_gazebo'
[11.365s] INFO:colcon.colcon_core.shell:Skip shell extension 'powershell' for command environment: Not usable outside of PowerShell
[11.365s] DEBUG:colcon.colcon_core.shell:Skip shell extension 'dsv' for command environment
[11.371s] DEBUG:colcon.colcon_core.event_handler.log_command:Invoking command in '/home/michael/dobot_ws/src/build/dobot_gazebo': AMENT_PREFIX_PATH=/home/michael/dobot_ws/src/install/cra_description:${AMENT_PREFIX_PATH} CMAKE_PREFIX_PATH=/home/michael/dobot_ws/src/install/cra_description:/home/michael/dobot_ws/install/nova5_moveit:/home/michael/dobot_ws/install/nova2_moveit:/home/michael/dobot_ws/install/me6_moveit:/home/michael/dobot_ws/install/cr7_moveit:/home/michael/dobot_ws/install/cr5_moveit:/home/michael/dobot_ws/install/cr3_moveit:/home/michael/dobot_ws/install/cr30h_moveit:/home/michael/dobot_ws/install/cr20_moveit:/home/michael/dobot_ws/install/cr16_moveit:/home/michael/dobot_ws/install/cr12_moveit:/home/michael/dobot_ws/install/cr10af_moveit:/home/michael/dobot_ws/install/cr10_moveit:/home/michael/dobot_ws/install/dobot_rviz:/home/michael/dobot_ws/install/cr_robot_ros2:/home/michael/dobot_ws/install/dobot_msgs_v4:/home/michael/dobot_ws/install/dobot_gazebo:/home/michael/dobot_ws/install/cra_description:/home/michael/dobot_ws/install/servo_action:/home/michael/dobot_ws/install/dobot_moveit:/home/michael/dobot_ws/install/dobot_demo:/opt/ros/humble /usr/bin/cmake /home/michael/dobot_ws/src/DOBOT_6Axis_ROS2_V4/dobot_gazebo -DCMAKE_INSTALL_PREFIX=/home/michael/dobot_ws/src/install/dobot_gazebo
[11.857s] DEBUG:colcon.colcon_core.event_handler.log_command:Invoked command in '/home/michael/dobot_ws/src/build/dobot_gazebo' returned '0': AMENT_PREFIX_PATH=/home/michael/dobot_ws/src/install/cra_description:${AMENT_PREFIX_PATH} CMAKE_PREFIX_PATH=/home/michael/dobot_ws/src/install/cra_description:/home/michael/dobot_ws/install/nova5_moveit:/home/michael/dobot_ws/install/nova2_moveit:/home/michael/dobot_ws/install/me6_moveit:/home/michael/dobot_ws/install/cr7_moveit:/home/michael/dobot_ws/install/cr5_moveit:/home/michael/dobot_ws/install/cr3_moveit:/home/michael/dobot_ws/install/cr30h_moveit:/home/michael/dobot_ws/install/cr20_moveit:/home/michael/dobot_ws/install/cr16_moveit:/home/michael/dobot_ws/install/cr12_moveit:/home/michael/dobot_ws/install/cr10af_moveit:/home/michael/dobot_ws/install/cr10_moveit:/home/michael/dobot_ws/install/dobot_rviz:/home/michael/dobot_ws/install/cr_robot_ros2:/home/michael/dobot_ws/install/dobot_msgs_v4:/home/michael/dobot_ws/install/dobot_gazebo:/home/michael/dobot_ws/install/cra_description:/home/michael/dobot_ws/install/servo_action:/home/michael/dobot_ws/install/dobot_moveit:/home/michael/dobot_ws/install/dobot_demo:/opt/ros/humble /usr/bin/cmake /home/michael/dobot_ws/src/DOBOT_6Axis_ROS2_V4/dobot_gazebo -DCMAKE_INSTALL_PREFIX=/home/michael/dobot_ws/src/install/dobot_gazebo
[11.857s] DEBUG:colcon.colcon_core.event_handler.log_command:Invoking command in '/home/michael/dobot_ws/src/build/dobot_gazebo': AMENT_PREFIX_PATH=/home/michael/dobot_ws/src/install/cra_description:${AMENT_PREFIX_PATH} CMAKE_PREFIX_PATH=/home/michael/dobot_ws/src/install/cra_description:/home/michael/dobot_ws/install/nova5_moveit:/home/michael/dobot_ws/install/nova2_moveit:/home/michael/dobot_ws/install/me6_moveit:/home/michael/dobot_ws/install/cr7_moveit:/home/michael/dobot_ws/install/cr5_moveit:/home/michael/dobot_ws/install/cr3_moveit:/home/michael/dobot_ws/install/cr30h_moveit:/home/michael/dobot_ws/install/cr20_moveit:/home/michael/dobot_ws/install/cr16_moveit:/home/michael/dobot_ws/install/cr12_moveit:/home/michael/dobot_ws/install/cr10af_moveit:/home/michael/dobot_ws/install/cr10_moveit:/home/michael/dobot_ws/install/dobot_rviz:/home/michael/dobot_ws/install/cr_robot_ros2:/home/michael/dobot_ws/install/dobot_msgs_v4:/home/michael/dobot_ws/install/dobot_gazebo:/home/michael/dobot_ws/install/cra_description:/home/michael/dobot_ws/install/servo_action:/home/michael/dobot_ws/install/dobot_moveit:/home/michael/dobot_ws/install/dobot_demo:/opt/ros/humble /usr/bin/cmake --build /home/michael/dobot_ws/src/build/dobot_gazebo -- -j2 -l2
[11.889s] DEBUG:colcon.colcon_core.event_handler.log_command:Invoked command in '/home/michael/dobot_ws/src/build/dobot_gazebo' returned '0': AMENT_PREFIX_PATH=/home/michael/dobot_ws/src/install/cra_description:${AMENT_PREFIX_PATH} CMAKE_PREFIX_PATH=/home/michael/dobot_ws/src/install/cra_description:/home/michael/dobot_ws/install/nova5_moveit:/home/michael/dobot_ws/install/nova2_moveit:/home/michael/dobot_ws/install/me6_moveit:/home/michael/dobot_ws/install/cr7_moveit:/home/michael/dobot_ws/install/cr5_moveit:/home/michael/dobot_ws/install/cr3_moveit:/home/michael/dobot_ws/install/cr30h_moveit:/home/michael/dobot_ws/install/cr20_moveit:/home/michael/dobot_ws/install/cr16_moveit:/home/michael/dobot_ws/install/cr12_moveit:/home/michael/dobot_ws/install/cr10af_moveit:/home/michael/dobot_ws/install/cr10_moveit:/home/michael/dobot_ws/install/dobot_rviz:/home/michael/dobot_ws/install/cr_robot_ros2:/home/michael/dobot_ws/install/dobot_msgs_v4:/home/michael/dobot_ws/install/dobot_gazebo:/home/michael/dobot_ws/install/cra_description:/home/michael/dobot_ws/install/servo_action:/home/michael/dobot_ws/install/dobot_moveit:/home/michael/dobot_ws/install/dobot_demo:/opt/ros/humble /usr/bin/cmake --build /home/michael/dobot_ws/src/build/dobot_gazebo -- -j2 -l2
[11.889s] DEBUG:colcon.colcon_core.event_handler.log_command:Invoking command in '/home/michael/dobot_ws/src/build/dobot_gazebo': AMENT_PREFIX_PATH=/home/michael/dobot_ws/src/install/cra_description:${AMENT_PREFIX_PATH} CMAKE_PREFIX_PATH=/home/michael/dobot_ws/src/install/cra_description:/home/michael/dobot_ws/install/nova5_moveit:/home/michael/dobot_ws/install/nova2_moveit:/home/michael/dobot_ws/install/me6_moveit:/home/michael/dobot_ws/install/cr7_moveit:/home/michael/dobot_ws/install/cr5_moveit:/home/michael/dobot_ws/install/cr3_moveit:/home/michael/dobot_ws/install/cr30h_moveit:/home/michael/dobot_ws/install/cr20_moveit:/home/michael/dobot_ws/install/cr16_moveit:/home/michael/dobot_ws/install/cr12_moveit:/home/michael/dobot_ws/install/cr10af_moveit:/home/michael/dobot_ws/install/cr10_moveit:/home/michael/dobot_ws/install/dobot_rviz:/home/michael/dobot_ws/install/cr_robot_ros2:/home/michael/dobot_ws/install/dobot_msgs_v4:/home/michael/dobot_ws/install/dobot_gazebo:/home/michael/dobot_ws/install/cra_description:/home/michael/dobot_ws/install/servo_action:/home/michael/dobot_ws/install/dobot_moveit:/home/michael/dobot_ws/install/dobot_demo:/opt/ros/humble /usr/bin/cmake --install /home/michael/dobot_ws/src/build/dobot_gazebo
[11.904s] Level 1:colcon.colcon_core.environment:create_environment_scripts_only(dobot_gazebo)
[11.904s] Level 1:colcon.colcon_core.environment:checking '/home/michael/dobot_ws/src/install/dobot_gazebo' for CMake module files
[11.904s] Level 1:colcon.colcon_core.environment:checking '/home/michael/dobot_ws/src/install/dobot_gazebo' for CMake config files
[11.904s] Level 1:colcon.colcon_core.shell:create_environment_hook('dobot_gazebo', 'cmake_prefix_path')
[11.904s] INFO:colcon.colcon_core.shell:Creating environment hook '/home/michael/dobot_ws/src/install/dobot_gazebo/share/dobot_gazebo/hook/cmake_prefix_path.ps1'
[11.905s] INFO:colcon.colcon_core.shell:Creating environment descriptor '/home/michael/dobot_ws/src/install/dobot_gazebo/share/dobot_gazebo/hook/cmake_prefix_path.dsv'
[11.905s] INFO:colcon.colcon_core.shell:Creating environment hook '/home/michael/dobot_ws/src/install/dobot_gazebo/share/dobot_gazebo/hook/cmake_prefix_path.sh'
[11.905s] Level 1:colcon.colcon_core.environment:checking '/home/michael/dobot_ws/src/install/dobot_gazebo/bin'
[11.905s] Level 1:colcon.colcon_core.environment:checking '/home/michael/dobot_ws/src/install/dobot_gazebo/lib/pkgconfig/dobot_gazebo.pc'
[11.905s] Level 1:colcon.colcon_core.environment:checking '/home/michael/dobot_ws/src/install/dobot_gazebo/lib/python3.10/site-packages'
[11.905s] Level 1:colcon.colcon_core.environment:checking '/home/michael/dobot_ws/src/install/dobot_gazebo/bin'
[11.907s] INFO:colcon.colcon_core.shell:Creating package script '/home/michael/dobot_ws/src/install/dobot_gazebo/share/dobot_gazebo/package.ps1'
[11.907s] DEBUG:colcon.colcon_core.event_handler.log_command:Invoked command in '/home/michael/dobot_ws/src/build/dobot_gazebo' returned '0': AMENT_PREFIX_PATH=/home/michael/dobot_ws/src/install/cra_description:${AMENT_PREFIX_PATH} CMAKE_PREFIX_PATH=/home/michael/dobot_ws/src/install/cra_description:/home/michael/dobot_ws/install/nova5_moveit:/home/michael/dobot_ws/install/nova2_moveit:/home/michael/dobot_ws/install/me6_moveit:/home/michael/dobot_ws/install/cr7_moveit:/home/michael/dobot_ws/install/cr5_moveit:/home/michael/dobot_ws/install/cr3_moveit:/home/michael/dobot_ws/install/cr30h_moveit:/home/michael/dobot_ws/install/cr20_moveit:/home/michael/dobot_ws/install/cr16_moveit:/home/michael/dobot_ws/install/cr12_moveit:/home/michael/dobot_ws/install/cr10af_moveit:/home/michael/dobot_ws/install/cr10_moveit:/home/michael/dobot_ws/install/dobot_rviz:/home/michael/dobot_ws/install/cr_robot_ros2:/home/michael/dobot_ws/install/dobot_msgs_v4:/home/michael/dobot_ws/install/dobot_gazebo:/home/michael/dobot_ws/install/cra_description:/home/michael/dobot_ws/install/servo_action:/home/michael/dobot_ws/install/dobot_moveit:/home/michael/dobot_ws/install/dobot_demo:/opt/ros/humble /usr/bin/cmake --install /home/michael/dobot_ws/src/build/dobot_gazebo
[11.907s] INFO:colcon.colcon_core.shell:Creating package descriptor '/home/michael/dobot_ws/src/install/dobot_gazebo/share/dobot_gazebo/package.dsv'
[11.908s] INFO:colcon.colcon_core.shell:Creating package script '/home/michael/dobot_ws/src/install/dobot_gazebo/share/dobot_gazebo/package.sh'
[11.908s] INFO:colcon.colcon_core.shell:Creating package script '/home/michael/dobot_ws/src/install/dobot_gazebo/share/dobot_gazebo/package.bash'
[11.908s] INFO:colcon.colcon_core.shell:Creating package script '/home/michael/dobot_ws/src/install/dobot_gazebo/share/dobot_gazebo/package.zsh'
[11.908s] Level 1:colcon.colcon_core.environment:create_file_with_runtime_dependencies(/home/michael/dobot_ws/src/install/dobot_gazebo/share/colcon-core/packages/dobot_gazebo)
[11.909s] Level 1:colcon.colcon_core.environment:create_environment_scripts_only(dobot_gazebo)
[11.909s] Level 1:colcon.colcon_core.environment:checking '/home/michael/dobot_ws/src/install/dobot_gazebo' for CMake module files
[11.909s] Level 1:colcon.colcon_core.environment:checking '/home/michael/dobot_ws/src/install/dobot_gazebo' for CMake config files
[11.909s] Level 1:colcon.colcon_core.shell:create_environment_hook('dobot_gazebo', 'cmake_prefix_path')
[11.909s] INFO:colcon.colcon_core.shell:Creating environment hook '/home/michael/dobot_ws/src/install/dobot_gazebo/share/dobot_gazebo/hook/cmake_prefix_path.ps1'
[11.910s] INFO:colcon.colcon_core.shell:Creating environment descriptor '/home/michael/dobot_ws/src/install/dobot_gazebo/share/dobot_gazebo/hook/cmake_prefix_path.dsv'
[11.910s] INFO:colcon.colcon_core.shell:Creating environment hook '/home/michael/dobot_ws/src/install/dobot_gazebo/share/dobot_gazebo/hook/cmake_prefix_path.sh'
[11.911s] Level 1:colcon.colcon_core.environment:checking '/home/michael/dobot_ws/src/install/dobot_gazebo/bin'
[11.911s] Level 1:colcon.colcon_core.environment:checking '/home/michael/dobot_ws/src/install/dobot_gazebo/lib/pkgconfig/dobot_gazebo.pc'
[11.911s] Level 1:colcon.colcon_core.environment:checking '/home/michael/dobot_ws/src/install/dobot_gazebo/lib/python3.10/site-packages'
[11.911s] Level 1:colcon.colcon_core.environment:checking '/home/michael/dobot_ws/src/install/dobot_gazebo/bin'
[11.911s] INFO:colcon.colcon_core.shell:Creating package script '/home/michael/dobot_ws/src/install/dobot_gazebo/share/dobot_gazebo/package.ps1'
[11.912s] INFO:colcon.colcon_core.shell:Creating package descriptor '/home/michael/dobot_ws/src/install/dobot_gazebo/share/dobot_gazebo/package.dsv'
[11.912s] INFO:colcon.colcon_core.shell:Creating package script '/home/michael/dobot_ws/src/install/dobot_gazebo/share/dobot_gazebo/package.sh'
[11.913s] INFO:colcon.colcon_core.shell:Creating package script '/home/michael/dobot_ws/src/install/dobot_gazebo/share/dobot_gazebo/package.bash'
[11.914s] INFO:colcon.colcon_core.shell:Creating package script '/home/michael/dobot_ws/src/install/dobot_gazebo/share/dobot_gazebo/package.zsh'
[11.914s] Level 1:colcon.colcon_core.environment:create_file_with_runtime_dependencies(/home/michael/dobot_ws/src/install/dobot_gazebo/share/colcon-core/packages/dobot_gazebo)
[11.915s] INFO:colcon.colcon_ros.task.ament_cmake.build:Building ROS package in '/home/michael/dobot_ws/src/DOBOT_6Axis_ROS2_V4/me6_moveit' with build type 'ament_cmake'
[11.915s] INFO:colcon.colcon_cmake.task.cmake.build:Building CMake package in '/home/michael/dobot_ws/src/DOBOT_6Axis_ROS2_V4/me6_moveit'
[11.915s] INFO:colcon.colcon_core.shell:Skip shell extension 'powershell' for command environment: Not usable outside of PowerShell
[11.915s] DEBUG:colcon.colcon_core.shell:Skip shell extension 'dsv' for command environment
[11.922s] DEBUG:colcon.colcon_core.event_handler.log_command:Invoking command in '/home/michael/dobot_ws/src/build/me6_moveit': AMENT_PREFIX_PATH=/home/michael/dobot_ws/src/install/dobot_rviz:${AMENT_PREFIX_PATH} CMAKE_PREFIX_PATH=/home/michael/dobot_ws/src/install/dobot_rviz:/home/michael/dobot_ws/install/nova5_moveit:/home/michael/dobot_ws/install/nova2_moveit:/home/michael/dobot_ws/install/me6_moveit:/home/michael/dobot_ws/install/cr7_moveit:/home/michael/dobot_ws/install/cr5_moveit:/home/michael/dobot_ws/install/cr3_moveit:/home/michael/dobot_ws/install/cr30h_moveit:/home/michael/dobot_ws/install/cr20_moveit:/home/michael/dobot_ws/install/cr16_moveit:/home/michael/dobot_ws/install/cr12_moveit:/home/michael/dobot_ws/install/cr10af_moveit:/home/michael/dobot_ws/install/cr10_moveit:/home/michael/dobot_ws/install/dobot_rviz:/home/michael/dobot_ws/install/cr_robot_ros2:/home/michael/dobot_ws/install/dobot_msgs_v4:/home/michael/dobot_ws/install/dobot_gazebo:/home/michael/dobot_ws/install/cra_description:/home/michael/dobot_ws/install/servo_action:/home/michael/dobot_ws/install/dobot_moveit:/home/michael/dobot_ws/install/dobot_demo:/opt/ros/humble /usr/bin/cmake /home/michael/dobot_ws/src/DOBOT_6Axis_ROS2_V4/me6_moveit -DCMAKE_INSTALL_PREFIX=/home/michael/dobot_ws/src/install/me6_moveit
[12.388s] DEBUG:colcon.colcon_core.event_handler.log_command:Invoked command in '/home/michael/dobot_ws/src/build/me6_moveit' returned '0': AMENT_PREFIX_PATH=/home/michael/dobot_ws/src/install/dobot_rviz:${AMENT_PREFIX_PATH} CMAKE_PREFIX_PATH=/home/michael/dobot_ws/src/install/dobot_rviz:/home/michael/dobot_ws/install/nova5_moveit:/home/michael/dobot_ws/install/nova2_moveit:/home/michael/dobot_ws/install/me6_moveit:/home/michael/dobot_ws/install/cr7_moveit:/home/michael/dobot_ws/install/cr5_moveit:/home/michael/dobot_ws/install/cr3_moveit:/home/michael/dobot_ws/install/cr30h_moveit:/home/michael/dobot_ws/install/cr20_moveit:/home/michael/dobot_ws/install/cr16_moveit:/home/michael/dobot_ws/install/cr12_moveit:/home/michael/dobot_ws/install/cr10af_moveit:/home/michael/dobot_ws/install/cr10_moveit:/home/michael/dobot_ws/install/dobot_rviz:/home/michael/dobot_ws/install/cr_robot_ros2:/home/michael/dobot_ws/install/dobot_msgs_v4:/home/michael/dobot_ws/install/dobot_gazebo:/home/michael/dobot_ws/install/cra_description:/home/michael/dobot_ws/install/servo_action:/home/michael/dobot_ws/install/dobot_moveit:/home/michael/dobot_ws/install/dobot_demo:/opt/ros/humble /usr/bin/cmake /home/michael/dobot_ws/src/DOBOT_6Axis_ROS2_V4/me6_moveit -DCMAKE_INSTALL_PREFIX=/home/michael/dobot_ws/src/install/me6_moveit
[12.388s] DEBUG:colcon.colcon_core.event_handler.log_command:Invoking command in '/home/michael/dobot_ws/src/build/me6_moveit': AMENT_PREFIX_PATH=/home/michael/dobot_ws/src/install/dobot_rviz:${AMENT_PREFIX_PATH} CMAKE_PREFIX_PATH=/home/michael/dobot_ws/src/install/dobot_rviz:/home/michael/dobot_ws/install/nova5_moveit:/home/michael/dobot_ws/install/nova2_moveit:/home/michael/dobot_ws/install/me6_moveit:/home/michael/dobot_ws/install/cr7_moveit:/home/michael/dobot_ws/install/cr5_moveit:/home/michael/dobot_ws/install/cr3_moveit:/home/michael/dobot_ws/install/cr30h_moveit:/home/michael/dobot_ws/install/cr20_moveit:/home/michael/dobot_ws/install/cr16_moveit:/home/michael/dobot_ws/install/cr12_moveit:/home/michael/dobot_ws/install/cr10af_moveit:/home/michael/dobot_ws/install/cr10_moveit:/home/michael/dobot_ws/install/dobot_rviz:/home/michael/dobot_ws/install/cr_robot_ros2:/home/michael/dobot_ws/install/dobot_msgs_v4:/home/michael/dobot_ws/install/dobot_gazebo:/home/michael/dobot_ws/install/cra_description:/home/michael/dobot_ws/install/servo_action:/home/michael/dobot_ws/install/dobot_moveit:/home/michael/dobot_ws/install/dobot_demo:/opt/ros/humble /usr/bin/cmake --build /home/michael/dobot_ws/src/build/me6_moveit -- -j2 -l2
[12.430s] DEBUG:colcon.colcon_core.event_handler.log_command:Invoked command in '/home/michael/dobot_ws/src/build/me6_moveit' returned '0': AMENT_PREFIX_PATH=/home/michael/dobot_ws/src/install/dobot_rviz:${AMENT_PREFIX_PATH} CMAKE_PREFIX_PATH=/home/michael/dobot_ws/src/install/dobot_rviz:/home/michael/dobot_ws/install/nova5_moveit:/home/michael/dobot_ws/install/nova2_moveit:/home/michael/dobot_ws/install/me6_moveit:/home/michael/dobot_ws/install/cr7_moveit:/home/michael/dobot_ws/install/cr5_moveit:/home/michael/dobot_ws/install/cr3_moveit:/home/michael/dobot_ws/install/cr30h_moveit:/home/michael/dobot_ws/install/cr20_moveit:/home/michael/dobot_ws/install/cr16_moveit:/home/michael/dobot_ws/install/cr12_moveit:/home/michael/dobot_ws/install/cr10af_moveit:/home/michael/dobot_ws/install/cr10_moveit:/home/michael/dobot_ws/install/dobot_rviz:/home/michael/dobot_ws/install/cr_robot_ros2:/home/michael/dobot_ws/install/dobot_msgs_v4:/home/michael/dobot_ws/install/dobot_gazebo:/home/michael/dobot_ws/install/cra_description:/home/michael/dobot_ws/install/servo_action:/home/michael/dobot_ws/install/dobot_moveit:/home/michael/dobot_ws/install/dobot_demo:/opt/ros/humble /usr/bin/cmake --build /home/michael/dobot_ws/src/build/me6_moveit -- -j2 -l2
[12.436s] DEBUG:colcon.colcon_core.event_handler.log_command:Invoking command in '/home/michael/dobot_ws/src/build/me6_moveit': AMENT_PREFIX_PATH=/home/michael/dobot_ws/src/install/dobot_rviz:${AMENT_PREFIX_PATH} CMAKE_PREFIX_PATH=/home/michael/dobot_ws/src/install/dobot_rviz:/home/michael/dobot_ws/install/nova5_moveit:/home/michael/dobot_ws/install/nova2_moveit:/home/michael/dobot_ws/install/me6_moveit:/home/michael/dobot_ws/install/cr7_moveit:/home/michael/dobot_ws/install/cr5_moveit:/home/michael/dobot_ws/install/cr3_moveit:/home/michael/dobot_ws/install/cr30h_moveit:/home/michael/dobot_ws/install/cr20_moveit:/home/michael/dobot_ws/install/cr16_moveit:/home/michael/dobot_ws/install/cr12_moveit:/home/michael/dobot_ws/install/cr10af_moveit:/home/michael/dobot_ws/install/cr10_moveit:/home/michael/dobot_ws/install/dobot_rviz:/home/michael/dobot_ws/install/cr_robot_ros2:/home/michael/dobot_ws/install/dobot_msgs_v4:/home/michael/dobot_ws/install/dobot_gazebo:/home/michael/dobot_ws/install/cra_description:/home/michael/dobot_ws/install/servo_action:/home/michael/dobot_ws/install/dobot_moveit:/home/michael/dobot_ws/install/dobot_demo:/opt/ros/humble /usr/bin/cmake --install /home/michael/dobot_ws/src/build/me6_moveit
[12.480s] Level 1:colcon.colcon_core.environment:create_environment_scripts_only(me6_moveit)
[12.480s] Level 1:colcon.colcon_core.environment:checking '/home/michael/dobot_ws/src/install/me6_moveit' for CMake module files
[12.481s] Level 1:colcon.colcon_core.environment:checking '/home/michael/dobot_ws/src/install/me6_moveit' for CMake config files
[12.481s] Level 1:colcon.colcon_core.shell:create_environment_hook('me6_moveit', 'cmake_prefix_path')
[12.481s] INFO:colcon.colcon_core.shell:Creating environment hook '/home/michael/dobot_ws/src/install/me6_moveit/share/me6_moveit/hook/cmake_prefix_path.ps1'
[12.485s] DEBUG:colcon.colcon_core.event_handler.log_command:Invoked command in '/home/michael/dobot_ws/src/build/me6_moveit' returned '0': AMENT_PREFIX_PATH=/home/michael/dobot_ws/src/install/dobot_rviz:${AMENT_PREFIX_PATH} CMAKE_PREFIX_PATH=/home/michael/dobot_ws/src/install/dobot_rviz:/home/michael/dobot_ws/install/nova5_moveit:/home/michael/dobot_ws/install/nova2_moveit:/home/michael/dobot_ws/install/me6_moveit:/home/michael/dobot_ws/install/cr7_moveit:/home/michael/dobot_ws/install/cr5_moveit:/home/michael/dobot_ws/install/cr3_moveit:/home/michael/dobot_ws/install/cr30h_moveit:/home/michael/dobot_ws/install/cr20_moveit:/home/michael/dobot_ws/install/cr16_moveit:/home/michael/dobot_ws/install/cr12_moveit:/home/michael/dobot_ws/install/cr10af_moveit:/home/michael/dobot_ws/install/cr10_moveit:/home/michael/dobot_ws/install/dobot_rviz:/home/michael/dobot_ws/install/cr_robot_ros2:/home/michael/dobot_ws/install/dobot_msgs_v4:/home/michael/dobot_ws/install/dobot_gazebo:/home/michael/dobot_ws/install/cra_description:/home/michael/dobot_ws/install/servo_action:/home/michael/dobot_ws/install/dobot_moveit:/home/michael/dobot_ws/install/dobot_demo:/opt/ros/humble /usr/bin/cmake --install /home/michael/dobot_ws/src/build/me6_moveit
[12.485s] INFO:colcon.colcon_core.shell:Creating environment descriptor '/home/michael/dobot_ws/src/install/me6_moveit/share/me6_moveit/hook/cmake_prefix_path.dsv'
[12.485s] INFO:colcon.colcon_core.shell:Creating environment hook '/home/michael/dobot_ws/src/install/me6_moveit/share/me6_moveit/hook/cmake_prefix_path.sh'
[12.486s] Level 1:colcon.colcon_core.environment:checking '/home/michael/dobot_ws/src/install/me6_moveit/bin'
[12.486s] Level 1:colcon.colcon_core.environment:checking '/home/michael/dobot_ws/src/install/me6_moveit/lib/pkgconfig/me6_moveit.pc'
[12.486s] Level 1:colcon.colcon_core.environment:checking '/home/michael/dobot_ws/src/install/me6_moveit/lib/python3.10/site-packages'
[12.486s] Level 1:colcon.colcon_core.environment:checking '/home/michael/dobot_ws/src/install/me6_moveit/bin'
[12.486s] INFO:colcon.colcon_core.shell:Creating package script '/home/michael/dobot_ws/src/install/me6_moveit/share/me6_moveit/package.ps1'
[12.487s] INFO:colcon.colcon_core.shell:Creating package descriptor '/home/michael/dobot_ws/src/install/me6_moveit/share/me6_moveit/package.dsv'
[12.487s] INFO:colcon.colcon_core.shell:Creating package script '/home/michael/dobot_ws/src/install/me6_moveit/share/me6_moveit/package.sh'
[12.488s] INFO:colcon.colcon_core.shell:Creating package script '/home/michael/dobot_ws/src/install/me6_moveit/share/me6_moveit/package.bash'
[12.488s] INFO:colcon.colcon_core.shell:Creating package script '/home/michael/dobot_ws/src/install/me6_moveit/share/me6_moveit/package.zsh'
[12.488s] Level 1:colcon.colcon_core.environment:create_file_with_runtime_dependencies(/home/michael/dobot_ws/src/install/me6_moveit/share/colcon-core/packages/me6_moveit)
[12.488s] Level 1:colcon.colcon_core.environment:create_environment_scripts_only(me6_moveit)
[12.488s] Level 1:colcon.colcon_core.environment:checking '/home/michael/dobot_ws/src/install/me6_moveit' for CMake module files
[12.489s] Level 1:colcon.colcon_core.environment:checking '/home/michael/dobot_ws/src/install/me6_moveit' for CMake config files
[12.489s] Level 1:colcon.colcon_core.shell:create_environment_hook('me6_moveit', 'cmake_prefix_path')
[12.489s] INFO:colcon.colcon_core.shell:Creating environment hook '/home/michael/dobot_ws/src/install/me6_moveit/share/me6_moveit/hook/cmake_prefix_path.ps1'
[12.489s] INFO:colcon.colcon_core.shell:Creating environment descriptor '/home/michael/dobot_ws/src/install/me6_moveit/share/me6_moveit/hook/cmake_prefix_path.dsv'
[12.490s] INFO:colcon.colcon_core.shell:Creating environment hook '/home/michael/dobot_ws/src/install/me6_moveit/share/me6_moveit/hook/cmake_prefix_path.sh'
[12.490s] Level 1:colcon.colcon_core.environment:checking '/home/michael/dobot_ws/src/install/me6_moveit/bin'
[12.490s] Level 1:colcon.colcon_core.environment:checking '/home/michael/dobot_ws/src/install/me6_moveit/lib/pkgconfig/me6_moveit.pc'
[12.491s] Level 1:colcon.colcon_core.environment:checking '/home/michael/dobot_ws/src/install/me6_moveit/lib/python3.10/site-packages'
[12.491s] Level 1:colcon.colcon_core.environment:checking '/home/michael/dobot_ws/src/install/me6_moveit/bin'
[12.491s] INFO:colcon.colcon_core.shell:Creating package script '/home/michael/dobot_ws/src/install/me6_moveit/share/me6_moveit/package.ps1'
[12.491s] INFO:colcon.colcon_core.shell:Creating package descriptor '/home/michael/dobot_ws/src/install/me6_moveit/share/me6_moveit/package.dsv'
[12.492s] INFO:colcon.colcon_core.shell:Creating package script '/home/michael/dobot_ws/src/install/me6_moveit/share/me6_moveit/package.sh'
[12.492s] INFO:colcon.colcon_core.shell:Creating package script '/home/michael/dobot_ws/src/install/me6_moveit/share/me6_moveit/package.bash'
[12.493s] INFO:colcon.colcon_core.shell:Creating package script '/home/michael/dobot_ws/src/install/me6_moveit/share/me6_moveit/package.zsh'
[12.493s] Level 1:colcon.colcon_core.environment:create_file_with_runtime_dependencies(/home/michael/dobot_ws/src/install/me6_moveit/share/colcon-core/packages/me6_moveit)
[12.494s] INFO:colcon.colcon_ros.task.ament_cmake.build:Building ROS package in '/home/michael/dobot_ws/src/DOBOT_6Axis_ROS2_V4/nova2_moveit' with build type 'ament_cmake'
[12.494s] INFO:colcon.colcon_cmake.task.cmake.build:Building CMake package in '/home/michael/dobot_ws/src/DOBOT_6Axis_ROS2_V4/nova2_moveit'
[12.494s] INFO:colcon.colcon_core.shell:Skip shell extension 'powershell' for command environment: Not usable outside of PowerShell
[12.494s] DEBUG:colcon.colcon_core.shell:Skip shell extension 'dsv' for command environment
[12.509s] DEBUG:colcon.colcon_core.event_handler.log_command:Invoking command in '/home/michael/dobot_ws/src/build/nova2_moveit': AMENT_PREFIX_PATH=/home/michael/dobot_ws/src/install/dobot_rviz:${AMENT_PREFIX_PATH} CMAKE_PREFIX_PATH=/home/michael/dobot_ws/src/install/dobot_rviz:/home/michael/dobot_ws/install/nova5_moveit:/home/michael/dobot_ws/install/nova2_moveit:/home/michael/dobot_ws/install/me6_moveit:/home/michael/dobot_ws/install/cr7_moveit:/home/michael/dobot_ws/install/cr5_moveit:/home/michael/dobot_ws/install/cr3_moveit:/home/michael/dobot_ws/install/cr30h_moveit:/home/michael/dobot_ws/install/cr20_moveit:/home/michael/dobot_ws/install/cr16_moveit:/home/michael/dobot_ws/install/cr12_moveit:/home/michael/dobot_ws/install/cr10af_moveit:/home/michael/dobot_ws/install/cr10_moveit:/home/michael/dobot_ws/install/dobot_rviz:/home/michael/dobot_ws/install/cr_robot_ros2:/home/michael/dobot_ws/install/dobot_msgs_v4:/home/michael/dobot_ws/install/dobot_gazebo:/home/michael/dobot_ws/install/cra_description:/home/michael/dobot_ws/install/servo_action:/home/michael/dobot_ws/install/dobot_moveit:/home/michael/dobot_ws/install/dobot_demo:/opt/ros/humble /usr/bin/cmake /home/michael/dobot_ws/src/DOBOT_6Axis_ROS2_V4/nova2_moveit -DCMAKE_INSTALL_PREFIX=/home/michael/dobot_ws/src/install/nova2_moveit
[13.264s] DEBUG:colcon.colcon_core.event_handler.log_command:Invoked command in '/home/michael/dobot_ws/src/build/nova2_moveit' returned '0': AMENT_PREFIX_PATH=/home/michael/dobot_ws/src/install/dobot_rviz:${AMENT_PREFIX_PATH} CMAKE_PREFIX_PATH=/home/michael/dobot_ws/src/install/dobot_rviz:/home/michael/dobot_ws/install/nova5_moveit:/home/michael/dobot_ws/install/nova2_moveit:/home/michael/dobot_ws/install/me6_moveit:/home/michael/dobot_ws/install/cr7_moveit:/home/michael/dobot_ws/install/cr5_moveit:/home/michael/dobot_ws/install/cr3_moveit:/home/michael/dobot_ws/install/cr30h_moveit:/home/michael/dobot_ws/install/cr20_moveit:/home/michael/dobot_ws/install/cr16_moveit:/home/michael/dobot_ws/install/cr12_moveit:/home/michael/dobot_ws/install/cr10af_moveit:/home/michael/dobot_ws/install/cr10_moveit:/home/michael/dobot_ws/install/dobot_rviz:/home/michael/dobot_ws/install/cr_robot_ros2:/home/michael/dobot_ws/install/dobot_msgs_v4:/home/michael/dobot_ws/install/dobot_gazebo:/home/michael/dobot_ws/install/cra_description:/home/michael/dobot_ws/install/servo_action:/home/michael/dobot_ws/install/dobot_moveit:/home/michael/dobot_ws/install/dobot_demo:/opt/ros/humble /usr/bin/cmake /home/michael/dobot_ws/src/DOBOT_6Axis_ROS2_V4/nova2_moveit -DCMAKE_INSTALL_PREFIX=/home/michael/dobot_ws/src/install/nova2_moveit
[13.264s] DEBUG:colcon.colcon_core.event_handler.log_command:Invoking command in '/home/michael/dobot_ws/src/build/nova2_moveit': AMENT_PREFIX_PATH=/home/michael/dobot_ws/src/install/dobot_rviz:${AMENT_PREFIX_PATH} CMAKE_PREFIX_PATH=/home/michael/dobot_ws/src/install/dobot_rviz:/home/michael/dobot_ws/install/nova5_moveit:/home/michael/dobot_ws/install/nova2_moveit:/home/michael/dobot_ws/install/me6_moveit:/home/michael/dobot_ws/install/cr7_moveit:/home/michael/dobot_ws/install/cr5_moveit:/home/michael/dobot_ws/install/cr3_moveit:/home/michael/dobot_ws/install/cr30h_moveit:/home/michael/dobot_ws/install/cr20_moveit:/home/michael/dobot_ws/install/cr16_moveit:/home/michael/dobot_ws/install/cr12_moveit:/home/michael/dobot_ws/install/cr10af_moveit:/home/michael/dobot_ws/install/cr10_moveit:/home/michael/dobot_ws/install/dobot_rviz:/home/michael/dobot_ws/install/cr_robot_ros2:/home/michael/dobot_ws/install/dobot_msgs_v4:/home/michael/dobot_ws/install/dobot_gazebo:/home/michael/dobot_ws/install/cra_description:/home/michael/dobot_ws/install/servo_action:/home/michael/dobot_ws/install/dobot_moveit:/home/michael/dobot_ws/install/dobot_demo:/opt/ros/humble /usr/bin/cmake --build /home/michael/dobot_ws/src/build/nova2_moveit -- -j2 -l2
[13.295s] DEBUG:colcon.colcon_core.event_handler.log_command:Invoked command in '/home/michael/dobot_ws/src/build/nova2_moveit' returned '0': AMENT_PREFIX_PATH=/home/michael/dobot_ws/src/install/dobot_rviz:${AMENT_PREFIX_PATH} CMAKE_PREFIX_PATH=/home/michael/dobot_ws/src/install/dobot_rviz:/home/michael/dobot_ws/install/nova5_moveit:/home/michael/dobot_ws/install/nova2_moveit:/home/michael/dobot_ws/install/me6_moveit:/home/michael/dobot_ws/install/cr7_moveit:/home/michael/dobot_ws/install/cr5_moveit:/home/michael/dobot_ws/install/cr3_moveit:/home/michael/dobot_ws/install/cr30h_moveit:/home/michael/dobot_ws/install/cr20_moveit:/home/michael/dobot_ws/install/cr16_moveit:/home/michael/dobot_ws/install/cr12_moveit:/home/michael/dobot_ws/install/cr10af_moveit:/home/michael/dobot_ws/install/cr10_moveit:/home/michael/dobot_ws/install/dobot_rviz:/home/michael/dobot_ws/install/cr_robot_ros2:/home/michael/dobot_ws/install/dobot_msgs_v4:/home/michael/dobot_ws/install/dobot_gazebo:/home/michael/dobot_ws/install/cra_description:/home/michael/dobot_ws/install/servo_action:/home/michael/dobot_ws/install/dobot_moveit:/home/michael/dobot_ws/install/dobot_demo:/opt/ros/humble /usr/bin/cmake --build /home/michael/dobot_ws/src/build/nova2_moveit -- -j2 -l2
[13.297s] DEBUG:colcon.colcon_core.event_handler.log_command:Invoking command in '/home/michael/dobot_ws/src/build/nova2_moveit': AMENT_PREFIX_PATH=/home/michael/dobot_ws/src/install/dobot_rviz:${AMENT_PREFIX_PATH} CMAKE_PREFIX_PATH=/home/michael/dobot_ws/src/install/dobot_rviz:/home/michael/dobot_ws/install/nova5_moveit:/home/michael/dobot_ws/install/nova2_moveit:/home/michael/dobot_ws/install/me6_moveit:/home/michael/dobot_ws/install/cr7_moveit:/home/michael/dobot_ws/install/cr5_moveit:/home/michael/dobot_ws/install/cr3_moveit:/home/michael/dobot_ws/install/cr30h_moveit:/home/michael/dobot_ws/install/cr20_moveit:/home/michael/dobot_ws/install/cr16_moveit:/home/michael/dobot_ws/install/cr12_moveit:/home/michael/dobot_ws/install/cr10af_moveit:/home/michael/dobot_ws/install/cr10_moveit:/home/michael/dobot_ws/install/dobot_rviz:/home/michael/dobot_ws/install/cr_robot_ros2:/home/michael/dobot_ws/install/dobot_msgs_v4:/home/michael/dobot_ws/install/dobot_gazebo:/home/michael/dobot_ws/install/cra_description:/home/michael/dobot_ws/install/servo_action:/home/michael/dobot_ws/install/dobot_moveit:/home/michael/dobot_ws/install/dobot_demo:/opt/ros/humble /usr/bin/cmake --install /home/michael/dobot_ws/src/build/nova2_moveit
[13.333s] Level 1:colcon.colcon_core.environment:create_environment_scripts_only(nova2_moveit)
[13.334s] Level 1:colcon.colcon_core.environment:checking '/home/michael/dobot_ws/src/install/nova2_moveit' for CMake module files
[13.334s] DEBUG:colcon.colcon_core.event_handler.log_command:Invoked command in '/home/michael/dobot_ws/src/build/nova2_moveit' returned '0': AMENT_PREFIX_PATH=/home/michael/dobot_ws/src/install/dobot_rviz:${AMENT_PREFIX_PATH} CMAKE_PREFIX_PATH=/home/michael/dobot_ws/src/install/dobot_rviz:/home/michael/dobot_ws/install/nova5_moveit:/home/michael/dobot_ws/install/nova2_moveit:/home/michael/dobot_ws/install/me6_moveit:/home/michael/dobot_ws/install/cr7_moveit:/home/michael/dobot_ws/install/cr5_moveit:/home/michael/dobot_ws/install/cr3_moveit:/home/michael/dobot_ws/install/cr30h_moveit:/home/michael/dobot_ws/install/cr20_moveit:/home/michael/dobot_ws/install/cr16_moveit:/home/michael/dobot_ws/install/cr12_moveit:/home/michael/dobot_ws/install/cr10af_moveit:/home/michael/dobot_ws/install/cr10_moveit:/home/michael/dobot_ws/install/dobot_rviz:/home/michael/dobot_ws/install/cr_robot_ros2:/home/michael/dobot_ws/install/dobot_msgs_v4:/home/michael/dobot_ws/install/dobot_gazebo:/home/michael/dobot_ws/install/cra_description:/home/michael/dobot_ws/install/servo_action:/home/michael/dobot_ws/install/dobot_moveit:/home/michael/dobot_ws/install/dobot_demo:/opt/ros/humble /usr/bin/cmake --install /home/michael/dobot_ws/src/build/nova2_moveit
[13.334s] Level 1:colcon.colcon_core.environment:checking '/home/michael/dobot_ws/src/install/nova2_moveit' for CMake config files
[13.334s] Level 1:colcon.colcon_core.shell:create_environment_hook('nova2_moveit', 'cmake_prefix_path')
[13.334s] INFO:colcon.colcon_core.shell:Creating environment hook '/home/michael/dobot_ws/src/install/nova2_moveit/share/nova2_moveit/hook/cmake_prefix_path.ps1'
[13.335s] INFO:colcon.colcon_core.shell:Creating environment descriptor '/home/michael/dobot_ws/src/install/nova2_moveit/share/nova2_moveit/hook/cmake_prefix_path.dsv'
[13.335s] INFO:colcon.colcon_core.shell:Creating environment hook '/home/michael/dobot_ws/src/install/nova2_moveit/share/nova2_moveit/hook/cmake_prefix_path.sh'
[13.336s] Level 1:colcon.colcon_core.environment:checking '/home/michael/dobot_ws/src/install/nova2_moveit/bin'
[13.336s] Level 1:colcon.colcon_core.environment:checking '/home/michael/dobot_ws/src/install/nova2_moveit/lib/pkgconfig/nova2_moveit.pc'
[13.337s] Level 1:colcon.colcon_core.environment:checking '/home/michael/dobot_ws/src/install/nova2_moveit/lib/python3.10/site-packages'
[13.337s] Level 1:colcon.colcon_core.environment:checking '/home/michael/dobot_ws/src/install/nova2_moveit/bin'
[13.337s] INFO:colcon.colcon_core.shell:Creating package script '/home/michael/dobot_ws/src/install/nova2_moveit/share/nova2_moveit/package.ps1'
[13.337s] INFO:colcon.colcon_core.shell:Creating package descriptor '/home/michael/dobot_ws/src/install/nova2_moveit/share/nova2_moveit/package.dsv'
[13.339s] INFO:colcon.colcon_core.shell:Creating package script '/home/michael/dobot_ws/src/install/nova2_moveit/share/nova2_moveit/package.sh'
[13.339s] INFO:colcon.colcon_core.shell:Creating package script '/home/michael/dobot_ws/src/install/nova2_moveit/share/nova2_moveit/package.bash'
[13.339s] INFO:colcon.colcon_core.shell:Creating package script '/home/michael/dobot_ws/src/install/nova2_moveit/share/nova2_moveit/package.zsh'
[13.340s] Level 1:colcon.colcon_core.environment:create_file_with_runtime_dependencies(/home/michael/dobot_ws/src/install/nova2_moveit/share/colcon-core/packages/nova2_moveit)
[13.340s] Level 1:colcon.colcon_core.environment:create_environment_scripts_only(nova2_moveit)
[13.340s] Level 1:colcon.colcon_core.environment:checking '/home/michael/dobot_ws/src/install/nova2_moveit' for CMake module files
[13.341s] Level 1:colcon.colcon_core.environment:checking '/home/michael/dobot_ws/src/install/nova2_moveit' for CMake config files
[13.341s] Level 1:colcon.colcon_core.shell:create_environment_hook('nova2_moveit', 'cmake_prefix_path')
[13.341s] INFO:colcon.colcon_core.shell:Creating environment hook '/home/michael/dobot_ws/src/install/nova2_moveit/share/nova2_moveit/hook/cmake_prefix_path.ps1'
[13.343s] INFO:colcon.colcon_core.shell:Creating environment descriptor '/home/michael/dobot_ws/src/install/nova2_moveit/share/nova2_moveit/hook/cmake_prefix_path.dsv'
[13.345s] INFO:colcon.colcon_core.shell:Creating environment hook '/home/michael/dobot_ws/src/install/nova2_moveit/share/nova2_moveit/hook/cmake_prefix_path.sh'
[13.345s] Level 1:colcon.colcon_core.environment:checking '/home/michael/dobot_ws/src/install/nova2_moveit/bin'
[13.345s] Level 1:colcon.colcon_core.environment:checking '/home/michael/dobot_ws/src/install/nova2_moveit/lib/pkgconfig/nova2_moveit.pc'
[13.345s] Level 1:colcon.colcon_core.environment:checking '/home/michael/dobot_ws/src/install/nova2_moveit/lib/python3.10/site-packages'
[13.345s] Level 1:colcon.colcon_core.environment:checking '/home/michael/dobot_ws/src/install/nova2_moveit/bin'
[13.347s] INFO:colcon.colcon_core.shell:Creating package script '/home/michael/dobot_ws/src/install/nova2_moveit/share/nova2_moveit/package.ps1'
[13.349s] INFO:colcon.colcon_core.shell:Creating package descriptor '/home/michael/dobot_ws/src/install/nova2_moveit/share/nova2_moveit/package.dsv'
[13.350s] INFO:colcon.colcon_core.shell:Creating package script '/home/michael/dobot_ws/src/install/nova2_moveit/share/nova2_moveit/package.sh'
[13.352s] INFO:colcon.colcon_core.shell:Creating package script '/home/michael/dobot_ws/src/install/nova2_moveit/share/nova2_moveit/package.bash'
[13.353s] INFO:colcon.colcon_core.shell:Creating package script '/home/michael/dobot_ws/src/install/nova2_moveit/share/nova2_moveit/package.zsh'
[13.354s] Level 1:colcon.colcon_core.environment:create_file_with_runtime_dependencies(/home/michael/dobot_ws/src/install/nova2_moveit/share/colcon-core/packages/nova2_moveit)
[13.356s] INFO:colcon.colcon_ros.task.ament_cmake.build:Building ROS package in '/home/michael/dobot_ws/src/DOBOT_6Axis_ROS2_V4/nova5_moveit' with build type 'ament_cmake'
[13.356s] INFO:colcon.colcon_cmake.task.cmake.build:Building CMake package in '/home/michael/dobot_ws/src/DOBOT_6Axis_ROS2_V4/nova5_moveit'
[13.356s] INFO:colcon.colcon_core.shell:Skip shell extension 'powershell' for command environment: Not usable outside of PowerShell
[13.356s] DEBUG:colcon.colcon_core.shell:Skip shell extension 'dsv' for command environment
[13.371s] DEBUG:colcon.colcon_core.event_handler.log_command:Invoking command in '/home/michael/dobot_ws/src/build/nova5_moveit': AMENT_PREFIX_PATH=/home/michael/dobot_ws/src/install/dobot_rviz:${AMENT_PREFIX_PATH} CMAKE_PREFIX_PATH=/home/michael/dobot_ws/src/install/dobot_rviz:/home/michael/dobot_ws/install/nova5_moveit:/home/michael/dobot_ws/install/nova2_moveit:/home/michael/dobot_ws/install/me6_moveit:/home/michael/dobot_ws/install/cr7_moveit:/home/michael/dobot_ws/install/cr5_moveit:/home/michael/dobot_ws/install/cr3_moveit:/home/michael/dobot_ws/install/cr30h_moveit:/home/michael/dobot_ws/install/cr20_moveit:/home/michael/dobot_ws/install/cr16_moveit:/home/michael/dobot_ws/install/cr12_moveit:/home/michael/dobot_ws/install/cr10af_moveit:/home/michael/dobot_ws/install/cr10_moveit:/home/michael/dobot_ws/install/dobot_rviz:/home/michael/dobot_ws/install/cr_robot_ros2:/home/michael/dobot_ws/install/dobot_msgs_v4:/home/michael/dobot_ws/install/dobot_gazebo:/home/michael/dobot_ws/install/cra_description:/home/michael/dobot_ws/install/servo_action:/home/michael/dobot_ws/install/dobot_moveit:/home/michael/dobot_ws/install/dobot_demo:/opt/ros/humble /usr/bin/cmake /home/michael/dobot_ws/src/DOBOT_6Axis_ROS2_V4/nova5_moveit -DCMAKE_INSTALL_PREFIX=/home/michael/dobot_ws/src/install/nova5_moveit
[14.014s] DEBUG:colcon.colcon_core.event_handler.log_command:Invoked command in '/home/michael/dobot_ws/src/build/nova5_moveit' returned '0': AMENT_PREFIX_PATH=/home/michael/dobot_ws/src/install/dobot_rviz:${AMENT_PREFIX_PATH} CMAKE_PREFIX_PATH=/home/michael/dobot_ws/src/install/dobot_rviz:/home/michael/dobot_ws/install/nova5_moveit:/home/michael/dobot_ws/install/nova2_moveit:/home/michael/dobot_ws/install/me6_moveit:/home/michael/dobot_ws/install/cr7_moveit:/home/michael/dobot_ws/install/cr5_moveit:/home/michael/dobot_ws/install/cr3_moveit:/home/michael/dobot_ws/install/cr30h_moveit:/home/michael/dobot_ws/install/cr20_moveit:/home/michael/dobot_ws/install/cr16_moveit:/home/michael/dobot_ws/install/cr12_moveit:/home/michael/dobot_ws/install/cr10af_moveit:/home/michael/dobot_ws/install/cr10_moveit:/home/michael/dobot_ws/install/dobot_rviz:/home/michael/dobot_ws/install/cr_robot_ros2:/home/michael/dobot_ws/install/dobot_msgs_v4:/home/michael/dobot_ws/install/dobot_gazebo:/home/michael/dobot_ws/install/cra_description:/home/michael/dobot_ws/install/servo_action:/home/michael/dobot_ws/install/dobot_moveit:/home/michael/dobot_ws/install/dobot_demo:/opt/ros/humble /usr/bin/cmake /home/michael/dobot_ws/src/DOBOT_6Axis_ROS2_V4/nova5_moveit -DCMAKE_INSTALL_PREFIX=/home/michael/dobot_ws/src/install/nova5_moveit
[14.014s] DEBUG:colcon.colcon_core.event_handler.log_command:Invoking command in '/home/michael/dobot_ws/src/build/nova5_moveit': AMENT_PREFIX_PATH=/home/michael/dobot_ws/src/install/dobot_rviz:${AMENT_PREFIX_PATH} CMAKE_PREFIX_PATH=/home/michael/dobot_ws/src/install/dobot_rviz:/home/michael/dobot_ws/install/nova5_moveit:/home/michael/dobot_ws/install/nova2_moveit:/home/michael/dobot_ws/install/me6_moveit:/home/michael/dobot_ws/install/cr7_moveit:/home/michael/dobot_ws/install/cr5_moveit:/home/michael/dobot_ws/install/cr3_moveit:/home/michael/dobot_ws/install/cr30h_moveit:/home/michael/dobot_ws/install/cr20_moveit:/home/michael/dobot_ws/install/cr16_moveit:/home/michael/dobot_ws/install/cr12_moveit:/home/michael/dobot_ws/install/cr10af_moveit:/home/michael/dobot_ws/install/cr10_moveit:/home/michael/dobot_ws/install/dobot_rviz:/home/michael/dobot_ws/install/cr_robot_ros2:/home/michael/dobot_ws/install/dobot_msgs_v4:/home/michael/dobot_ws/install/dobot_gazebo:/home/michael/dobot_ws/install/cra_description:/home/michael/dobot_ws/install/servo_action:/home/michael/dobot_ws/install/dobot_moveit:/home/michael/dobot_ws/install/dobot_demo:/opt/ros/humble /usr/bin/cmake --build /home/michael/dobot_ws/src/build/nova5_moveit -- -j2 -l2
[14.070s] DEBUG:colcon.colcon_core.event_handler.log_command:Invoked command in '/home/michael/dobot_ws/src/build/nova5_moveit' returned '0': AMENT_PREFIX_PATH=/home/michael/dobot_ws/src/install/dobot_rviz:${AMENT_PREFIX_PATH} CMAKE_PREFIX_PATH=/home/michael/dobot_ws/src/install/dobot_rviz:/home/michael/dobot_ws/install/nova5_moveit:/home/michael/dobot_ws/install/nova2_moveit:/home/michael/dobot_ws/install/me6_moveit:/home/michael/dobot_ws/install/cr7_moveit:/home/michael/dobot_ws/install/cr5_moveit:/home/michael/dobot_ws/install/cr3_moveit:/home/michael/dobot_ws/install/cr30h_moveit:/home/michael/dobot_ws/install/cr20_moveit:/home/michael/dobot_ws/install/cr16_moveit:/home/michael/dobot_ws/install/cr12_moveit:/home/michael/dobot_ws/install/cr10af_moveit:/home/michael/dobot_ws/install/cr10_moveit:/home/michael/dobot_ws/install/dobot_rviz:/home/michael/dobot_ws/install/cr_robot_ros2:/home/michael/dobot_ws/install/dobot_msgs_v4:/home/michael/dobot_ws/install/dobot_gazebo:/home/michael/dobot_ws/install/cra_description:/home/michael/dobot_ws/install/servo_action:/home/michael/dobot_ws/install/dobot_moveit:/home/michael/dobot_ws/install/dobot_demo:/opt/ros/humble /usr/bin/cmake --build /home/michael/dobot_ws/src/build/nova5_moveit -- -j2 -l2
[14.070s] DEBUG:colcon.colcon_core.event_handler.log_command:Invoking command in '/home/michael/dobot_ws/src/build/nova5_moveit': AMENT_PREFIX_PATH=/home/michael/dobot_ws/src/install/dobot_rviz:${AMENT_PREFIX_PATH} CMAKE_PREFIX_PATH=/home/michael/dobot_ws/src/install/dobot_rviz:/home/michael/dobot_ws/install/nova5_moveit:/home/michael/dobot_ws/install/nova2_moveit:/home/michael/dobot_ws/install/me6_moveit:/home/michael/dobot_ws/install/cr7_moveit:/home/michael/dobot_ws/install/cr5_moveit:/home/michael/dobot_ws/install/cr3_moveit:/home/michael/dobot_ws/install/cr30h_moveit:/home/michael/dobot_ws/install/cr20_moveit:/home/michael/dobot_ws/install/cr16_moveit:/home/michael/dobot_ws/install/cr12_moveit:/home/michael/dobot_ws/install/cr10af_moveit:/home/michael/dobot_ws/install/cr10_moveit:/home/michael/dobot_ws/install/dobot_rviz:/home/michael/dobot_ws/install/cr_robot_ros2:/home/michael/dobot_ws/install/dobot_msgs_v4:/home/michael/dobot_ws/install/dobot_gazebo:/home/michael/dobot_ws/install/cra_description:/home/michael/dobot_ws/install/servo_action:/home/michael/dobot_ws/install/dobot_moveit:/home/michael/dobot_ws/install/dobot_demo:/opt/ros/humble /usr/bin/cmake --install /home/michael/dobot_ws/src/build/nova5_moveit
[14.103s] Level 1:colcon.colcon_core.environment:create_environment_scripts_only(nova5_moveit)
[14.104s] Level 1:colcon.colcon_core.environment:checking '/home/michael/dobot_ws/src/install/nova5_moveit' for CMake module files
[14.104s] DEBUG:colcon.colcon_core.event_handler.log_command:Invoked command in '/home/michael/dobot_ws/src/build/nova5_moveit' returned '0': AMENT_PREFIX_PATH=/home/michael/dobot_ws/src/install/dobot_rviz:${AMENT_PREFIX_PATH} CMAKE_PREFIX_PATH=/home/michael/dobot_ws/src/install/dobot_rviz:/home/michael/dobot_ws/install/nova5_moveit:/home/michael/dobot_ws/install/nova2_moveit:/home/michael/dobot_ws/install/me6_moveit:/home/michael/dobot_ws/install/cr7_moveit:/home/michael/dobot_ws/install/cr5_moveit:/home/michael/dobot_ws/install/cr3_moveit:/home/michael/dobot_ws/install/cr30h_moveit:/home/michael/dobot_ws/install/cr20_moveit:/home/michael/dobot_ws/install/cr16_moveit:/home/michael/dobot_ws/install/cr12_moveit:/home/michael/dobot_ws/install/cr10af_moveit:/home/michael/dobot_ws/install/cr10_moveit:/home/michael/dobot_ws/install/dobot_rviz:/home/michael/dobot_ws/install/cr_robot_ros2:/home/michael/dobot_ws/install/dobot_msgs_v4:/home/michael/dobot_ws/install/dobot_gazebo:/home/michael/dobot_ws/install/cra_description:/home/michael/dobot_ws/install/servo_action:/home/michael/dobot_ws/install/dobot_moveit:/home/michael/dobot_ws/install/dobot_demo:/opt/ros/humble /usr/bin/cmake --install /home/michael/dobot_ws/src/build/nova5_moveit
[14.105s] Level 1:colcon.colcon_core.environment:checking '/home/michael/dobot_ws/src/install/nova5_moveit' for CMake config files
[14.105s] Level 1:colcon.colcon_core.shell:create_environment_hook('nova5_moveit', 'cmake_prefix_path')
[14.105s] INFO:colcon.colcon_core.shell:Creating environment hook '/home/michael/dobot_ws/src/install/nova5_moveit/share/nova5_moveit/hook/cmake_prefix_path.ps1'
[14.106s] INFO:colcon.colcon_core.shell:Creating environment descriptor '/home/michael/dobot_ws/src/install/nova5_moveit/share/nova5_moveit/hook/cmake_prefix_path.dsv'
[14.107s] INFO:colcon.colcon_core.shell:Creating environment hook '/home/michael/dobot_ws/src/install/nova5_moveit/share/nova5_moveit/hook/cmake_prefix_path.sh'
[14.107s] Level 1:colcon.colcon_core.environment:checking '/home/michael/dobot_ws/src/install/nova5_moveit/bin'
[14.107s] Level 1:colcon.colcon_core.environment:checking '/home/michael/dobot_ws/src/install/nova5_moveit/lib/pkgconfig/nova5_moveit.pc'
[14.107s] Level 1:colcon.colcon_core.environment:checking '/home/michael/dobot_ws/src/install/nova5_moveit/lib/python3.10/site-packages'
[14.108s] Level 1:colcon.colcon_core.environment:checking '/home/michael/dobot_ws/src/install/nova5_moveit/bin'
[14.108s] INFO:colcon.colcon_core.shell:Creating package script '/home/michael/dobot_ws/src/install/nova5_moveit/share/nova5_moveit/package.ps1'
[14.108s] INFO:colcon.colcon_core.shell:Creating package descriptor '/home/michael/dobot_ws/src/install/nova5_moveit/share/nova5_moveit/package.dsv'
[14.109s] INFO:colcon.colcon_core.shell:Creating package script '/home/michael/dobot_ws/src/install/nova5_moveit/share/nova5_moveit/package.sh'
[14.109s] INFO:colcon.colcon_core.shell:Creating package script '/home/michael/dobot_ws/src/install/nova5_moveit/share/nova5_moveit/package.bash'
[14.109s] INFO:colcon.colcon_core.shell:Creating package script '/home/michael/dobot_ws/src/install/nova5_moveit/share/nova5_moveit/package.zsh'
[14.109s] Level 1:colcon.colcon_core.environment:create_file_with_runtime_dependencies(/home/michael/dobot_ws/src/install/nova5_moveit/share/colcon-core/packages/nova5_moveit)
[14.110s] Level 1:colcon.colcon_core.environment:create_environment_scripts_only(nova5_moveit)
[14.110s] Level 1:colcon.colcon_core.environment:checking '/home/michael/dobot_ws/src/install/nova5_moveit' for CMake module files
[14.111s] Level 1:colcon.colcon_core.environment:checking '/home/michael/dobot_ws/src/install/nova5_moveit' for CMake config files
[14.111s] Level 1:colcon.colcon_core.shell:create_environment_hook('nova5_moveit', 'cmake_prefix_path')
[14.111s] INFO:colcon.colcon_core.shell:Creating environment hook '/home/michael/dobot_ws/src/install/nova5_moveit/share/nova5_moveit/hook/cmake_prefix_path.ps1'
[14.112s] INFO:colcon.colcon_core.shell:Creating environment descriptor '/home/michael/dobot_ws/src/install/nova5_moveit/share/nova5_moveit/hook/cmake_prefix_path.dsv'
[14.112s] INFO:colcon.colcon_core.shell:Creating environment hook '/home/michael/dobot_ws/src/install/nova5_moveit/share/nova5_moveit/hook/cmake_prefix_path.sh'
[14.114s] Level 1:colcon.colcon_core.environment:checking '/home/michael/dobot_ws/src/install/nova5_moveit/bin'
[14.114s] Level 1:colcon.colcon_core.environment:checking '/home/michael/dobot_ws/src/install/nova5_moveit/lib/pkgconfig/nova5_moveit.pc'
[14.114s] Level 1:colcon.colcon_core.environment:checking '/home/michael/dobot_ws/src/install/nova5_moveit/lib/python3.10/site-packages'
[14.114s] Level 1:colcon.colcon_core.environment:checking '/home/michael/dobot_ws/src/install/nova5_moveit/bin'
[14.114s] INFO:colcon.colcon_core.shell:Creating package script '/home/michael/dobot_ws/src/install/nova5_moveit/share/nova5_moveit/package.ps1'
[14.115s] INFO:colcon.colcon_core.shell:Creating package descriptor '/home/michael/dobot_ws/src/install/nova5_moveit/share/nova5_moveit/package.dsv'
[14.116s] INFO:colcon.colcon_core.shell:Creating package script '/home/michael/dobot_ws/src/install/nova5_moveit/share/nova5_moveit/package.sh'
[14.116s] INFO:colcon.colcon_core.shell:Creating package script '/home/michael/dobot_ws/src/install/nova5_moveit/share/nova5_moveit/package.bash'
[14.117s] INFO:colcon.colcon_core.shell:Creating package script '/home/michael/dobot_ws/src/install/nova5_moveit/share/nova5_moveit/package.zsh'
[14.117s] Level 1:colcon.colcon_core.environment:create_file_with_runtime_dependencies(/home/michael/dobot_ws/src/install/nova5_moveit/share/colcon-core/packages/nova5_moveit)
[18.443s] DEBUG:colcon.colcon_parallel_executor.executor.parallel:run_until_complete was interrupted
[18.443s] DEBUG:colcon.colcon_parallel_executor.executor.parallel:run_until_complete again
[18.445s] DEBUG:colcon.colcon_core.event_handler.log_command:Invoked command in '/home/michael/dobot_ws/src/build/dobot_msgs_v4' returned '-2': CMAKE_PREFIX_PATH=${CMAKE_PREFIX_PATH}:/home/michael/dobot_ws/install/servo_action:/home/michael/dobot_ws/install/dobot_moveit:/home/michael/dobot_ws/install/dobot_demo:/opt/ros/humble /usr/bin/cmake --build /home/michael/dobot_ws/src/build/dobot_msgs_v4 -- -j2 -l2
[18.445s] Level 1:colcon.colcon_core.environment:create_environment_scripts_only(dobot_msgs_v4)
[18.445s] Level 1:colcon.colcon_core.environment:checking '/home/michael/dobot_ws/src/install/dobot_msgs_v4' for CMake module files
[18.445s] Level 1:colcon.colcon_core.environment:checking '/home/michael/dobot_ws/src/install/dobot_msgs_v4' for CMake config files
[18.445s] Level 1:colcon.colcon_core.environment:checking '/home/michael/dobot_ws/src/install/dobot_msgs_v4/bin'
[18.445s] Level 1:colcon.colcon_core.environment:checking '/home/michael/dobot_ws/src/install/dobot_msgs_v4/lib/pkgconfig/dobot_msgs_v4.pc'
[18.446s] Level 1:colcon.colcon_core.environment:checking '/home/michael/dobot_ws/src/install/dobot_msgs_v4/lib/python3.10/site-packages'
[18.446s] Level 1:colcon.colcon_core.environment:checking '/home/michael/dobot_ws/src/install/dobot_msgs_v4/bin'
[18.446s] INFO:colcon.colcon_core.shell:Creating package script '/home/michael/dobot_ws/src/install/dobot_msgs_v4/share/dobot_msgs_v4/package.ps1'
[18.446s] INFO:colcon.colcon_core.shell:Creating package descriptor '/home/michael/dobot_ws/src/install/dobot_msgs_v4/share/dobot_msgs_v4/package.dsv'
[18.446s] INFO:colcon.colcon_core.shell:Creating package script '/home/michael/dobot_ws/src/install/dobot_msgs_v4/share/dobot_msgs_v4/package.sh'
[18.447s] INFO:colcon.colcon_core.shell:Creating package script '/home/michael/dobot_ws/src/install/dobot_msgs_v4/share/dobot_msgs_v4/package.bash'
[18.447s] INFO:colcon.colcon_core.shell:Creating package script '/home/michael/dobot_ws/src/install/dobot_msgs_v4/share/dobot_msgs_v4/package.zsh'
[18.447s] Level 1:colcon.colcon_core.environment:create_file_with_runtime_dependencies(/home/michael/dobot_ws/src/install/dobot_msgs_v4/share/colcon-core/packages/dobot_msgs_v4)
[18.457s] DEBUG:colcon.colcon_parallel_executor.executor.parallel:run_until_complete finished
[18.457s] DEBUG:colcon.colcon_parallel_executor.executor.parallel:closing loop
[18.457s] DEBUG:colcon.colcon_parallel_executor.executor.parallel:loop closed
[18.457s] DEBUG:colcon.colcon_core.event_reactor:joining thread
[18.465s] INFO:colcon.colcon_core.plugin_system:Skipping extension 'colcon_notification.desktop_notification.terminal_notifier': Not used on non-Darwin systems
[18.465s] INFO:colcon.colcon_core.plugin_system:Skipping extension 'colcon_notification.desktop_notification.win32': Not used on non-Windows systems
[18.465s] INFO:colcon.colcon_notification.desktop_notification:Sending desktop notification using 'notify2'
[18.478s] DEBUG:colcon.colcon_core.event_reactor:joined thread
[18.479s] INFO:colcon.colcon_core.shell:Creating prefix script '/home/michael/dobot_ws/src/install/local_setup.ps1'
[18.480s] INFO:colcon.colcon_core.shell:Creating prefix util module '/home/michael/dobot_ws/src/install/_local_setup_util_ps1.py'
[18.481s] INFO:colcon.colcon_core.shell:Creating prefix chain script '/home/michael/dobot_ws/src/install/setup.ps1'
[18.483s] INFO:colcon.colcon_core.shell:Creating prefix script '/home/michael/dobot_ws/src/install/local_setup.sh'
[18.484s] INFO:colcon.colcon_core.shell:Creating prefix util module '/home/michael/dobot_ws/src/install/_local_setup_util_sh.py'
[18.484s] INFO:colcon.colcon_core.shell:Creating prefix chain script '/home/michael/dobot_ws/src/install/setup.sh'
[18.485s] INFO:colcon.colcon_core.shell:Creating prefix script '/home/michael/dobot_ws/src/install/local_setup.bash'
[18.485s] INFO:colcon.colcon_core.shell:Creating prefix chain script '/home/michael/dobot_ws/src/install/setup.bash'
[18.486s] INFO:colcon.colcon_core.shell:Creating prefix script '/home/michael/dobot_ws/src/install/local_setup.zsh'
[18.487s] INFO:colcon.colcon_core.shell:Creating prefix chain script '/home/michael/dobot_ws/src/install/setup.zsh'
